method,task,train_seed,eval_seed,checkpoint,episode,success,steps,included_in_box,source
ActMem-VLA,1,0,10001,500,0,1,133,1,/data/libero_mem_baseline/a100_local_eval_20260910/evaluations/gradientfix-v1-t1-s0-c500-e10001/audited_summary.json
ActMem-VLA,1,0,10001,500,1,1,124,1,/data/libero_mem_baseline/a100_local_eval_20260910/evaluations/gradientfix-v1-t1-s0-c500-e10001/audited_summary.json
ActMem-VLA,1,0,10001,500,2,1,130,1,/data/libero_mem_baseline/a100_local_eval_20260910/evaluations/gradientfix-v1-t1-s0-c500-e10001/audited_summary.json
ActMem-VLA,1,0,10001,500,3,1,116,1,/data/libero_mem_baseline/a100_local_eval_20260910/evaluations/gradientfix-v1-t1-s0-c500-e10001/audited_summary.json
ActMem-VLA,1,0,10001,500,4,1,130,1,/data/libero_mem_baseline/a100_local_eval_20260910/evaluations/gradientfix-v1-t1-s0-c500-e10001/audited_summary.json
ActMem-VLA,1,0,10001,500,5,1,135,1,/data/libero_mem_baseline/a100_local_eval_20260910/evaluations/gradientfix-v1-t1-s0-c500-e10001/audited_summary.json
ActMem-VLA,1,0,10001,500,6,1,108,1,/data/libero_mem_baseline/a100_local_eval_20260910/evaluations/gradientfix-v1-t1-s0-c500-e10001/audited_summary.json
ActMem-VLA,1,0,10001,500,7,1,124,1,/data/libero_mem_baseline/a100_local_eval_20260910/evaluations/gradientfix-v1-t1-s0-c500-e10001/audited_summary.json
ActMem-VLA,1,0,10001,500,8,1,130,1,/data/libero_mem_baseline/a100_local_eval_20260910/evaluations/gradientfix-v1-t1-s0-c500-e10001/audited_summary.json
ActMem-VLA,1,0,10001,500,9,1,135,1,/data/libero_mem_baseline/a100_local_eval_20260910/evaluations/gradientfix-v1-t1-s0-c500-e10001/audited_summary.json
ActMem-VLA,1,0,10001,500,10,1,117,1,/data/libero_mem_baseline/a100_local_eval_20260910/evaluations/gradientfix-v1-t1-s0-c500-e10001/audited_summary.json
ActMem-VLA,1,0,10001,500,11,1,187,1,/data/libero_mem_baseline/a100_local_eval_20260910/evaluations/gradientfix-v1-t1-s0-c500-e10001/audited_summary.json
ActMem-VLA,1,0,10001,500,12,1,128,1,/data/libero_mem_baseline/a100_local_eval_20260910/evaluations/gradientfix-v1-t1-s0-c500-e10001/audited_summary.json
ActMem-VLA,1,0,10001,500,13,1,95,1,/data/libero_mem_baseline/a100_local_eval_20260910/evaluations/gradientfix-v1-t1-s0-c500-e10001/audited_summary.json
ActMem-VLA,1,0,10001,500,14,1,119,1,/data/libero_mem_baseline/a100_local_eval_20260910/evaluations/gradientfix-v1-t1-s0-c500-e10001/audited_summary.json
ActMem-VLA,1,0,10001,500,15,1,174,1,/data/libero_mem_baseline/a100_local_eval_20260910/evaluations/gradientfix-v1-t1-s0-c500-e10001/audited_summary.json
ActMem-VLA,1,0,10001,500,16,1,125,1,/data/libero_mem_baseline/a100_local_eval_20260910/evaluations/gradientfix-v1-t1-s0-c500-e10001/audited_summary.json
ActMem-VLA,1,0,10001,500,17,1,130,1,/data/libero_mem_baseline/a100_local_eval_20260910/evaluations/gradientfix-v1-t1-s0-c500-e10001/audited_summary.json
ActMem-VLA,1,0,10001,500,18,1,128,1,/data/libero_mem_baseline/a100_local_eval_20260910/evaluations/gradientfix-v1-t1-s0-c500-e10001/audited_summary.json
ActMem-VLA,1,0,10001,500,19,1,133,1,/data/libero_mem_baseline/a100_local_eval_20260910/evaluations/gradientfix-v1-t1-s0-c500-e10001/audited_summary.json
ActMem-VLA,1,0,10002,500,0,1,126,1,/data/libero_mem_baseline/a100_local_eval_20260910/evaluations/gradientfix-v1-t1-s0-c500-e10002/audited_summary.json
ActMem-VLA,1,0,10002,500,1,1,122,1,/data/libero_mem_baseline/a100_local_eval_20260910/evaluations/gradientfix-v1-t1-s0-c500-e10002/audited_summary.json
ActMem-VLA,1,0,10002,500,2,1,122,1,/data/libero_mem_baseline/a100_local_eval_20260910/evaluations/gradientfix-v1-t1-s0-c500-e10002/audited_summary.json
ActMem-VLA,1,0,10002,500,3,1,127,1,/data/libero_mem_baseline/a100_local_eval_20260910/evaluations/gradientfix-v1-t1-s0-c500-e10002/audited_summary.json
ActMem-VLA,1,0,10002,500,4,1,146,1,/data/libero_mem_baseline/a100_local_eval_20260910/evaluations/gradientfix-v1-t1-s0-c500-e10002/audited_summary.json
ActMem-VLA,1,0,10002,500,5,1,121,1,/data/libero_mem_baseline/a100_local_eval_20260910/evaluations/gradientfix-v1-t1-s0-c500-e10002/audited_summary.json
ActMem-VLA,1,0,10002,500,6,1,118,1,/data/libero_mem_baseline/a100_local_eval_20260910/evaluations/gradientfix-v1-t1-s0-c500-e10002/audited_summary.json
ActMem-VLA,1,0,10002,500,7,1,98,1,/data/libero_mem_baseline/a100_local_eval_20260910/evaluations/gradientfix-v1-t1-s0-c500-e10002/audited_summary.json
ActMem-VLA,1,0,10002,500,8,1,120,1,/data/libero_mem_baseline/a100_local_eval_20260910/evaluations/gradientfix-v1-t1-s0-c500-e10002/audited_summary.json
ActMem-VLA,1,0,10002,500,9,1,210,1,/data/libero_mem_baseline/a100_local_eval_20260910/evaluations/gradientfix-v1-t1-s0-c500-e10002/audited_summary.json
ActMem-VLA,1,0,10002,500,10,1,124,1,/data/libero_mem_baseline/a100_local_eval_20260910/evaluations/gradientfix-v1-t1-s0-c500-e10002/audited_summary.json
ActMem-VLA,1,0,10002,500,11,1,164,1,/data/libero_mem_baseline/a100_local_eval_20260910/evaluations/gradientfix-v1-t1-s0-c500-e10002/audited_summary.json
ActMem-VLA,1,0,10002,500,12,1,129,1,/data/libero_mem_baseline/a100_local_eval_20260910/evaluations/gradientfix-v1-t1-s0-c500-e10002/audited_summary.json
ActMem-VLA,1,0,10002,500,13,1,132,1,/data/libero_mem_baseline/a100_local_eval_20260910/evaluations/gradientfix-v1-t1-s0-c500-e10002/audited_summary.json
ActMem-VLA,1,0,10002,500,14,1,116,1,/data/libero_mem_baseline/a100_local_eval_20260910/evaluations/gradientfix-v1-t1-s0-c500-e10002/audited_summary.json
ActMem-VLA,1,0,10002,500,15,1,136,1,/data/libero_mem_baseline/a100_local_eval_20260910/evaluations/gradientfix-v1-t1-s0-c500-e10002/audited_summary.json
ActMem-VLA,1,0,10002,500,16,1,128,1,/data/libero_mem_baseline/a100_local_eval_20260910/evaluations/gradientfix-v1-t1-s0-c500-e10002/audited_summary.json
ActMem-VLA,1,0,10002,500,17,1,133,1,/data/libero_mem_baseline/a100_local_eval_20260910/evaluations/gradientfix-v1-t1-s0-c500-e10002/audited_summary.json
ActMem-VLA,1,0,10002,500,18,1,118,1,/data/libero_mem_baseline/a100_local_eval_20260910/evaluations/gradientfix-v1-t1-s0-c500-e10002/audited_summary.json
ActMem-VLA,1,0,10002,500,19,1,100,1,/data/libero_mem_baseline/a100_local_eval_20260910/evaluations/gradientfix-v1-t1-s0-c500-e10002/audited_summary.json
ActMem-VLA,1,0,10003,500,0,1,143,1,/data/libero_mem_baseline/a100_local_eval_20260910/evaluations/gradientfix-v1-t1-s0-c500-e10003/audited_summary.json
ActMem-VLA,1,0,10003,500,1,1,130,1,/data/libero_mem_baseline/a100_local_eval_20260910/evaluations/gradientfix-v1-t1-s0-c500-e10003/audited_summary.json
ActMem-VLA,1,0,10003,500,2,1,137,1,/data/libero_mem_baseline/a100_local_eval_20260910/evaluations/gradientfix-v1-t1-s0-c500-e10003/audited_summary.json
ActMem-VLA,1,0,10003,500,3,1,89,1,/data/libero_mem_baseline/a100_local_eval_20260910/evaluations/gradientfix-v1-t1-s0-c500-e10003/audited_summary.json
ActMem-VLA,1,0,10003,500,4,1,132,1,/data/libero_mem_baseline/a100_local_eval_20260910/evaluations/gradientfix-v1-t1-s0-c500-e10003/audited_summary.json
ActMem-VLA,1,0,10003,500,5,1,125,1,/data/libero_mem_baseline/a100_local_eval_20260910/evaluations/gradientfix-v1-t1-s0-c500-e10003/audited_summary.json
ActMem-VLA,1,0,10003,500,6,1,105,1,/data/libero_mem_baseline/a100_local_eval_20260910/evaluations/gradientfix-v1-t1-s0-c500-e10003/audited_summary.json
ActMem-VLA,1,0,10003,500,7,1,97,1,/data/libero_mem_baseline/a100_local_eval_20260910/evaluations/gradientfix-v1-t1-s0-c500-e10003/audited_summary.json
ActMem-VLA,1,0,10003,500,8,1,122,1,/data/libero_mem_baseline/a100_local_eval_20260910/evaluations/gradientfix-v1-t1-s0-c500-e10003/audited_summary.json
ActMem-VLA,1,0,10003,500,9,1,121,1,/data/libero_mem_baseline/a100_local_eval_20260910/evaluations/gradientfix-v1-t1-s0-c500-e10003/audited_summary.json
ActMem-VLA,1,0,10003,500,10,1,212,1,/data/libero_mem_baseline/a100_local_eval_20260910/evaluations/gradientfix-v1-t1-s0-c500-e10003/audited_summary.json
ActMem-VLA,1,0,10003,500,11,1,131,1,/data/libero_mem_baseline/a100_local_eval_20260910/evaluations/gradientfix-v1-t1-s0-c500-e10003/audited_summary.json
ActMem-VLA,1,0,10003,500,12,1,127,1,/data/libero_mem_baseline/a100_local_eval_20260910/evaluations/gradientfix-v1-t1-s0-c500-e10003/audited_summary.json
ActMem-VLA,1,0,10003,500,13,1,126,1,/data/libero_mem_baseline/a100_local_eval_20260910/evaluations/gradientfix-v1-t1-s0-c500-e10003/audited_summary.json
ActMem-VLA,1,0,10003,500,14,1,112,1,/data/libero_mem_baseline/a100_local_eval_20260910/evaluations/gradientfix-v1-t1-s0-c500-e10003/audited_summary.json
ActMem-VLA,1,0,10003,500,15,1,121,1,/data/libero_mem_baseline/a100_local_eval_20260910/evaluations/gradientfix-v1-t1-s0-c500-e10003/audited_summary.json
ActMem-VLA,1,0,10003,500,16,1,122,1,/data/libero_mem_baseline/a100_local_eval_20260910/evaluations/gradientfix-v1-t1-s0-c500-e10003/audited_summary.json
ActMem-VLA,1,0,10003,500,17,1,128,1,/data/libero_mem_baseline/a100_local_eval_20260910/evaluations/gradientfix-v1-t1-s0-c500-e10003/audited_summary.json
ActMem-VLA,1,0,10003,500,18,1,124,1,/data/libero_mem_baseline/a100_local_eval_20260910/evaluations/gradientfix-v1-t1-s0-c500-e10003/audited_summary.json
ActMem-VLA,1,0,10003,500,19,1,126,1,/data/libero_mem_baseline/a100_local_eval_20260910/evaluations/gradientfix-v1-t1-s0-c500-e10003/audited_summary.json
ActMem-VLA,1,1,10001,500,0,1,133,1,/data/libero_mem_baseline/a100_local_eval_20260910/evaluations/gradientfix-v1-t1-s1-c500-e10001/audited_summary.json
ActMem-VLA,1,1,10001,500,1,1,126,1,/data/libero_mem_baseline/a100_local_eval_20260910/evaluations/gradientfix-v1-t1-s1-c500-e10001/audited_summary.json
ActMem-VLA,1,1,10001,500,2,1,169,1,/data/libero_mem_baseline/a100_local_eval_20260910/evaluations/gradientfix-v1-t1-s1-c500-e10001/audited_summary.json
ActMem-VLA,1,1,10001,500,3,1,124,1,/data/libero_mem_baseline/a100_local_eval_20260910/evaluations/gradientfix-v1-t1-s1-c500-e10001/audited_summary.json
ActMem-VLA,1,1,10001,500,4,1,131,1,/data/libero_mem_baseline/a100_local_eval_20260910/evaluations/gradientfix-v1-t1-s1-c500-e10001/audited_summary.json
ActMem-VLA,1,1,10001,500,5,1,127,1,/data/libero_mem_baseline/a100_local_eval_20260910/evaluations/gradientfix-v1-t1-s1-c500-e10001/audited_summary.json
ActMem-VLA,1,1,10001,500,6,1,120,1,/data/libero_mem_baseline/a100_local_eval_20260910/evaluations/gradientfix-v1-t1-s1-c500-e10001/audited_summary.json
ActMem-VLA,1,1,10001,500,7,1,111,1,/data/libero_mem_baseline/a100_local_eval_20260910/evaluations/gradientfix-v1-t1-s1-c500-e10001/audited_summary.json
ActMem-VLA,1,1,10001,500,8,1,202,1,/data/libero_mem_baseline/a100_local_eval_20260910/evaluations/gradientfix-v1-t1-s1-c500-e10001/audited_summary.json
ActMem-VLA,1,1,10001,500,9,1,130,1,/data/libero_mem_baseline/a100_local_eval_20260910/evaluations/gradientfix-v1-t1-s1-c500-e10001/audited_summary.json
ActMem-VLA,1,1,10001,500,10,1,244,1,/data/libero_mem_baseline/a100_local_eval_20260910/evaluations/gradientfix-v1-t1-s1-c500-e10001/audited_summary.json
ActMem-VLA,1,1,10001,500,11,1,171,1,/data/libero_mem_baseline/a100_local_eval_20260910/evaluations/gradientfix-v1-t1-s1-c500-e10001/audited_summary.json
ActMem-VLA,1,1,10001,500,12,1,123,1,/data/libero_mem_baseline/a100_local_eval_20260910/evaluations/gradientfix-v1-t1-s1-c500-e10001/audited_summary.json
ActMem-VLA,1,1,10001,500,13,1,127,1,/data/libero_mem_baseline/a100_local_eval_20260910/evaluations/gradientfix-v1-t1-s1-c500-e10001/audited_summary.json
ActMem-VLA,1,1,10001,500,14,1,154,1,/data/libero_mem_baseline/a100_local_eval_20260910/evaluations/gradientfix-v1-t1-s1-c500-e10001/audited_summary.json
ActMem-VLA,1,1,10001,500,15,1,101,1,/data/libero_mem_baseline/a100_local_eval_20260910/evaluations/gradientfix-v1-t1-s1-c500-e10001/audited_summary.json
ActMem-VLA,1,1,10001,500,16,1,108,1,/data/libero_mem_baseline/a100_local_eval_20260910/evaluations/gradientfix-v1-t1-s1-c500-e10001/audited_summary.json
ActMem-VLA,1,1,10001,500,17,1,169,1,/data/libero_mem_baseline/a100_local_eval_20260910/evaluations/gradientfix-v1-t1-s1-c500-e10001/audited_summary.json
ActMem-VLA,1,1,10001,500,18,1,125,1,/data/libero_mem_baseline/a100_local_eval_20260910/evaluations/gradientfix-v1-t1-s1-c500-e10001/audited_summary.json
ActMem-VLA,1,1,10001,500,19,1,169,1,/data/libero_mem_baseline/a100_local_eval_20260910/evaluations/gradientfix-v1-t1-s1-c500-e10001/audited_summary.json
ActMem-VLA,1,1,10002,500,0,1,118,1,/data/libero_mem_baseline/a100_local_eval_20260910/evaluations/gradientfix-v1-t1-s1-c500-e10002/audited_summary.json
ActMem-VLA,1,1,10002,500,1,1,115,1,/data/libero_mem_baseline/a100_local_eval_20260910/evaluations/gradientfix-v1-t1-s1-c500-e10002/audited_summary.json
ActMem-VLA,1,1,10002,500,2,1,125,1,/data/libero_mem_baseline/a100_local_eval_20260910/evaluations/gradientfix-v1-t1-s1-c500-e10002/audited_summary.json
ActMem-VLA,1,1,10002,500,3,1,100,1,/data/libero_mem_baseline/a100_local_eval_20260910/evaluations/gradientfix-v1-t1-s1-c500-e10002/audited_summary.json
ActMem-VLA,1,1,10002,500,4,1,167,1,/data/libero_mem_baseline/a100_local_eval_20260910/evaluations/gradientfix-v1-t1-s1-c500-e10002/audited_summary.json
ActMem-VLA,1,1,10002,500,5,1,130,1,/data/libero_mem_baseline/a100_local_eval_20260910/evaluations/gradientfix-v1-t1-s1-c500-e10002/audited_summary.json
ActMem-VLA,1,1,10002,500,6,1,134,1,/data/libero_mem_baseline/a100_local_eval_20260910/evaluations/gradientfix-v1-t1-s1-c500-e10002/audited_summary.json
ActMem-VLA,1,1,10002,500,7,1,116,1,/data/libero_mem_baseline/a100_local_eval_20260910/evaluations/gradientfix-v1-t1-s1-c500-e10002/audited_summary.json
ActMem-VLA,1,1,10002,500,8,1,127,1,/data/libero_mem_baseline/a100_local_eval_20260910/evaluations/gradientfix-v1-t1-s1-c500-e10002/audited_summary.json
ActMem-VLA,1,1,10002,500,9,1,216,1,/data/libero_mem_baseline/a100_local_eval_20260910/evaluations/gradientfix-v1-t1-s1-c500-e10002/audited_summary.json
ActMem-VLA,1,1,10002,500,10,1,126,1,/data/libero_mem_baseline/a100_local_eval_20260910/evaluations/gradientfix-v1-t1-s1-c500-e10002/audited_summary.json
ActMem-VLA,1,1,10002,500,11,1,131,1,/data/libero_mem_baseline/a100_local_eval_20260910/evaluations/gradientfix-v1-t1-s1-c500-e10002/audited_summary.json
ActMem-VLA,1,1,10002,500,12,1,121,1,/data/libero_mem_baseline/a100_local_eval_20260910/evaluations/gradientfix-v1-t1-s1-c500-e10002/audited_summary.json
ActMem-VLA,1,1,10002,500,13,1,93,1,/data/libero_mem_baseline/a100_local_eval_20260910/evaluations/gradientfix-v1-t1-s1-c500-e10002/audited_summary.json
ActMem-VLA,1,1,10002,500,14,1,117,1,/data/libero_mem_baseline/a100_local_eval_20260910/evaluations/gradientfix-v1-t1-s1-c500-e10002/audited_summary.json
ActMem-VLA,1,1,10002,500,15,1,410,1,/data/libero_mem_baseline/a100_local_eval_20260910/evaluations/gradientfix-v1-t1-s1-c500-e10002/audited_summary.json
ActMem-VLA,1,1,10002,500,16,1,133,1,/data/libero_mem_baseline/a100_local_eval_20260910/evaluations/gradientfix-v1-t1-s1-c500-e10002/audited_summary.json
ActMem-VLA,1,1,10002,500,17,1,220,1,/data/libero_mem_baseline/a100_local_eval_20260910/evaluations/gradientfix-v1-t1-s1-c500-e10002/audited_summary.json
ActMem-VLA,1,1,10002,500,18,1,131,1,/data/libero_mem_baseline/a100_local_eval_20260910/evaluations/gradientfix-v1-t1-s1-c500-e10002/audited_summary.json
ActMem-VLA,1,1,10002,500,19,1,130,1,/data/libero_mem_baseline/a100_local_eval_20260910/evaluations/gradientfix-v1-t1-s1-c500-e10002/audited_summary.json
ActMem-VLA,1,1,10003,500,0,1,142,1,/data/libero_mem_baseline/a100_local_eval_20260910/evaluations/gradientfix-v1-t1-s1-c500-e10003/audited_summary.json
ActMem-VLA,1,1,10003,500,1,1,128,1,/data/libero_mem_baseline/a100_local_eval_20260910/evaluations/gradientfix-v1-t1-s1-c500-e10003/audited_summary.json
ActMem-VLA,1,1,10003,500,2,1,138,1,/data/libero_mem_baseline/a100_local_eval_20260910/evaluations/gradientfix-v1-t1-s1-c500-e10003/audited_summary.json
ActMem-VLA,1,1,10003,500,3,1,89,1,/data/libero_mem_baseline/a100_local_eval_20260910/evaluations/gradientfix-v1-t1-s1-c500-e10003/audited_summary.json
ActMem-VLA,1,1,10003,500,4,1,135,1,/data/libero_mem_baseline/a100_local_eval_20260910/evaluations/gradientfix-v1-t1-s1-c500-e10003/audited_summary.json
ActMem-VLA,1,1,10003,500,5,1,127,1,/data/libero_mem_baseline/a100_local_eval_20260910/evaluations/gradientfix-v1-t1-s1-c500-e10003/audited_summary.json
ActMem-VLA,1,1,10003,500,6,1,114,1,/data/libero_mem_baseline/a100_local_eval_20260910/evaluations/gradientfix-v1-t1-s1-c500-e10003/audited_summary.json
ActMem-VLA,1,1,10003,500,7,1,96,1,/data/libero_mem_baseline/a100_local_eval_20260910/evaluations/gradientfix-v1-t1-s1-c500-e10003/audited_summary.json
ActMem-VLA,1,1,10003,500,8,1,123,1,/data/libero_mem_baseline/a100_local_eval_20260910/evaluations/gradientfix-v1-t1-s1-c500-e10003/audited_summary.json
ActMem-VLA,1,1,10003,500,9,1,113,1,/data/libero_mem_baseline/a100_local_eval_20260910/evaluations/gradientfix-v1-t1-s1-c500-e10003/audited_summary.json
ActMem-VLA,1,1,10003,500,10,1,119,1,/data/libero_mem_baseline/a100_local_eval_20260910/evaluations/gradientfix-v1-t1-s1-c500-e10003/audited_summary.json
ActMem-VLA,1,1,10003,500,11,1,132,1,/data/libero_mem_baseline/a100_local_eval_20260910/evaluations/gradientfix-v1-t1-s1-c500-e10003/audited_summary.json
ActMem-VLA,1,1,10003,500,12,1,127,1,/data/libero_mem_baseline/a100_local_eval_20260910/evaluations/gradientfix-v1-t1-s1-c500-e10003/audited_summary.json
ActMem-VLA,1,1,10003,500,13,1,127,1,/data/libero_mem_baseline/a100_local_eval_20260910/evaluations/gradientfix-v1-t1-s1-c500-e10003/audited_summary.json
ActMem-VLA,1,1,10003,500,14,1,116,1,/data/libero_mem_baseline/a100_local_eval_20260910/evaluations/gradientfix-v1-t1-s1-c500-e10003/audited_summary.json
ActMem-VLA,1,1,10003,500,15,1,108,1,/data/libero_mem_baseline/a100_local_eval_20260910/evaluations/gradientfix-v1-t1-s1-c500-e10003/audited_summary.json
ActMem-VLA,1,1,10003,500,16,1,123,1,/data/libero_mem_baseline/a100_local_eval_20260910/evaluations/gradientfix-v1-t1-s1-c500-e10003/audited_summary.json
ActMem-VLA,1,1,10003,500,17,1,123,1,/data/libero_mem_baseline/a100_local_eval_20260910/evaluations/gradientfix-v1-t1-s1-c500-e10003/audited_summary.json
ActMem-VLA,1,1,10003,500,18,1,131,1,/data/libero_mem_baseline/a100_local_eval_20260910/evaluations/gradientfix-v1-t1-s1-c500-e10003/audited_summary.json
ActMem-VLA,1,1,10003,500,19,1,129,1,/data/libero_mem_baseline/a100_local_eval_20260910/evaluations/gradientfix-v1-t1-s1-c500-e10003/audited_summary.json
ActMem-VLA,1,42,10001,500,0,1,133,1,/pfs/pfs-7jnepv/lgd/libero_fullmatrix_20260909/evaluations/gradientfix-lgd-t1-s42-c500-e10001/audited_summary.json
ActMem-VLA,1,42,10001,500,1,1,123,1,/pfs/pfs-7jnepv/lgd/libero_fullmatrix_20260909/evaluations/gradientfix-lgd-t1-s42-c500-e10001/audited_summary.json
ActMem-VLA,1,42,10001,500,2,1,244,1,/pfs/pfs-7jnepv/lgd/libero_fullmatrix_20260909/evaluations/gradientfix-lgd-t1-s42-c500-e10001/audited_summary.json
ActMem-VLA,1,42,10001,500,3,1,159,1,/pfs/pfs-7jnepv/lgd/libero_fullmatrix_20260909/evaluations/gradientfix-lgd-t1-s42-c500-e10001/audited_summary.json
ActMem-VLA,1,42,10001,500,4,1,137,1,/pfs/pfs-7jnepv/lgd/libero_fullmatrix_20260909/evaluations/gradientfix-lgd-t1-s42-c500-e10001/audited_summary.json
ActMem-VLA,1,42,10001,500,5,1,128,1,/pfs/pfs-7jnepv/lgd/libero_fullmatrix_20260909/evaluations/gradientfix-lgd-t1-s42-c500-e10001/audited_summary.json
ActMem-VLA,1,42,10001,500,6,1,116,1,/pfs/pfs-7jnepv/lgd/libero_fullmatrix_20260909/evaluations/gradientfix-lgd-t1-s42-c500-e10001/audited_summary.json
ActMem-VLA,1,42,10001,500,7,1,114,1,/pfs/pfs-7jnepv/lgd/libero_fullmatrix_20260909/evaluations/gradientfix-lgd-t1-s42-c500-e10001/audited_summary.json
ActMem-VLA,1,42,10001,500,8,1,132,1,/pfs/pfs-7jnepv/lgd/libero_fullmatrix_20260909/evaluations/gradientfix-lgd-t1-s42-c500-e10001/audited_summary.json
ActMem-VLA,1,42,10001,500,9,1,100,1,/pfs/pfs-7jnepv/lgd/libero_fullmatrix_20260909/evaluations/gradientfix-lgd-t1-s42-c500-e10001/audited_summary.json
ActMem-VLA,1,42,10001,500,10,1,117,1,/pfs/pfs-7jnepv/lgd/libero_fullmatrix_20260909/evaluations/gradientfix-lgd-t1-s42-c500-e10001/audited_summary.json
ActMem-VLA,1,42,10001,500,11,1,137,1,/pfs/pfs-7jnepv/lgd/libero_fullmatrix_20260909/evaluations/gradientfix-lgd-t1-s42-c500-e10001/audited_summary.json
ActMem-VLA,1,42,10001,500,12,1,113,1,/pfs/pfs-7jnepv/lgd/libero_fullmatrix_20260909/evaluations/gradientfix-lgd-t1-s42-c500-e10001/audited_summary.json
ActMem-VLA,1,42,10001,500,13,1,130,1,/pfs/pfs-7jnepv/lgd/libero_fullmatrix_20260909/evaluations/gradientfix-lgd-t1-s42-c500-e10001/audited_summary.json
ActMem-VLA,1,42,10001,500,14,1,124,1,/pfs/pfs-7jnepv/lgd/libero_fullmatrix_20260909/evaluations/gradientfix-lgd-t1-s42-c500-e10001/audited_summary.json
ActMem-VLA,1,42,10001,500,15,1,240,1,/pfs/pfs-7jnepv/lgd/libero_fullmatrix_20260909/evaluations/gradientfix-lgd-t1-s42-c500-e10001/audited_summary.json
ActMem-VLA,1,42,10001,500,16,1,133,1,/pfs/pfs-7jnepv/lgd/libero_fullmatrix_20260909/evaluations/gradientfix-lgd-t1-s42-c500-e10001/audited_summary.json
ActMem-VLA,1,42,10001,500,17,1,124,1,/pfs/pfs-7jnepv/lgd/libero_fullmatrix_20260909/evaluations/gradientfix-lgd-t1-s42-c500-e10001/audited_summary.json
ActMem-VLA,1,42,10001,500,18,1,127,1,/pfs/pfs-7jnepv/lgd/libero_fullmatrix_20260909/evaluations/gradientfix-lgd-t1-s42-c500-e10001/audited_summary.json
ActMem-VLA,1,42,10001,500,19,1,130,1,/pfs/pfs-7jnepv/lgd/libero_fullmatrix_20260909/evaluations/gradientfix-lgd-t1-s42-c500-e10001/audited_summary.json
ActMem-VLA,1,42,10002,500,0,1,119,1,/pfs/pfs-7jnepv/lgd/libero_fullmatrix_20260909/evaluations/gradientfix-lgd-t1-s42-c500-e10002/audited_summary.json
ActMem-VLA,1,42,10002,500,1,1,111,1,/pfs/pfs-7jnepv/lgd/libero_fullmatrix_20260909/evaluations/gradientfix-lgd-t1-s42-c500-e10002/audited_summary.json
ActMem-VLA,1,42,10002,500,2,1,126,1,/pfs/pfs-7jnepv/lgd/libero_fullmatrix_20260909/evaluations/gradientfix-lgd-t1-s42-c500-e10002/audited_summary.json
ActMem-VLA,1,42,10002,500,3,1,122,1,/pfs/pfs-7jnepv/lgd/libero_fullmatrix_20260909/evaluations/gradientfix-lgd-t1-s42-c500-e10002/audited_summary.json
ActMem-VLA,1,42,10002,500,4,1,129,1,/pfs/pfs-7jnepv/lgd/libero_fullmatrix_20260909/evaluations/gradientfix-lgd-t1-s42-c500-e10002/audited_summary.json
ActMem-VLA,1,42,10002,500,5,1,132,1,/pfs/pfs-7jnepv/lgd/libero_fullmatrix_20260909/evaluations/gradientfix-lgd-t1-s42-c500-e10002/audited_summary.json
ActMem-VLA,1,42,10002,500,6,1,130,1,/pfs/pfs-7jnepv/lgd/libero_fullmatrix_20260909/evaluations/gradientfix-lgd-t1-s42-c500-e10002/audited_summary.json
ActMem-VLA,1,42,10002,500,7,1,115,1,/pfs/pfs-7jnepv/lgd/libero_fullmatrix_20260909/evaluations/gradientfix-lgd-t1-s42-c500-e10002/audited_summary.json
ActMem-VLA,1,42,10002,500,8,1,128,1,/pfs/pfs-7jnepv/lgd/libero_fullmatrix_20260909/evaluations/gradientfix-lgd-t1-s42-c500-e10002/audited_summary.json
ActMem-VLA,1,42,10002,500,9,1,227,1,/pfs/pfs-7jnepv/lgd/libero_fullmatrix_20260909/evaluations/gradientfix-lgd-t1-s42-c500-e10002/audited_summary.json
ActMem-VLA,1,42,10002,500,10,1,245,1,/pfs/pfs-7jnepv/lgd/libero_fullmatrix_20260909/evaluations/gradientfix-lgd-t1-s42-c500-e10002/audited_summary.json
ActMem-VLA,1,42,10002,500,11,1,131,1,/pfs/pfs-7jnepv/lgd/libero_fullmatrix_20260909/evaluations/gradientfix-lgd-t1-s42-c500-e10002/audited_summary.json
ActMem-VLA,1,42,10002,500,12,1,133,1,/pfs/pfs-7jnepv/lgd/libero_fullmatrix_20260909/evaluations/gradientfix-lgd-t1-s42-c500-e10002/audited_summary.json
ActMem-VLA,1,42,10002,500,13,1,135,1,/pfs/pfs-7jnepv/lgd/libero_fullmatrix_20260909/evaluations/gradientfix-lgd-t1-s42-c500-e10002/audited_summary.json
ActMem-VLA,1,42,10002,500,14,1,127,1,/pfs/pfs-7jnepv/lgd/libero_fullmatrix_20260909/evaluations/gradientfix-lgd-t1-s42-c500-e10002/audited_summary.json
ActMem-VLA,1,42,10002,500,15,1,127,1,/pfs/pfs-7jnepv/lgd/libero_fullmatrix_20260909/evaluations/gradientfix-lgd-t1-s42-c500-e10002/audited_summary.json
ActMem-VLA,1,42,10002,500,16,1,127,1,/pfs/pfs-7jnepv/lgd/libero_fullmatrix_20260909/evaluations/gradientfix-lgd-t1-s42-c500-e10002/audited_summary.json
ActMem-VLA,1,42,10002,500,17,1,116,1,/pfs/pfs-7jnepv/lgd/libero_fullmatrix_20260909/evaluations/gradientfix-lgd-t1-s42-c500-e10002/audited_summary.json
ActMem-VLA,1,42,10002,500,18,1,135,1,/pfs/pfs-7jnepv/lgd/libero_fullmatrix_20260909/evaluations/gradientfix-lgd-t1-s42-c500-e10002/audited_summary.json
ActMem-VLA,1,42,10002,500,19,1,124,1,/pfs/pfs-7jnepv/lgd/libero_fullmatrix_20260909/evaluations/gradientfix-lgd-t1-s42-c500-e10002/audited_summary.json
ActMem-VLA,1,42,10003,500,0,1,145,1,/pfs/pfs-7jnepv/lgd/libero_fullmatrix_20260909/evaluations/gradientfix-lgd-t1-s42-c500-e10003/audited_summary.json
ActMem-VLA,1,42,10003,500,1,1,131,1,/pfs/pfs-7jnepv/lgd/libero_fullmatrix_20260909/evaluations/gradientfix-lgd-t1-s42-c500-e10003/audited_summary.json
ActMem-VLA,1,42,10003,500,2,1,135,1,/pfs/pfs-7jnepv/lgd/libero_fullmatrix_20260909/evaluations/gradientfix-lgd-t1-s42-c500-e10003/audited_summary.json
ActMem-VLA,1,42,10003,500,3,1,89,1,/pfs/pfs-7jnepv/lgd/libero_fullmatrix_20260909/evaluations/gradientfix-lgd-t1-s42-c500-e10003/audited_summary.json
ActMem-VLA,1,42,10003,500,4,1,136,1,/pfs/pfs-7jnepv/lgd/libero_fullmatrix_20260909/evaluations/gradientfix-lgd-t1-s42-c500-e10003/audited_summary.json
ActMem-VLA,1,42,10003,500,5,1,122,1,/pfs/pfs-7jnepv/lgd/libero_fullmatrix_20260909/evaluations/gradientfix-lgd-t1-s42-c500-e10003/audited_summary.json
ActMem-VLA,1,42,10003,500,6,1,104,1,/pfs/pfs-7jnepv/lgd/libero_fullmatrix_20260909/evaluations/gradientfix-lgd-t1-s42-c500-e10003/audited_summary.json
ActMem-VLA,1,42,10003,500,7,1,95,1,/pfs/pfs-7jnepv/lgd/libero_fullmatrix_20260909/evaluations/gradientfix-lgd-t1-s42-c500-e10003/audited_summary.json
ActMem-VLA,1,42,10003,500,8,1,122,1,/pfs/pfs-7jnepv/lgd/libero_fullmatrix_20260909/evaluations/gradientfix-lgd-t1-s42-c500-e10003/audited_summary.json
ActMem-VLA,1,42,10003,500,9,1,116,1,/pfs/pfs-7jnepv/lgd/libero_fullmatrix_20260909/evaluations/gradientfix-lgd-t1-s42-c500-e10003/audited_summary.json
ActMem-VLA,1,42,10003,500,10,1,121,1,/pfs/pfs-7jnepv/lgd/libero_fullmatrix_20260909/evaluations/gradientfix-lgd-t1-s42-c500-e10003/audited_summary.json
ActMem-VLA,1,42,10003,500,11,1,139,1,/pfs/pfs-7jnepv/lgd/libero_fullmatrix_20260909/evaluations/gradientfix-lgd-t1-s42-c500-e10003/audited_summary.json
ActMem-VLA,1,42,10003,500,12,1,116,1,/pfs/pfs-7jnepv/lgd/libero_fullmatrix_20260909/evaluations/gradientfix-lgd-t1-s42-c500-e10003/audited_summary.json
ActMem-VLA,1,42,10003,500,13,1,127,1,/pfs/pfs-7jnepv/lgd/libero_fullmatrix_20260909/evaluations/gradientfix-lgd-t1-s42-c500-e10003/audited_summary.json
ActMem-VLA,1,42,10003,500,14,1,114,1,/pfs/pfs-7jnepv/lgd/libero_fullmatrix_20260909/evaluations/gradientfix-lgd-t1-s42-c500-e10003/audited_summary.json
ActMem-VLA,1,42,10003,500,15,1,100,1,/pfs/pfs-7jnepv/lgd/libero_fullmatrix_20260909/evaluations/gradientfix-lgd-t1-s42-c500-e10003/audited_summary.json
ActMem-VLA,1,42,10003,500,16,1,133,1,/pfs/pfs-7jnepv/lgd/libero_fullmatrix_20260909/evaluations/gradientfix-lgd-t1-s42-c500-e10003/audited_summary.json
ActMem-VLA,1,42,10003,500,17,1,130,1,/pfs/pfs-7jnepv/lgd/libero_fullmatrix_20260909/evaluations/gradientfix-lgd-t1-s42-c500-e10003/audited_summary.json
ActMem-VLA,1,42,10003,500,18,1,96,1,/pfs/pfs-7jnepv/lgd/libero_fullmatrix_20260909/evaluations/gradientfix-lgd-t1-s42-c500-e10003/audited_summary.json
ActMem-VLA,1,42,10003,500,19,1,129,1,/pfs/pfs-7jnepv/lgd/libero_fullmatrix_20260909/evaluations/gradientfix-lgd-t1-s42-c500-e10003/audited_summary.json
ActMem-VLA,2,0,10001,500,0,1,189,1,/data/libero_mem_baseline/a100_local_eval_20260910/evaluations/gradientfix-v1-t2-s0-c500-e10001/audited_summary.json
ActMem-VLA,2,0,10001,500,1,1,115,1,/data/libero_mem_baseline/a100_local_eval_20260910/evaluations/gradientfix-v1-t2-s0-c500-e10001/audited_summary.json
ActMem-VLA,2,0,10001,500,2,1,192,1,/data/libero_mem_baseline/a100_local_eval_20260910/evaluations/gradientfix-v1-t2-s0-c500-e10001/audited_summary.json
ActMem-VLA,2,0,10001,500,3,1,133,1,/data/libero_mem_baseline/a100_local_eval_20260910/evaluations/gradientfix-v1-t2-s0-c500-e10001/audited_summary.json
ActMem-VLA,2,0,10001,500,4,1,290,1,/data/libero_mem_baseline/a100_local_eval_20260910/evaluations/gradientfix-v1-t2-s0-c500-e10001/audited_summary.json
ActMem-VLA,2,0,10001,500,5,1,173,1,/data/libero_mem_baseline/a100_local_eval_20260910/evaluations/gradientfix-v1-t2-s0-c500-e10001/audited_summary.json
ActMem-VLA,2,0,10001,500,6,1,107,1,/data/libero_mem_baseline/a100_local_eval_20260910/evaluations/gradientfix-v1-t2-s0-c500-e10001/audited_summary.json
ActMem-VLA,2,0,10001,500,7,1,203,1,/data/libero_mem_baseline/a100_local_eval_20260910/evaluations/gradientfix-v1-t2-s0-c500-e10001/audited_summary.json
ActMem-VLA,2,0,10001,500,8,1,89,1,/data/libero_mem_baseline/a100_local_eval_20260910/evaluations/gradientfix-v1-t2-s0-c500-e10001/audited_summary.json
ActMem-VLA,2,0,10001,500,9,1,131,1,/data/libero_mem_baseline/a100_local_eval_20260910/evaluations/gradientfix-v1-t2-s0-c500-e10001/audited_summary.json
ActMem-VLA,2,0,10001,500,10,1,128,1,/data/libero_mem_baseline/a100_local_eval_20260910/evaluations/gradientfix-v1-t2-s0-c500-e10001/audited_summary.json
ActMem-VLA,2,0,10001,500,11,1,179,1,/data/libero_mem_baseline/a100_local_eval_20260910/evaluations/gradientfix-v1-t2-s0-c500-e10001/audited_summary.json
ActMem-VLA,2,0,10001,500,12,1,147,1,/data/libero_mem_baseline/a100_local_eval_20260910/evaluations/gradientfix-v1-t2-s0-c500-e10001/audited_summary.json
ActMem-VLA,2,0,10001,500,13,1,112,1,/data/libero_mem_baseline/a100_local_eval_20260910/evaluations/gradientfix-v1-t2-s0-c500-e10001/audited_summary.json
ActMem-VLA,2,0,10001,500,14,1,103,1,/data/libero_mem_baseline/a100_local_eval_20260910/evaluations/gradientfix-v1-t2-s0-c500-e10001/audited_summary.json
ActMem-VLA,2,0,10001,500,15,1,110,1,/data/libero_mem_baseline/a100_local_eval_20260910/evaluations/gradientfix-v1-t2-s0-c500-e10001/audited_summary.json
ActMem-VLA,2,0,10001,500,16,1,111,1,/data/libero_mem_baseline/a100_local_eval_20260910/evaluations/gradientfix-v1-t2-s0-c500-e10001/audited_summary.json
ActMem-VLA,2,0,10001,500,17,1,105,1,/data/libero_mem_baseline/a100_local_eval_20260910/evaluations/gradientfix-v1-t2-s0-c500-e10001/audited_summary.json
ActMem-VLA,2,0,10001,500,18,1,127,1,/data/libero_mem_baseline/a100_local_eval_20260910/evaluations/gradientfix-v1-t2-s0-c500-e10001/audited_summary.json
ActMem-VLA,2,0,10001,500,19,1,165,1,/data/libero_mem_baseline/a100_local_eval_20260910/evaluations/gradientfix-v1-t2-s0-c500-e10001/audited_summary.json
ActMem-VLA,2,0,10002,500,0,1,122,1,/data/libero_mem_baseline/a100_local_eval_20260910/evaluations/gradientfix-v1-t2-s0-c500-e10002/audited_summary.json
ActMem-VLA,2,0,10002,500,1,1,127,1,/data/libero_mem_baseline/a100_local_eval_20260910/evaluations/gradientfix-v1-t2-s0-c500-e10002/audited_summary.json
ActMem-VLA,2,0,10002,500,2,1,116,1,/data/libero_mem_baseline/a100_local_eval_20260910/evaluations/gradientfix-v1-t2-s0-c500-e10002/audited_summary.json
ActMem-VLA,2,0,10002,500,3,1,141,1,/data/libero_mem_baseline/a100_local_eval_20260910/evaluations/gradientfix-v1-t2-s0-c500-e10002/audited_summary.json
ActMem-VLA,2,0,10002,500,4,1,130,1,/data/libero_mem_baseline/a100_local_eval_20260910/evaluations/gradientfix-v1-t2-s0-c500-e10002/audited_summary.json
ActMem-VLA,2,0,10002,500,5,1,120,1,/data/libero_mem_baseline/a100_local_eval_20260910/evaluations/gradientfix-v1-t2-s0-c500-e10002/audited_summary.json
ActMem-VLA,2,0,10002,500,6,1,111,1,/data/libero_mem_baseline/a100_local_eval_20260910/evaluations/gradientfix-v1-t2-s0-c500-e10002/audited_summary.json
ActMem-VLA,2,0,10002,500,7,1,427,1,/data/libero_mem_baseline/a100_local_eval_20260910/evaluations/gradientfix-v1-t2-s0-c500-e10002/audited_summary.json
ActMem-VLA,2,0,10002,500,8,1,146,1,/data/libero_mem_baseline/a100_local_eval_20260910/evaluations/gradientfix-v1-t2-s0-c500-e10002/audited_summary.json
ActMem-VLA,2,0,10002,500,9,1,190,1,/data/libero_mem_baseline/a100_local_eval_20260910/evaluations/gradientfix-v1-t2-s0-c500-e10002/audited_summary.json
ActMem-VLA,2,0,10002,500,10,1,135,1,/data/libero_mem_baseline/a100_local_eval_20260910/evaluations/gradientfix-v1-t2-s0-c500-e10002/audited_summary.json
ActMem-VLA,2,0,10002,500,11,1,148,1,/data/libero_mem_baseline/a100_local_eval_20260910/evaluations/gradientfix-v1-t2-s0-c500-e10002/audited_summary.json
ActMem-VLA,2,0,10002,500,12,1,129,1,/data/libero_mem_baseline/a100_local_eval_20260910/evaluations/gradientfix-v1-t2-s0-c500-e10002/audited_summary.json
ActMem-VLA,2,0,10002,500,13,1,113,1,/data/libero_mem_baseline/a100_local_eval_20260910/evaluations/gradientfix-v1-t2-s0-c500-e10002/audited_summary.json
ActMem-VLA,2,0,10002,500,14,1,145,1,/data/libero_mem_baseline/a100_local_eval_20260910/evaluations/gradientfix-v1-t2-s0-c500-e10002/audited_summary.json
ActMem-VLA,2,0,10002,500,15,1,109,1,/data/libero_mem_baseline/a100_local_eval_20260910/evaluations/gradientfix-v1-t2-s0-c500-e10002/audited_summary.json
ActMem-VLA,2,0,10002,500,16,1,91,1,/data/libero_mem_baseline/a100_local_eval_20260910/evaluations/gradientfix-v1-t2-s0-c500-e10002/audited_summary.json
ActMem-VLA,2,0,10002,500,17,1,99,1,/data/libero_mem_baseline/a100_local_eval_20260910/evaluations/gradientfix-v1-t2-s0-c500-e10002/audited_summary.json
ActMem-VLA,2,0,10002,500,18,1,124,1,/data/libero_mem_baseline/a100_local_eval_20260910/evaluations/gradientfix-v1-t2-s0-c500-e10002/audited_summary.json
ActMem-VLA,2,0,10002,500,19,1,129,1,/data/libero_mem_baseline/a100_local_eval_20260910/evaluations/gradientfix-v1-t2-s0-c500-e10002/audited_summary.json
ActMem-VLA,2,0,10003,500,0,1,147,1,/data/libero_mem_baseline/a100_local_eval_20260910/evaluations/gradientfix-v1-t2-s0-c500-e10003/audited_summary.json
ActMem-VLA,2,0,10003,500,1,1,117,1,/data/libero_mem_baseline/a100_local_eval_20260910/evaluations/gradientfix-v1-t2-s0-c500-e10003/audited_summary.json
ActMem-VLA,2,0,10003,500,2,1,250,1,/data/libero_mem_baseline/a100_local_eval_20260910/evaluations/gradientfix-v1-t2-s0-c500-e10003/audited_summary.json
ActMem-VLA,2,0,10003,500,3,1,123,1,/data/libero_mem_baseline/a100_local_eval_20260910/evaluations/gradientfix-v1-t2-s0-c500-e10003/audited_summary.json
ActMem-VLA,2,0,10003,500,4,1,116,1,/data/libero_mem_baseline/a100_local_eval_20260910/evaluations/gradientfix-v1-t2-s0-c500-e10003/audited_summary.json
ActMem-VLA,2,0,10003,500,5,1,91,1,/data/libero_mem_baseline/a100_local_eval_20260910/evaluations/gradientfix-v1-t2-s0-c500-e10003/audited_summary.json
ActMem-VLA,2,0,10003,500,6,1,94,1,/data/libero_mem_baseline/a100_local_eval_20260910/evaluations/gradientfix-v1-t2-s0-c500-e10003/audited_summary.json
ActMem-VLA,2,0,10003,500,7,1,135,1,/data/libero_mem_baseline/a100_local_eval_20260910/evaluations/gradientfix-v1-t2-s0-c500-e10003/audited_summary.json
ActMem-VLA,2,0,10003,500,8,1,129,1,/data/libero_mem_baseline/a100_local_eval_20260910/evaluations/gradientfix-v1-t2-s0-c500-e10003/audited_summary.json
ActMem-VLA,2,0,10003,500,9,1,115,1,/data/libero_mem_baseline/a100_local_eval_20260910/evaluations/gradientfix-v1-t2-s0-c500-e10003/audited_summary.json
ActMem-VLA,2,0,10003,500,10,1,128,1,/data/libero_mem_baseline/a100_local_eval_20260910/evaluations/gradientfix-v1-t2-s0-c500-e10003/audited_summary.json
ActMem-VLA,2,0,10003,500,11,1,148,1,/data/libero_mem_baseline/a100_local_eval_20260910/evaluations/gradientfix-v1-t2-s0-c500-e10003/audited_summary.json
ActMem-VLA,2,0,10003,500,12,1,123,1,/data/libero_mem_baseline/a100_local_eval_20260910/evaluations/gradientfix-v1-t2-s0-c500-e10003/audited_summary.json
ActMem-VLA,2,0,10003,500,13,1,112,1,/data/libero_mem_baseline/a100_local_eval_20260910/evaluations/gradientfix-v1-t2-s0-c500-e10003/audited_summary.json
ActMem-VLA,2,0,10003,500,14,1,151,1,/data/libero_mem_baseline/a100_local_eval_20260910/evaluations/gradientfix-v1-t2-s0-c500-e10003/audited_summary.json
ActMem-VLA,2,0,10003,500,15,1,108,1,/data/libero_mem_baseline/a100_local_eval_20260910/evaluations/gradientfix-v1-t2-s0-c500-e10003/audited_summary.json
ActMem-VLA,2,0,10003,500,16,1,115,1,/data/libero_mem_baseline/a100_local_eval_20260910/evaluations/gradientfix-v1-t2-s0-c500-e10003/audited_summary.json
ActMem-VLA,2,0,10003,500,17,1,97,1,/data/libero_mem_baseline/a100_local_eval_20260910/evaluations/gradientfix-v1-t2-s0-c500-e10003/audited_summary.json
ActMem-VLA,2,0,10003,500,18,1,118,1,/data/libero_mem_baseline/a100_local_eval_20260910/evaluations/gradientfix-v1-t2-s0-c500-e10003/audited_summary.json
ActMem-VLA,2,0,10003,500,19,1,129,1,/data/libero_mem_baseline/a100_local_eval_20260910/evaluations/gradientfix-v1-t2-s0-c500-e10003/audited_summary.json
ActMem-VLA,2,1,10001,500,0,1,137,1,/pfs/pfs-7jnepv/lgd/libero_fullmatrix_20260909/evaluations/gradientfix-lgd-t2-s1-c500-e10001/audited_summary.json
ActMem-VLA,2,1,10001,500,1,1,122,1,/pfs/pfs-7jnepv/lgd/libero_fullmatrix_20260909/evaluations/gradientfix-lgd-t2-s1-c500-e10001/audited_summary.json
ActMem-VLA,2,1,10001,500,2,1,248,1,/pfs/pfs-7jnepv/lgd/libero_fullmatrix_20260909/evaluations/gradientfix-lgd-t2-s1-c500-e10001/audited_summary.json
ActMem-VLA,2,1,10001,500,3,1,162,1,/pfs/pfs-7jnepv/lgd/libero_fullmatrix_20260909/evaluations/gradientfix-lgd-t2-s1-c500-e10001/audited_summary.json
ActMem-VLA,2,1,10001,500,4,1,124,1,/pfs/pfs-7jnepv/lgd/libero_fullmatrix_20260909/evaluations/gradientfix-lgd-t2-s1-c500-e10001/audited_summary.json
ActMem-VLA,2,1,10001,500,5,1,127,1,/pfs/pfs-7jnepv/lgd/libero_fullmatrix_20260909/evaluations/gradientfix-lgd-t2-s1-c500-e10001/audited_summary.json
ActMem-VLA,2,1,10001,500,6,1,245,1,/pfs/pfs-7jnepv/lgd/libero_fullmatrix_20260909/evaluations/gradientfix-lgd-t2-s1-c500-e10001/audited_summary.json
ActMem-VLA,2,1,10001,500,7,1,175,1,/pfs/pfs-7jnepv/lgd/libero_fullmatrix_20260909/evaluations/gradientfix-lgd-t2-s1-c500-e10001/audited_summary.json
ActMem-VLA,2,1,10001,500,8,1,163,1,/pfs/pfs-7jnepv/lgd/libero_fullmatrix_20260909/evaluations/gradientfix-lgd-t2-s1-c500-e10001/audited_summary.json
ActMem-VLA,2,1,10001,500,9,1,118,1,/pfs/pfs-7jnepv/lgd/libero_fullmatrix_20260909/evaluations/gradientfix-lgd-t2-s1-c500-e10001/audited_summary.json
ActMem-VLA,2,1,10001,500,10,1,120,1,/pfs/pfs-7jnepv/lgd/libero_fullmatrix_20260909/evaluations/gradientfix-lgd-t2-s1-c500-e10001/audited_summary.json
ActMem-VLA,2,1,10001,500,11,1,107,1,/pfs/pfs-7jnepv/lgd/libero_fullmatrix_20260909/evaluations/gradientfix-lgd-t2-s1-c500-e10001/audited_summary.json
ActMem-VLA,2,1,10001,500,12,1,244,1,/pfs/pfs-7jnepv/lgd/libero_fullmatrix_20260909/evaluations/gradientfix-lgd-t2-s1-c500-e10001/audited_summary.json
ActMem-VLA,2,1,10001,500,13,1,117,1,/pfs/pfs-7jnepv/lgd/libero_fullmatrix_20260909/evaluations/gradientfix-lgd-t2-s1-c500-e10001/audited_summary.json
ActMem-VLA,2,1,10001,500,14,1,144,1,/pfs/pfs-7jnepv/lgd/libero_fullmatrix_20260909/evaluations/gradientfix-lgd-t2-s1-c500-e10001/audited_summary.json
ActMem-VLA,2,1,10001,500,15,1,165,1,/pfs/pfs-7jnepv/lgd/libero_fullmatrix_20260909/evaluations/gradientfix-lgd-t2-s1-c500-e10001/audited_summary.json
ActMem-VLA,2,1,10001,500,16,1,115,1,/pfs/pfs-7jnepv/lgd/libero_fullmatrix_20260909/evaluations/gradientfix-lgd-t2-s1-c500-e10001/audited_summary.json
ActMem-VLA,2,1,10001,500,17,1,109,1,/pfs/pfs-7jnepv/lgd/libero_fullmatrix_20260909/evaluations/gradientfix-lgd-t2-s1-c500-e10001/audited_summary.json
ActMem-VLA,2,1,10001,500,18,1,124,1,/pfs/pfs-7jnepv/lgd/libero_fullmatrix_20260909/evaluations/gradientfix-lgd-t2-s1-c500-e10001/audited_summary.json
ActMem-VLA,2,1,10001,500,19,1,119,1,/pfs/pfs-7jnepv/lgd/libero_fullmatrix_20260909/evaluations/gradientfix-lgd-t2-s1-c500-e10001/audited_summary.json
ActMem-VLA,2,1,10002,500,0,1,122,1,/pfs/pfs-7jnepv/lgd/libero_fullmatrix_20260909/evaluations/gradientfix-lgd-t2-s1-c500-e10002/audited_summary.json
ActMem-VLA,2,1,10002,500,1,1,124,1,/pfs/pfs-7jnepv/lgd/libero_fullmatrix_20260909/evaluations/gradientfix-lgd-t2-s1-c500-e10002/audited_summary.json
ActMem-VLA,2,1,10002,500,2,1,119,1,/pfs/pfs-7jnepv/lgd/libero_fullmatrix_20260909/evaluations/gradientfix-lgd-t2-s1-c500-e10002/audited_summary.json
ActMem-VLA,2,1,10002,500,3,1,140,1,/pfs/pfs-7jnepv/lgd/libero_fullmatrix_20260909/evaluations/gradientfix-lgd-t2-s1-c500-e10002/audited_summary.json
ActMem-VLA,2,1,10002,500,4,1,139,1,/pfs/pfs-7jnepv/lgd/libero_fullmatrix_20260909/evaluations/gradientfix-lgd-t2-s1-c500-e10002/audited_summary.json
ActMem-VLA,2,1,10002,500,5,1,129,1,/pfs/pfs-7jnepv/lgd/libero_fullmatrix_20260909/evaluations/gradientfix-lgd-t2-s1-c500-e10002/audited_summary.json
ActMem-VLA,2,1,10002,500,6,1,116,1,/pfs/pfs-7jnepv/lgd/libero_fullmatrix_20260909/evaluations/gradientfix-lgd-t2-s1-c500-e10002/audited_summary.json
ActMem-VLA,2,1,10002,500,7,1,178,1,/pfs/pfs-7jnepv/lgd/libero_fullmatrix_20260909/evaluations/gradientfix-lgd-t2-s1-c500-e10002/audited_summary.json
ActMem-VLA,2,1,10002,500,8,1,212,1,/pfs/pfs-7jnepv/lgd/libero_fullmatrix_20260909/evaluations/gradientfix-lgd-t2-s1-c500-e10002/audited_summary.json
ActMem-VLA,2,1,10002,500,9,1,131,1,/pfs/pfs-7jnepv/lgd/libero_fullmatrix_20260909/evaluations/gradientfix-lgd-t2-s1-c500-e10002/audited_summary.json
ActMem-VLA,2,1,10002,500,10,1,89,1,/pfs/pfs-7jnepv/lgd/libero_fullmatrix_20260909/evaluations/gradientfix-lgd-t2-s1-c500-e10002/audited_summary.json
ActMem-VLA,2,1,10002,500,11,1,150,1,/pfs/pfs-7jnepv/lgd/libero_fullmatrix_20260909/evaluations/gradientfix-lgd-t2-s1-c500-e10002/audited_summary.json
ActMem-VLA,2,1,10002,500,12,1,134,1,/pfs/pfs-7jnepv/lgd/libero_fullmatrix_20260909/evaluations/gradientfix-lgd-t2-s1-c500-e10002/audited_summary.json
ActMem-VLA,2,1,10002,500,13,1,97,1,/pfs/pfs-7jnepv/lgd/libero_fullmatrix_20260909/evaluations/gradientfix-lgd-t2-s1-c500-e10002/audited_summary.json
ActMem-VLA,2,1,10002,500,14,1,152,1,/pfs/pfs-7jnepv/lgd/libero_fullmatrix_20260909/evaluations/gradientfix-lgd-t2-s1-c500-e10002/audited_summary.json
ActMem-VLA,2,1,10002,500,15,1,112,1,/pfs/pfs-7jnepv/lgd/libero_fullmatrix_20260909/evaluations/gradientfix-lgd-t2-s1-c500-e10002/audited_summary.json
ActMem-VLA,2,1,10002,500,16,1,119,1,/pfs/pfs-7jnepv/lgd/libero_fullmatrix_20260909/evaluations/gradientfix-lgd-t2-s1-c500-e10002/audited_summary.json
ActMem-VLA,2,1,10002,500,17,1,109,1,/pfs/pfs-7jnepv/lgd/libero_fullmatrix_20260909/evaluations/gradientfix-lgd-t2-s1-c500-e10002/audited_summary.json
ActMem-VLA,2,1,10002,500,18,1,108,1,/pfs/pfs-7jnepv/lgd/libero_fullmatrix_20260909/evaluations/gradientfix-lgd-t2-s1-c500-e10002/audited_summary.json
ActMem-VLA,2,1,10002,500,19,1,126,1,/pfs/pfs-7jnepv/lgd/libero_fullmatrix_20260909/evaluations/gradientfix-lgd-t2-s1-c500-e10002/audited_summary.json
ActMem-VLA,2,1,10003,500,0,1,122,1,/pfs/pfs-7jnepv/lgd/libero_fullmatrix_20260909/evaluations/gradientfix-lgd-t2-s1-c500-e10003/audited_summary.json
ActMem-VLA,2,1,10003,500,1,1,125,1,/pfs/pfs-7jnepv/lgd/libero_fullmatrix_20260909/evaluations/gradientfix-lgd-t2-s1-c500-e10003/audited_summary.json
ActMem-VLA,2,1,10003,500,2,1,274,1,/pfs/pfs-7jnepv/lgd/libero_fullmatrix_20260909/evaluations/gradientfix-lgd-t2-s1-c500-e10003/audited_summary.json
ActMem-VLA,2,1,10003,500,3,1,120,1,/pfs/pfs-7jnepv/lgd/libero_fullmatrix_20260909/evaluations/gradientfix-lgd-t2-s1-c500-e10003/audited_summary.json
ActMem-VLA,2,1,10003,500,4,1,116,1,/pfs/pfs-7jnepv/lgd/libero_fullmatrix_20260909/evaluations/gradientfix-lgd-t2-s1-c500-e10003/audited_summary.json
ActMem-VLA,2,1,10003,500,5,1,118,1,/pfs/pfs-7jnepv/lgd/libero_fullmatrix_20260909/evaluations/gradientfix-lgd-t2-s1-c500-e10003/audited_summary.json
ActMem-VLA,2,1,10003,500,6,1,113,1,/pfs/pfs-7jnepv/lgd/libero_fullmatrix_20260909/evaluations/gradientfix-lgd-t2-s1-c500-e10003/audited_summary.json
ActMem-VLA,2,1,10003,500,7,1,186,1,/pfs/pfs-7jnepv/lgd/libero_fullmatrix_20260909/evaluations/gradientfix-lgd-t2-s1-c500-e10003/audited_summary.json
ActMem-VLA,2,1,10003,500,8,1,129,1,/pfs/pfs-7jnepv/lgd/libero_fullmatrix_20260909/evaluations/gradientfix-lgd-t2-s1-c500-e10003/audited_summary.json
ActMem-VLA,2,1,10003,500,9,1,191,1,/pfs/pfs-7jnepv/lgd/libero_fullmatrix_20260909/evaluations/gradientfix-lgd-t2-s1-c500-e10003/audited_summary.json
ActMem-VLA,2,1,10003,500,10,1,184,1,/pfs/pfs-7jnepv/lgd/libero_fullmatrix_20260909/evaluations/gradientfix-lgd-t2-s1-c500-e10003/audited_summary.json
ActMem-VLA,2,1,10003,500,11,1,139,1,/pfs/pfs-7jnepv/lgd/libero_fullmatrix_20260909/evaluations/gradientfix-lgd-t2-s1-c500-e10003/audited_summary.json
ActMem-VLA,2,1,10003,500,12,1,131,1,/pfs/pfs-7jnepv/lgd/libero_fullmatrix_20260909/evaluations/gradientfix-lgd-t2-s1-c500-e10003/audited_summary.json
ActMem-VLA,2,1,10003,500,13,1,112,1,/pfs/pfs-7jnepv/lgd/libero_fullmatrix_20260909/evaluations/gradientfix-lgd-t2-s1-c500-e10003/audited_summary.json
ActMem-VLA,2,1,10003,500,14,1,211,1,/pfs/pfs-7jnepv/lgd/libero_fullmatrix_20260909/evaluations/gradientfix-lgd-t2-s1-c500-e10003/audited_summary.json
ActMem-VLA,2,1,10003,500,15,1,106,1,/pfs/pfs-7jnepv/lgd/libero_fullmatrix_20260909/evaluations/gradientfix-lgd-t2-s1-c500-e10003/audited_summary.json
ActMem-VLA,2,1,10003,500,16,1,118,1,/pfs/pfs-7jnepv/lgd/libero_fullmatrix_20260909/evaluations/gradientfix-lgd-t2-s1-c500-e10003/audited_summary.json
ActMem-VLA,2,1,10003,500,17,1,108,1,/pfs/pfs-7jnepv/lgd/libero_fullmatrix_20260909/evaluations/gradientfix-lgd-t2-s1-c500-e10003/audited_summary.json
ActMem-VLA,2,1,10003,500,18,1,154,1,/pfs/pfs-7jnepv/lgd/libero_fullmatrix_20260909/evaluations/gradientfix-lgd-t2-s1-c500-e10003/audited_summary.json
ActMem-VLA,2,1,10003,500,19,1,125,1,/pfs/pfs-7jnepv/lgd/libero_fullmatrix_20260909/evaluations/gradientfix-lgd-t2-s1-c500-e10003/audited_summary.json
ActMem-VLA,2,42,10001,1000,0,1,261,1,/pfs/pfs-7jnepv/lgd/libero_fullmatrix_20260909/evaluations/gradientfix-lgd-t2-s42-c1000-e10001/audited_summary.json
ActMem-VLA,2,42,10001,1000,1,1,130,1,/pfs/pfs-7jnepv/lgd/libero_fullmatrix_20260909/evaluations/gradientfix-lgd-t2-s42-c1000-e10001/audited_summary.json
ActMem-VLA,2,42,10001,1000,2,1,117,1,/pfs/pfs-7jnepv/lgd/libero_fullmatrix_20260909/evaluations/gradientfix-lgd-t2-s42-c1000-e10001/audited_summary.json
ActMem-VLA,2,42,10001,1000,3,1,132,1,/pfs/pfs-7jnepv/lgd/libero_fullmatrix_20260909/evaluations/gradientfix-lgd-t2-s42-c1000-e10001/audited_summary.json
ActMem-VLA,2,42,10001,1000,4,1,144,1,/pfs/pfs-7jnepv/lgd/libero_fullmatrix_20260909/evaluations/gradientfix-lgd-t2-s42-c1000-e10001/audited_summary.json
ActMem-VLA,2,42,10001,1000,5,1,129,1,/pfs/pfs-7jnepv/lgd/libero_fullmatrix_20260909/evaluations/gradientfix-lgd-t2-s42-c1000-e10001/audited_summary.json
ActMem-VLA,2,42,10001,1000,6,1,178,1,/pfs/pfs-7jnepv/lgd/libero_fullmatrix_20260909/evaluations/gradientfix-lgd-t2-s42-c1000-e10001/audited_summary.json
ActMem-VLA,2,42,10001,1000,7,1,141,1,/pfs/pfs-7jnepv/lgd/libero_fullmatrix_20260909/evaluations/gradientfix-lgd-t2-s42-c1000-e10001/audited_summary.json
ActMem-VLA,2,42,10001,1000,8,1,354,1,/pfs/pfs-7jnepv/lgd/libero_fullmatrix_20260909/evaluations/gradientfix-lgd-t2-s42-c1000-e10001/audited_summary.json
ActMem-VLA,2,42,10001,1000,9,1,93,1,/pfs/pfs-7jnepv/lgd/libero_fullmatrix_20260909/evaluations/gradientfix-lgd-t2-s42-c1000-e10001/audited_summary.json
ActMem-VLA,2,42,10001,1000,10,1,128,1,/pfs/pfs-7jnepv/lgd/libero_fullmatrix_20260909/evaluations/gradientfix-lgd-t2-s42-c1000-e10001/audited_summary.json
ActMem-VLA,2,42,10001,1000,11,1,142,1,/pfs/pfs-7jnepv/lgd/libero_fullmatrix_20260909/evaluations/gradientfix-lgd-t2-s42-c1000-e10001/audited_summary.json
ActMem-VLA,2,42,10001,1000,12,1,128,1,/pfs/pfs-7jnepv/lgd/libero_fullmatrix_20260909/evaluations/gradientfix-lgd-t2-s42-c1000-e10001/audited_summary.json
ActMem-VLA,2,42,10001,1000,13,1,118,1,/pfs/pfs-7jnepv/lgd/libero_fullmatrix_20260909/evaluations/gradientfix-lgd-t2-s42-c1000-e10001/audited_summary.json
ActMem-VLA,2,42,10001,1000,14,1,149,1,/pfs/pfs-7jnepv/lgd/libero_fullmatrix_20260909/evaluations/gradientfix-lgd-t2-s42-c1000-e10001/audited_summary.json
ActMem-VLA,2,42,10001,1000,15,1,103,1,/pfs/pfs-7jnepv/lgd/libero_fullmatrix_20260909/evaluations/gradientfix-lgd-t2-s42-c1000-e10001/audited_summary.json
ActMem-VLA,2,42,10001,1000,16,1,116,1,/pfs/pfs-7jnepv/lgd/libero_fullmatrix_20260909/evaluations/gradientfix-lgd-t2-s42-c1000-e10001/audited_summary.json
ActMem-VLA,2,42,10001,1000,17,1,105,1,/pfs/pfs-7jnepv/lgd/libero_fullmatrix_20260909/evaluations/gradientfix-lgd-t2-s42-c1000-e10001/audited_summary.json
ActMem-VLA,2,42,10001,1000,18,1,164,1,/pfs/pfs-7jnepv/lgd/libero_fullmatrix_20260909/evaluations/gradientfix-lgd-t2-s42-c1000-e10001/audited_summary.json
ActMem-VLA,2,42,10001,1000,19,1,127,1,/pfs/pfs-7jnepv/lgd/libero_fullmatrix_20260909/evaluations/gradientfix-lgd-t2-s42-c1000-e10001/audited_summary.json
ActMem-VLA,2,42,10002,1000,0,1,132,1,/pfs/pfs-7jnepv/lgd/libero_fullmatrix_20260909/evaluations/gradientfix-lgd-t2-s42-c1000-e10002/audited_summary.json
ActMem-VLA,2,42,10002,1000,1,1,123,1,/pfs/pfs-7jnepv/lgd/libero_fullmatrix_20260909/evaluations/gradientfix-lgd-t2-s42-c1000-e10002/audited_summary.json
ActMem-VLA,2,42,10002,1000,2,1,116,1,/pfs/pfs-7jnepv/lgd/libero_fullmatrix_20260909/evaluations/gradientfix-lgd-t2-s42-c1000-e10002/audited_summary.json
ActMem-VLA,2,42,10002,1000,3,1,132,1,/pfs/pfs-7jnepv/lgd/libero_fullmatrix_20260909/evaluations/gradientfix-lgd-t2-s42-c1000-e10002/audited_summary.json
ActMem-VLA,2,42,10002,1000,4,1,137,1,/pfs/pfs-7jnepv/lgd/libero_fullmatrix_20260909/evaluations/gradientfix-lgd-t2-s42-c1000-e10002/audited_summary.json
ActMem-VLA,2,42,10002,1000,5,1,128,1,/pfs/pfs-7jnepv/lgd/libero_fullmatrix_20260909/evaluations/gradientfix-lgd-t2-s42-c1000-e10002/audited_summary.json
ActMem-VLA,2,42,10002,1000,6,1,293,1,/pfs/pfs-7jnepv/lgd/libero_fullmatrix_20260909/evaluations/gradientfix-lgd-t2-s42-c1000-e10002/audited_summary.json
ActMem-VLA,2,42,10002,1000,7,1,143,1,/pfs/pfs-7jnepv/lgd/libero_fullmatrix_20260909/evaluations/gradientfix-lgd-t2-s42-c1000-e10002/audited_summary.json
ActMem-VLA,2,42,10002,1000,8,1,361,1,/pfs/pfs-7jnepv/lgd/libero_fullmatrix_20260909/evaluations/gradientfix-lgd-t2-s42-c1000-e10002/audited_summary.json
ActMem-VLA,2,42,10002,1000,9,1,202,1,/pfs/pfs-7jnepv/lgd/libero_fullmatrix_20260909/evaluations/gradientfix-lgd-t2-s42-c1000-e10002/audited_summary.json
ActMem-VLA,2,42,10002,1000,10,1,126,1,/pfs/pfs-7jnepv/lgd/libero_fullmatrix_20260909/evaluations/gradientfix-lgd-t2-s42-c1000-e10002/audited_summary.json
ActMem-VLA,2,42,10002,1000,11,1,168,1,/pfs/pfs-7jnepv/lgd/libero_fullmatrix_20260909/evaluations/gradientfix-lgd-t2-s42-c1000-e10002/audited_summary.json
ActMem-VLA,2,42,10002,1000,12,1,133,1,/pfs/pfs-7jnepv/lgd/libero_fullmatrix_20260909/evaluations/gradientfix-lgd-t2-s42-c1000-e10002/audited_summary.json
ActMem-VLA,2,42,10002,1000,13,1,109,1,/pfs/pfs-7jnepv/lgd/libero_fullmatrix_20260909/evaluations/gradientfix-lgd-t2-s42-c1000-e10002/audited_summary.json
ActMem-VLA,2,42,10002,1000,14,1,149,1,/pfs/pfs-7jnepv/lgd/libero_fullmatrix_20260909/evaluations/gradientfix-lgd-t2-s42-c1000-e10002/audited_summary.json
ActMem-VLA,2,42,10002,1000,15,1,111,1,/pfs/pfs-7jnepv/lgd/libero_fullmatrix_20260909/evaluations/gradientfix-lgd-t2-s42-c1000-e10002/audited_summary.json
ActMem-VLA,2,42,10002,1000,16,1,109,1,/pfs/pfs-7jnepv/lgd/libero_fullmatrix_20260909/evaluations/gradientfix-lgd-t2-s42-c1000-e10002/audited_summary.json
ActMem-VLA,2,42,10002,1000,17,1,108,1,/pfs/pfs-7jnepv/lgd/libero_fullmatrix_20260909/evaluations/gradientfix-lgd-t2-s42-c1000-e10002/audited_summary.json
ActMem-VLA,2,42,10002,1000,18,1,126,1,/pfs/pfs-7jnepv/lgd/libero_fullmatrix_20260909/evaluations/gradientfix-lgd-t2-s42-c1000-e10002/audited_summary.json
ActMem-VLA,2,42,10002,1000,19,1,121,1,/pfs/pfs-7jnepv/lgd/libero_fullmatrix_20260909/evaluations/gradientfix-lgd-t2-s42-c1000-e10002/audited_summary.json
ActMem-VLA,2,42,10003,1000,0,1,121,1,/pfs/pfs-7jnepv/lgd/libero_fullmatrix_20260909/evaluations/gradientfix-lgd-t2-s42-c1000-e10003/audited_summary.json
ActMem-VLA,2,42,10003,1000,1,1,116,1,/pfs/pfs-7jnepv/lgd/libero_fullmatrix_20260909/evaluations/gradientfix-lgd-t2-s42-c1000-e10003/audited_summary.json
ActMem-VLA,2,42,10003,1000,2,1,89,1,/pfs/pfs-7jnepv/lgd/libero_fullmatrix_20260909/evaluations/gradientfix-lgd-t2-s42-c1000-e10003/audited_summary.json
ActMem-VLA,2,42,10003,1000,3,1,135,1,/pfs/pfs-7jnepv/lgd/libero_fullmatrix_20260909/evaluations/gradientfix-lgd-t2-s42-c1000-e10003/audited_summary.json
ActMem-VLA,2,42,10003,1000,4,1,151,1,/pfs/pfs-7jnepv/lgd/libero_fullmatrix_20260909/evaluations/gradientfix-lgd-t2-s42-c1000-e10003/audited_summary.json
ActMem-VLA,2,42,10003,1000,5,1,123,1,/pfs/pfs-7jnepv/lgd/libero_fullmatrix_20260909/evaluations/gradientfix-lgd-t2-s42-c1000-e10003/audited_summary.json
ActMem-VLA,2,42,10003,1000,6,1,96,1,/pfs/pfs-7jnepv/lgd/libero_fullmatrix_20260909/evaluations/gradientfix-lgd-t2-s42-c1000-e10003/audited_summary.json
ActMem-VLA,2,42,10003,1000,7,1,307,1,/pfs/pfs-7jnepv/lgd/libero_fullmatrix_20260909/evaluations/gradientfix-lgd-t2-s42-c1000-e10003/audited_summary.json
ActMem-VLA,2,42,10003,1000,8,1,126,1,/pfs/pfs-7jnepv/lgd/libero_fullmatrix_20260909/evaluations/gradientfix-lgd-t2-s42-c1000-e10003/audited_summary.json
ActMem-VLA,2,42,10003,1000,9,1,340,1,/pfs/pfs-7jnepv/lgd/libero_fullmatrix_20260909/evaluations/gradientfix-lgd-t2-s42-c1000-e10003/audited_summary.json
ActMem-VLA,2,42,10003,1000,10,1,130,1,/pfs/pfs-7jnepv/lgd/libero_fullmatrix_20260909/evaluations/gradientfix-lgd-t2-s42-c1000-e10003/audited_summary.json
ActMem-VLA,2,42,10003,1000,11,1,208,1,/pfs/pfs-7jnepv/lgd/libero_fullmatrix_20260909/evaluations/gradientfix-lgd-t2-s42-c1000-e10003/audited_summary.json
ActMem-VLA,2,42,10003,1000,12,1,193,1,/pfs/pfs-7jnepv/lgd/libero_fullmatrix_20260909/evaluations/gradientfix-lgd-t2-s42-c1000-e10003/audited_summary.json
ActMem-VLA,2,42,10003,1000,13,1,113,1,/pfs/pfs-7jnepv/lgd/libero_fullmatrix_20260909/evaluations/gradientfix-lgd-t2-s42-c1000-e10003/audited_summary.json
ActMem-VLA,2,42,10003,1000,14,1,149,1,/pfs/pfs-7jnepv/lgd/libero_fullmatrix_20260909/evaluations/gradientfix-lgd-t2-s42-c1000-e10003/audited_summary.json
ActMem-VLA,2,42,10003,1000,15,1,107,1,/pfs/pfs-7jnepv/lgd/libero_fullmatrix_20260909/evaluations/gradientfix-lgd-t2-s42-c1000-e10003/audited_summary.json
ActMem-VLA,2,42,10003,1000,16,1,104,1,/pfs/pfs-7jnepv/lgd/libero_fullmatrix_20260909/evaluations/gradientfix-lgd-t2-s42-c1000-e10003/audited_summary.json
ActMem-VLA,2,42,10003,1000,17,1,111,1,/pfs/pfs-7jnepv/lgd/libero_fullmatrix_20260909/evaluations/gradientfix-lgd-t2-s42-c1000-e10003/audited_summary.json
ActMem-VLA,2,42,10003,1000,18,1,90,1,/pfs/pfs-7jnepv/lgd/libero_fullmatrix_20260909/evaluations/gradientfix-lgd-t2-s42-c1000-e10003/audited_summary.json
ActMem-VLA,2,42,10003,1000,19,1,125,1,/pfs/pfs-7jnepv/lgd/libero_fullmatrix_20260909/evaluations/gradientfix-lgd-t2-s42-c1000-e10003/audited_summary.json
ActMem-VLA,3,0,10001,500,0,1,270,1,/pfs/pfs-7jnepv/lgd/libero_fullmatrix_20260909/evaluations/gradientfix-lgd-t3-s0-c500-e10001/audited_summary.json
ActMem-VLA,3,0,10001,500,1,1,250,1,/pfs/pfs-7jnepv/lgd/libero_fullmatrix_20260909/evaluations/gradientfix-lgd-t3-s0-c500-e10001/audited_summary.json
ActMem-VLA,3,0,10001,500,2,1,294,1,/pfs/pfs-7jnepv/lgd/libero_fullmatrix_20260909/evaluations/gradientfix-lgd-t3-s0-c500-e10001/audited_summary.json
ActMem-VLA,3,0,10001,500,3,1,286,1,/pfs/pfs-7jnepv/lgd/libero_fullmatrix_20260909/evaluations/gradientfix-lgd-t3-s0-c500-e10001/audited_summary.json
ActMem-VLA,3,0,10001,500,4,1,251,1,/pfs/pfs-7jnepv/lgd/libero_fullmatrix_20260909/evaluations/gradientfix-lgd-t3-s0-c500-e10001/audited_summary.json
ActMem-VLA,3,0,10001,500,5,1,253,1,/pfs/pfs-7jnepv/lgd/libero_fullmatrix_20260909/evaluations/gradientfix-lgd-t3-s0-c500-e10001/audited_summary.json
ActMem-VLA,3,0,10001,500,6,1,246,1,/pfs/pfs-7jnepv/lgd/libero_fullmatrix_20260909/evaluations/gradientfix-lgd-t3-s0-c500-e10001/audited_summary.json
ActMem-VLA,3,0,10001,500,7,1,319,1,/pfs/pfs-7jnepv/lgd/libero_fullmatrix_20260909/evaluations/gradientfix-lgd-t3-s0-c500-e10001/audited_summary.json
ActMem-VLA,3,0,10001,500,8,1,259,1,/pfs/pfs-7jnepv/lgd/libero_fullmatrix_20260909/evaluations/gradientfix-lgd-t3-s0-c500-e10001/audited_summary.json
ActMem-VLA,3,0,10001,500,9,1,290,1,/pfs/pfs-7jnepv/lgd/libero_fullmatrix_20260909/evaluations/gradientfix-lgd-t3-s0-c500-e10001/audited_summary.json
ActMem-VLA,3,0,10001,500,10,1,252,1,/pfs/pfs-7jnepv/lgd/libero_fullmatrix_20260909/evaluations/gradientfix-lgd-t3-s0-c500-e10001/audited_summary.json
ActMem-VLA,3,0,10001,500,11,1,209,1,/pfs/pfs-7jnepv/lgd/libero_fullmatrix_20260909/evaluations/gradientfix-lgd-t3-s0-c500-e10001/audited_summary.json
ActMem-VLA,3,0,10001,500,12,1,264,1,/pfs/pfs-7jnepv/lgd/libero_fullmatrix_20260909/evaluations/gradientfix-lgd-t3-s0-c500-e10001/audited_summary.json
ActMem-VLA,3,0,10001,500,13,1,245,1,/pfs/pfs-7jnepv/lgd/libero_fullmatrix_20260909/evaluations/gradientfix-lgd-t3-s0-c500-e10001/audited_summary.json
ActMem-VLA,3,0,10001,500,14,1,576,1,/pfs/pfs-7jnepv/lgd/libero_fullmatrix_20260909/evaluations/gradientfix-lgd-t3-s0-c500-e10001/audited_summary.json
ActMem-VLA,3,0,10001,500,15,1,249,1,/pfs/pfs-7jnepv/lgd/libero_fullmatrix_20260909/evaluations/gradientfix-lgd-t3-s0-c500-e10001/audited_summary.json
ActMem-VLA,3,0,10001,500,16,1,260,1,/pfs/pfs-7jnepv/lgd/libero_fullmatrix_20260909/evaluations/gradientfix-lgd-t3-s0-c500-e10001/audited_summary.json
ActMem-VLA,3,0,10001,500,17,1,247,1,/pfs/pfs-7jnepv/lgd/libero_fullmatrix_20260909/evaluations/gradientfix-lgd-t3-s0-c500-e10001/audited_summary.json
ActMem-VLA,3,0,10001,500,18,1,303,1,/pfs/pfs-7jnepv/lgd/libero_fullmatrix_20260909/evaluations/gradientfix-lgd-t3-s0-c500-e10001/audited_summary.json
ActMem-VLA,3,0,10001,500,19,1,300,1,/pfs/pfs-7jnepv/lgd/libero_fullmatrix_20260909/evaluations/gradientfix-lgd-t3-s0-c500-e10001/audited_summary.json
ActMem-VLA,3,0,10002,500,0,1,265,1,/pfs/pfs-7jnepv/lgd/libero_fullmatrix_20260909/evaluations/gradientfix-lgd-t3-s0-c500-e10002/audited_summary.json
ActMem-VLA,3,0,10002,500,1,1,265,1,/pfs/pfs-7jnepv/lgd/libero_fullmatrix_20260909/evaluations/gradientfix-lgd-t3-s0-c500-e10002/audited_summary.json
ActMem-VLA,3,0,10002,500,2,1,322,1,/pfs/pfs-7jnepv/lgd/libero_fullmatrix_20260909/evaluations/gradientfix-lgd-t3-s0-c500-e10002/audited_summary.json
ActMem-VLA,3,0,10002,500,3,1,278,1,/pfs/pfs-7jnepv/lgd/libero_fullmatrix_20260909/evaluations/gradientfix-lgd-t3-s0-c500-e10002/audited_summary.json
ActMem-VLA,3,0,10002,500,4,1,374,1,/pfs/pfs-7jnepv/lgd/libero_fullmatrix_20260909/evaluations/gradientfix-lgd-t3-s0-c500-e10002/audited_summary.json
ActMem-VLA,3,0,10002,500,5,1,360,1,/pfs/pfs-7jnepv/lgd/libero_fullmatrix_20260909/evaluations/gradientfix-lgd-t3-s0-c500-e10002/audited_summary.json
ActMem-VLA,3,0,10002,500,6,1,322,1,/pfs/pfs-7jnepv/lgd/libero_fullmatrix_20260909/evaluations/gradientfix-lgd-t3-s0-c500-e10002/audited_summary.json
ActMem-VLA,3,0,10002,500,7,1,283,1,/pfs/pfs-7jnepv/lgd/libero_fullmatrix_20260909/evaluations/gradientfix-lgd-t3-s0-c500-e10002/audited_summary.json
ActMem-VLA,3,0,10002,500,8,1,251,1,/pfs/pfs-7jnepv/lgd/libero_fullmatrix_20260909/evaluations/gradientfix-lgd-t3-s0-c500-e10002/audited_summary.json
ActMem-VLA,3,0,10002,500,9,1,286,1,/pfs/pfs-7jnepv/lgd/libero_fullmatrix_20260909/evaluations/gradientfix-lgd-t3-s0-c500-e10002/audited_summary.json
ActMem-VLA,3,0,10002,500,10,1,330,1,/pfs/pfs-7jnepv/lgd/libero_fullmatrix_20260909/evaluations/gradientfix-lgd-t3-s0-c500-e10002/audited_summary.json
ActMem-VLA,3,0,10002,500,11,1,272,1,/pfs/pfs-7jnepv/lgd/libero_fullmatrix_20260909/evaluations/gradientfix-lgd-t3-s0-c500-e10002/audited_summary.json
ActMem-VLA,3,0,10002,500,12,1,261,1,/pfs/pfs-7jnepv/lgd/libero_fullmatrix_20260909/evaluations/gradientfix-lgd-t3-s0-c500-e10002/audited_summary.json
ActMem-VLA,3,0,10002,500,13,1,293,1,/pfs/pfs-7jnepv/lgd/libero_fullmatrix_20260909/evaluations/gradientfix-lgd-t3-s0-c500-e10002/audited_summary.json
ActMem-VLA,3,0,10002,500,14,1,303,1,/pfs/pfs-7jnepv/lgd/libero_fullmatrix_20260909/evaluations/gradientfix-lgd-t3-s0-c500-e10002/audited_summary.json
ActMem-VLA,3,0,10002,500,15,1,263,1,/pfs/pfs-7jnepv/lgd/libero_fullmatrix_20260909/evaluations/gradientfix-lgd-t3-s0-c500-e10002/audited_summary.json
ActMem-VLA,3,0,10002,500,16,1,282,1,/pfs/pfs-7jnepv/lgd/libero_fullmatrix_20260909/evaluations/gradientfix-lgd-t3-s0-c500-e10002/audited_summary.json
ActMem-VLA,3,0,10002,500,17,1,283,1,/pfs/pfs-7jnepv/lgd/libero_fullmatrix_20260909/evaluations/gradientfix-lgd-t3-s0-c500-e10002/audited_summary.json
ActMem-VLA,3,0,10002,500,18,1,316,1,/pfs/pfs-7jnepv/lgd/libero_fullmatrix_20260909/evaluations/gradientfix-lgd-t3-s0-c500-e10002/audited_summary.json
ActMem-VLA,3,0,10002,500,19,1,358,1,/pfs/pfs-7jnepv/lgd/libero_fullmatrix_20260909/evaluations/gradientfix-lgd-t3-s0-c500-e10002/audited_summary.json
ActMem-VLA,3,0,10003,500,0,1,322,1,/pfs/pfs-7jnepv/lgd/libero_fullmatrix_20260909/evaluations/gradientfix-lgd-t3-s0-c500-e10003/audited_summary.json
ActMem-VLA,3,0,10003,500,1,1,246,1,/pfs/pfs-7jnepv/lgd/libero_fullmatrix_20260909/evaluations/gradientfix-lgd-t3-s0-c500-e10003/audited_summary.json
ActMem-VLA,3,0,10003,500,2,1,233,1,/pfs/pfs-7jnepv/lgd/libero_fullmatrix_20260909/evaluations/gradientfix-lgd-t3-s0-c500-e10003/audited_summary.json
ActMem-VLA,3,0,10003,500,3,1,287,1,/pfs/pfs-7jnepv/lgd/libero_fullmatrix_20260909/evaluations/gradientfix-lgd-t3-s0-c500-e10003/audited_summary.json
ActMem-VLA,3,0,10003,500,4,1,270,1,/pfs/pfs-7jnepv/lgd/libero_fullmatrix_20260909/evaluations/gradientfix-lgd-t3-s0-c500-e10003/audited_summary.json
ActMem-VLA,3,0,10003,500,5,1,260,1,/pfs/pfs-7jnepv/lgd/libero_fullmatrix_20260909/evaluations/gradientfix-lgd-t3-s0-c500-e10003/audited_summary.json
ActMem-VLA,3,0,10003,500,6,1,281,1,/pfs/pfs-7jnepv/lgd/libero_fullmatrix_20260909/evaluations/gradientfix-lgd-t3-s0-c500-e10003/audited_summary.json
ActMem-VLA,3,0,10003,500,7,1,332,1,/pfs/pfs-7jnepv/lgd/libero_fullmatrix_20260909/evaluations/gradientfix-lgd-t3-s0-c500-e10003/audited_summary.json
ActMem-VLA,3,0,10003,500,8,1,316,1,/pfs/pfs-7jnepv/lgd/libero_fullmatrix_20260909/evaluations/gradientfix-lgd-t3-s0-c500-e10003/audited_summary.json
ActMem-VLA,3,0,10003,500,9,1,249,1,/pfs/pfs-7jnepv/lgd/libero_fullmatrix_20260909/evaluations/gradientfix-lgd-t3-s0-c500-e10003/audited_summary.json
ActMem-VLA,3,0,10003,500,10,1,354,1,/pfs/pfs-7jnepv/lgd/libero_fullmatrix_20260909/evaluations/gradientfix-lgd-t3-s0-c500-e10003/audited_summary.json
ActMem-VLA,3,0,10003,500,11,1,277,1,/pfs/pfs-7jnepv/lgd/libero_fullmatrix_20260909/evaluations/gradientfix-lgd-t3-s0-c500-e10003/audited_summary.json
ActMem-VLA,3,0,10003,500,12,1,342,1,/pfs/pfs-7jnepv/lgd/libero_fullmatrix_20260909/evaluations/gradientfix-lgd-t3-s0-c500-e10003/audited_summary.json
ActMem-VLA,3,0,10003,500,13,1,266,1,/pfs/pfs-7jnepv/lgd/libero_fullmatrix_20260909/evaluations/gradientfix-lgd-t3-s0-c500-e10003/audited_summary.json
ActMem-VLA,3,0,10003,500,14,1,434,1,/pfs/pfs-7jnepv/lgd/libero_fullmatrix_20260909/evaluations/gradientfix-lgd-t3-s0-c500-e10003/audited_summary.json
ActMem-VLA,3,0,10003,500,15,1,432,1,/pfs/pfs-7jnepv/lgd/libero_fullmatrix_20260909/evaluations/gradientfix-lgd-t3-s0-c500-e10003/audited_summary.json
ActMem-VLA,3,0,10003,500,16,1,287,1,/pfs/pfs-7jnepv/lgd/libero_fullmatrix_20260909/evaluations/gradientfix-lgd-t3-s0-c500-e10003/audited_summary.json
ActMem-VLA,3,0,10003,500,17,1,254,1,/pfs/pfs-7jnepv/lgd/libero_fullmatrix_20260909/evaluations/gradientfix-lgd-t3-s0-c500-e10003/audited_summary.json
ActMem-VLA,3,0,10003,500,18,1,260,1,/pfs/pfs-7jnepv/lgd/libero_fullmatrix_20260909/evaluations/gradientfix-lgd-t3-s0-c500-e10003/audited_summary.json
ActMem-VLA,3,0,10003,500,19,1,419,1,/pfs/pfs-7jnepv/lgd/libero_fullmatrix_20260909/evaluations/gradientfix-lgd-t3-s0-c500-e10003/audited_summary.json
ActMem-VLA,3,1,10001,1000,0,1,335,1,/pfs/pfs-7jnepv/lgd/libero_fullmatrix_20260909/evaluations/gradientfix-lgd-t3-s1-c1000-e10001/audited_summary.json
ActMem-VLA,3,1,10001,1000,1,1,262,1,/pfs/pfs-7jnepv/lgd/libero_fullmatrix_20260909/evaluations/gradientfix-lgd-t3-s1-c1000-e10001/audited_summary.json
ActMem-VLA,3,1,10001,1000,2,1,287,1,/pfs/pfs-7jnepv/lgd/libero_fullmatrix_20260909/evaluations/gradientfix-lgd-t3-s1-c1000-e10001/audited_summary.json
ActMem-VLA,3,1,10001,1000,3,1,265,1,/pfs/pfs-7jnepv/lgd/libero_fullmatrix_20260909/evaluations/gradientfix-lgd-t3-s1-c1000-e10001/audited_summary.json
ActMem-VLA,3,1,10001,1000,4,1,261,1,/pfs/pfs-7jnepv/lgd/libero_fullmatrix_20260909/evaluations/gradientfix-lgd-t3-s1-c1000-e10001/audited_summary.json
ActMem-VLA,3,1,10001,1000,5,1,423,1,/pfs/pfs-7jnepv/lgd/libero_fullmatrix_20260909/evaluations/gradientfix-lgd-t3-s1-c1000-e10001/audited_summary.json
ActMem-VLA,3,1,10001,1000,6,1,236,1,/pfs/pfs-7jnepv/lgd/libero_fullmatrix_20260909/evaluations/gradientfix-lgd-t3-s1-c1000-e10001/audited_summary.json
ActMem-VLA,3,1,10001,1000,7,1,271,1,/pfs/pfs-7jnepv/lgd/libero_fullmatrix_20260909/evaluations/gradientfix-lgd-t3-s1-c1000-e10001/audited_summary.json
ActMem-VLA,3,1,10001,1000,8,1,267,1,/pfs/pfs-7jnepv/lgd/libero_fullmatrix_20260909/evaluations/gradientfix-lgd-t3-s1-c1000-e10001/audited_summary.json
ActMem-VLA,3,1,10001,1000,9,1,261,1,/pfs/pfs-7jnepv/lgd/libero_fullmatrix_20260909/evaluations/gradientfix-lgd-t3-s1-c1000-e10001/audited_summary.json
ActMem-VLA,3,1,10001,1000,10,1,266,1,/pfs/pfs-7jnepv/lgd/libero_fullmatrix_20260909/evaluations/gradientfix-lgd-t3-s1-c1000-e10001/audited_summary.json
ActMem-VLA,3,1,10001,1000,11,1,264,1,/pfs/pfs-7jnepv/lgd/libero_fullmatrix_20260909/evaluations/gradientfix-lgd-t3-s1-c1000-e10001/audited_summary.json
ActMem-VLA,3,1,10001,1000,12,1,483,1,/pfs/pfs-7jnepv/lgd/libero_fullmatrix_20260909/evaluations/gradientfix-lgd-t3-s1-c1000-e10001/audited_summary.json
ActMem-VLA,3,1,10001,1000,13,1,267,1,/pfs/pfs-7jnepv/lgd/libero_fullmatrix_20260909/evaluations/gradientfix-lgd-t3-s1-c1000-e10001/audited_summary.json
ActMem-VLA,3,1,10001,1000,14,1,251,1,/pfs/pfs-7jnepv/lgd/libero_fullmatrix_20260909/evaluations/gradientfix-lgd-t3-s1-c1000-e10001/audited_summary.json
ActMem-VLA,3,1,10001,1000,15,1,257,1,/pfs/pfs-7jnepv/lgd/libero_fullmatrix_20260909/evaluations/gradientfix-lgd-t3-s1-c1000-e10001/audited_summary.json
ActMem-VLA,3,1,10001,1000,16,1,300,1,/pfs/pfs-7jnepv/lgd/libero_fullmatrix_20260909/evaluations/gradientfix-lgd-t3-s1-c1000-e10001/audited_summary.json
ActMem-VLA,3,1,10001,1000,17,1,333,1,/pfs/pfs-7jnepv/lgd/libero_fullmatrix_20260909/evaluations/gradientfix-lgd-t3-s1-c1000-e10001/audited_summary.json
ActMem-VLA,3,1,10001,1000,18,1,232,1,/pfs/pfs-7jnepv/lgd/libero_fullmatrix_20260909/evaluations/gradientfix-lgd-t3-s1-c1000-e10001/audited_summary.json
ActMem-VLA,3,1,10001,1000,19,1,388,1,/pfs/pfs-7jnepv/lgd/libero_fullmatrix_20260909/evaluations/gradientfix-lgd-t3-s1-c1000-e10001/audited_summary.json
ActMem-VLA,3,1,10002,1000,0,1,256,1,/pfs/pfs-7jnepv/lgd/libero_fullmatrix_20260909/evaluations/gradientfix-lgd-t3-s1-c1000-e10002/audited_summary.json
ActMem-VLA,3,1,10002,1000,1,1,247,1,/pfs/pfs-7jnepv/lgd/libero_fullmatrix_20260909/evaluations/gradientfix-lgd-t3-s1-c1000-e10002/audited_summary.json
ActMem-VLA,3,1,10002,1000,2,1,230,1,/pfs/pfs-7jnepv/lgd/libero_fullmatrix_20260909/evaluations/gradientfix-lgd-t3-s1-c1000-e10002/audited_summary.json
ActMem-VLA,3,1,10002,1000,3,1,267,1,/pfs/pfs-7jnepv/lgd/libero_fullmatrix_20260909/evaluations/gradientfix-lgd-t3-s1-c1000-e10002/audited_summary.json
ActMem-VLA,3,1,10002,1000,4,1,289,1,/pfs/pfs-7jnepv/lgd/libero_fullmatrix_20260909/evaluations/gradientfix-lgd-t3-s1-c1000-e10002/audited_summary.json
ActMem-VLA,3,1,10002,1000,5,1,263,1,/pfs/pfs-7jnepv/lgd/libero_fullmatrix_20260909/evaluations/gradientfix-lgd-t3-s1-c1000-e10002/audited_summary.json
ActMem-VLA,3,1,10002,1000,6,1,364,1,/pfs/pfs-7jnepv/lgd/libero_fullmatrix_20260909/evaluations/gradientfix-lgd-t3-s1-c1000-e10002/audited_summary.json
ActMem-VLA,3,1,10002,1000,7,1,234,1,/pfs/pfs-7jnepv/lgd/libero_fullmatrix_20260909/evaluations/gradientfix-lgd-t3-s1-c1000-e10002/audited_summary.json
ActMem-VLA,3,1,10002,1000,8,1,271,1,/pfs/pfs-7jnepv/lgd/libero_fullmatrix_20260909/evaluations/gradientfix-lgd-t3-s1-c1000-e10002/audited_summary.json
ActMem-VLA,3,1,10002,1000,9,1,264,1,/pfs/pfs-7jnepv/lgd/libero_fullmatrix_20260909/evaluations/gradientfix-lgd-t3-s1-c1000-e10002/audited_summary.json
ActMem-VLA,3,1,10002,1000,10,1,282,1,/pfs/pfs-7jnepv/lgd/libero_fullmatrix_20260909/evaluations/gradientfix-lgd-t3-s1-c1000-e10002/audited_summary.json
ActMem-VLA,3,1,10002,1000,11,1,246,1,/pfs/pfs-7jnepv/lgd/libero_fullmatrix_20260909/evaluations/gradientfix-lgd-t3-s1-c1000-e10002/audited_summary.json
ActMem-VLA,3,1,10002,1000,12,1,301,1,/pfs/pfs-7jnepv/lgd/libero_fullmatrix_20260909/evaluations/gradientfix-lgd-t3-s1-c1000-e10002/audited_summary.json
ActMem-VLA,3,1,10002,1000,13,1,300,1,/pfs/pfs-7jnepv/lgd/libero_fullmatrix_20260909/evaluations/gradientfix-lgd-t3-s1-c1000-e10002/audited_summary.json
ActMem-VLA,3,1,10002,1000,14,1,266,1,/pfs/pfs-7jnepv/lgd/libero_fullmatrix_20260909/evaluations/gradientfix-lgd-t3-s1-c1000-e10002/audited_summary.json
ActMem-VLA,3,1,10002,1000,15,1,309,1,/pfs/pfs-7jnepv/lgd/libero_fullmatrix_20260909/evaluations/gradientfix-lgd-t3-s1-c1000-e10002/audited_summary.json
ActMem-VLA,3,1,10002,1000,16,1,289,1,/pfs/pfs-7jnepv/lgd/libero_fullmatrix_20260909/evaluations/gradientfix-lgd-t3-s1-c1000-e10002/audited_summary.json
ActMem-VLA,3,1,10002,1000,17,1,259,1,/pfs/pfs-7jnepv/lgd/libero_fullmatrix_20260909/evaluations/gradientfix-lgd-t3-s1-c1000-e10002/audited_summary.json
ActMem-VLA,3,1,10002,1000,18,1,270,1,/pfs/pfs-7jnepv/lgd/libero_fullmatrix_20260909/evaluations/gradientfix-lgd-t3-s1-c1000-e10002/audited_summary.json
ActMem-VLA,3,1,10002,1000,19,1,271,1,/pfs/pfs-7jnepv/lgd/libero_fullmatrix_20260909/evaluations/gradientfix-lgd-t3-s1-c1000-e10002/audited_summary.json
ActMem-VLA,3,1,10003,1000,0,1,267,1,/pfs/pfs-7jnepv/lgd/libero_fullmatrix_20260909/evaluations/gradientfix-lgd-t3-s1-c1000-e10003/audited_summary.json
ActMem-VLA,3,1,10003,1000,1,1,225,1,/pfs/pfs-7jnepv/lgd/libero_fullmatrix_20260909/evaluations/gradientfix-lgd-t3-s1-c1000-e10003/audited_summary.json
ActMem-VLA,3,1,10003,1000,2,1,250,1,/pfs/pfs-7jnepv/lgd/libero_fullmatrix_20260909/evaluations/gradientfix-lgd-t3-s1-c1000-e10003/audited_summary.json
ActMem-VLA,3,1,10003,1000,3,1,264,1,/pfs/pfs-7jnepv/lgd/libero_fullmatrix_20260909/evaluations/gradientfix-lgd-t3-s1-c1000-e10003/audited_summary.json
ActMem-VLA,3,1,10003,1000,4,1,270,1,/pfs/pfs-7jnepv/lgd/libero_fullmatrix_20260909/evaluations/gradientfix-lgd-t3-s1-c1000-e10003/audited_summary.json
ActMem-VLA,3,1,10003,1000,5,1,244,1,/pfs/pfs-7jnepv/lgd/libero_fullmatrix_20260909/evaluations/gradientfix-lgd-t3-s1-c1000-e10003/audited_summary.json
ActMem-VLA,3,1,10003,1000,6,1,280,1,/pfs/pfs-7jnepv/lgd/libero_fullmatrix_20260909/evaluations/gradientfix-lgd-t3-s1-c1000-e10003/audited_summary.json
ActMem-VLA,3,1,10003,1000,7,1,345,1,/pfs/pfs-7jnepv/lgd/libero_fullmatrix_20260909/evaluations/gradientfix-lgd-t3-s1-c1000-e10003/audited_summary.json
ActMem-VLA,3,1,10003,1000,8,1,276,1,/pfs/pfs-7jnepv/lgd/libero_fullmatrix_20260909/evaluations/gradientfix-lgd-t3-s1-c1000-e10003/audited_summary.json
ActMem-VLA,3,1,10003,1000,9,1,298,1,/pfs/pfs-7jnepv/lgd/libero_fullmatrix_20260909/evaluations/gradientfix-lgd-t3-s1-c1000-e10003/audited_summary.json
ActMem-VLA,3,1,10003,1000,10,1,276,1,/pfs/pfs-7jnepv/lgd/libero_fullmatrix_20260909/evaluations/gradientfix-lgd-t3-s1-c1000-e10003/audited_summary.json
ActMem-VLA,3,1,10003,1000,11,1,267,1,/pfs/pfs-7jnepv/lgd/libero_fullmatrix_20260909/evaluations/gradientfix-lgd-t3-s1-c1000-e10003/audited_summary.json
ActMem-VLA,3,1,10003,1000,12,1,302,1,/pfs/pfs-7jnepv/lgd/libero_fullmatrix_20260909/evaluations/gradientfix-lgd-t3-s1-c1000-e10003/audited_summary.json
ActMem-VLA,3,1,10003,1000,13,1,302,1,/pfs/pfs-7jnepv/lgd/libero_fullmatrix_20260909/evaluations/gradientfix-lgd-t3-s1-c1000-e10003/audited_summary.json
ActMem-VLA,3,1,10003,1000,14,1,550,1,/pfs/pfs-7jnepv/lgd/libero_fullmatrix_20260909/evaluations/gradientfix-lgd-t3-s1-c1000-e10003/audited_summary.json
ActMem-VLA,3,1,10003,1000,15,1,288,1,/pfs/pfs-7jnepv/lgd/libero_fullmatrix_20260909/evaluations/gradientfix-lgd-t3-s1-c1000-e10003/audited_summary.json
ActMem-VLA,3,1,10003,1000,16,1,289,1,/pfs/pfs-7jnepv/lgd/libero_fullmatrix_20260909/evaluations/gradientfix-lgd-t3-s1-c1000-e10003/audited_summary.json
ActMem-VLA,3,1,10003,1000,17,1,288,1,/pfs/pfs-7jnepv/lgd/libero_fullmatrix_20260909/evaluations/gradientfix-lgd-t3-s1-c1000-e10003/audited_summary.json
ActMem-VLA,3,1,10003,1000,18,1,256,1,/pfs/pfs-7jnepv/lgd/libero_fullmatrix_20260909/evaluations/gradientfix-lgd-t3-s1-c1000-e10003/audited_summary.json
ActMem-VLA,3,1,10003,1000,19,1,264,1,/pfs/pfs-7jnepv/lgd/libero_fullmatrix_20260909/evaluations/gradientfix-lgd-t3-s1-c1000-e10003/audited_summary.json
ActMem-VLA,3,42,10001,1000,0,1,452,1,/pfs/pfs-7jnepv/lgd/libero_fullmatrix_20260909/evaluations/gradientfix-lgd-t3-s42-c1000-e10001/audited_summary.json
ActMem-VLA,3,42,10001,1000,1,1,250,1,/pfs/pfs-7jnepv/lgd/libero_fullmatrix_20260909/evaluations/gradientfix-lgd-t3-s42-c1000-e10001/audited_summary.json
ActMem-VLA,3,42,10001,1000,2,1,255,1,/pfs/pfs-7jnepv/lgd/libero_fullmatrix_20260909/evaluations/gradientfix-lgd-t3-s42-c1000-e10001/audited_summary.json
ActMem-VLA,3,42,10001,1000,3,1,299,1,/pfs/pfs-7jnepv/lgd/libero_fullmatrix_20260909/evaluations/gradientfix-lgd-t3-s42-c1000-e10001/audited_summary.json
ActMem-VLA,3,42,10001,1000,4,1,247,1,/pfs/pfs-7jnepv/lgd/libero_fullmatrix_20260909/evaluations/gradientfix-lgd-t3-s42-c1000-e10001/audited_summary.json
ActMem-VLA,3,42,10001,1000,5,1,288,1,/pfs/pfs-7jnepv/lgd/libero_fullmatrix_20260909/evaluations/gradientfix-lgd-t3-s42-c1000-e10001/audited_summary.json
ActMem-VLA,3,42,10001,1000,6,1,270,1,/pfs/pfs-7jnepv/lgd/libero_fullmatrix_20260909/evaluations/gradientfix-lgd-t3-s42-c1000-e10001/audited_summary.json
ActMem-VLA,3,42,10001,1000,7,1,281,1,/pfs/pfs-7jnepv/lgd/libero_fullmatrix_20260909/evaluations/gradientfix-lgd-t3-s42-c1000-e10001/audited_summary.json
ActMem-VLA,3,42,10001,1000,8,1,318,1,/pfs/pfs-7jnepv/lgd/libero_fullmatrix_20260909/evaluations/gradientfix-lgd-t3-s42-c1000-e10001/audited_summary.json
ActMem-VLA,3,42,10001,1000,9,1,287,1,/pfs/pfs-7jnepv/lgd/libero_fullmatrix_20260909/evaluations/gradientfix-lgd-t3-s42-c1000-e10001/audited_summary.json
ActMem-VLA,3,42,10001,1000,10,1,262,1,/pfs/pfs-7jnepv/lgd/libero_fullmatrix_20260909/evaluations/gradientfix-lgd-t3-s42-c1000-e10001/audited_summary.json
ActMem-VLA,3,42,10001,1000,11,1,230,1,/pfs/pfs-7jnepv/lgd/libero_fullmatrix_20260909/evaluations/gradientfix-lgd-t3-s42-c1000-e10001/audited_summary.json
ActMem-VLA,3,42,10001,1000,12,1,417,1,/pfs/pfs-7jnepv/lgd/libero_fullmatrix_20260909/evaluations/gradientfix-lgd-t3-s42-c1000-e10001/audited_summary.json
ActMem-VLA,3,42,10001,1000,13,1,256,1,/pfs/pfs-7jnepv/lgd/libero_fullmatrix_20260909/evaluations/gradientfix-lgd-t3-s42-c1000-e10001/audited_summary.json
ActMem-VLA,3,42,10001,1000,14,1,321,1,/pfs/pfs-7jnepv/lgd/libero_fullmatrix_20260909/evaluations/gradientfix-lgd-t3-s42-c1000-e10001/audited_summary.json
ActMem-VLA,3,42,10001,1000,15,1,314,1,/pfs/pfs-7jnepv/lgd/libero_fullmatrix_20260909/evaluations/gradientfix-lgd-t3-s42-c1000-e10001/audited_summary.json
ActMem-VLA,3,42,10001,1000,16,1,307,1,/pfs/pfs-7jnepv/lgd/libero_fullmatrix_20260909/evaluations/gradientfix-lgd-t3-s42-c1000-e10001/audited_summary.json
ActMem-VLA,3,42,10001,1000,17,1,264,1,/pfs/pfs-7jnepv/lgd/libero_fullmatrix_20260909/evaluations/gradientfix-lgd-t3-s42-c1000-e10001/audited_summary.json
ActMem-VLA,3,42,10001,1000,18,1,228,1,/pfs/pfs-7jnepv/lgd/libero_fullmatrix_20260909/evaluations/gradientfix-lgd-t3-s42-c1000-e10001/audited_summary.json
ActMem-VLA,3,42,10001,1000,19,1,285,1,/pfs/pfs-7jnepv/lgd/libero_fullmatrix_20260909/evaluations/gradientfix-lgd-t3-s42-c1000-e10001/audited_summary.json
ActMem-VLA,3,42,10002,1000,0,1,300,1,/pfs/pfs-7jnepv/lgd/libero_fullmatrix_20260909/evaluations/gradientfix-lgd-t3-s42-c1000-e10002/audited_summary.json
ActMem-VLA,3,42,10002,1000,1,1,239,1,/pfs/pfs-7jnepv/lgd/libero_fullmatrix_20260909/evaluations/gradientfix-lgd-t3-s42-c1000-e10002/audited_summary.json
ActMem-VLA,3,42,10002,1000,2,1,328,1,/pfs/pfs-7jnepv/lgd/libero_fullmatrix_20260909/evaluations/gradientfix-lgd-t3-s42-c1000-e10002/audited_summary.json
ActMem-VLA,3,42,10002,1000,3,1,228,1,/pfs/pfs-7jnepv/lgd/libero_fullmatrix_20260909/evaluations/gradientfix-lgd-t3-s42-c1000-e10002/audited_summary.json
ActMem-VLA,3,42,10002,1000,4,1,238,1,/pfs/pfs-7jnepv/lgd/libero_fullmatrix_20260909/evaluations/gradientfix-lgd-t3-s42-c1000-e10002/audited_summary.json
ActMem-VLA,3,42,10002,1000,5,1,251,1,/pfs/pfs-7jnepv/lgd/libero_fullmatrix_20260909/evaluations/gradientfix-lgd-t3-s42-c1000-e10002/audited_summary.json
ActMem-VLA,3,42,10002,1000,6,1,416,1,/pfs/pfs-7jnepv/lgd/libero_fullmatrix_20260909/evaluations/gradientfix-lgd-t3-s42-c1000-e10002/audited_summary.json
ActMem-VLA,3,42,10002,1000,7,1,253,1,/pfs/pfs-7jnepv/lgd/libero_fullmatrix_20260909/evaluations/gradientfix-lgd-t3-s42-c1000-e10002/audited_summary.json
ActMem-VLA,3,42,10002,1000,8,1,278,1,/pfs/pfs-7jnepv/lgd/libero_fullmatrix_20260909/evaluations/gradientfix-lgd-t3-s42-c1000-e10002/audited_summary.json
ActMem-VLA,3,42,10002,1000,9,1,285,1,/pfs/pfs-7jnepv/lgd/libero_fullmatrix_20260909/evaluations/gradientfix-lgd-t3-s42-c1000-e10002/audited_summary.json
ActMem-VLA,3,42,10002,1000,10,1,292,1,/pfs/pfs-7jnepv/lgd/libero_fullmatrix_20260909/evaluations/gradientfix-lgd-t3-s42-c1000-e10002/audited_summary.json
ActMem-VLA,3,42,10002,1000,11,1,283,1,/pfs/pfs-7jnepv/lgd/libero_fullmatrix_20260909/evaluations/gradientfix-lgd-t3-s42-c1000-e10002/audited_summary.json
ActMem-VLA,3,42,10002,1000,12,1,302,1,/pfs/pfs-7jnepv/lgd/libero_fullmatrix_20260909/evaluations/gradientfix-lgd-t3-s42-c1000-e10002/audited_summary.json
ActMem-VLA,3,42,10002,1000,13,1,265,1,/pfs/pfs-7jnepv/lgd/libero_fullmatrix_20260909/evaluations/gradientfix-lgd-t3-s42-c1000-e10002/audited_summary.json
ActMem-VLA,3,42,10002,1000,14,1,267,1,/pfs/pfs-7jnepv/lgd/libero_fullmatrix_20260909/evaluations/gradientfix-lgd-t3-s42-c1000-e10002/audited_summary.json
ActMem-VLA,3,42,10002,1000,15,1,291,1,/pfs/pfs-7jnepv/lgd/libero_fullmatrix_20260909/evaluations/gradientfix-lgd-t3-s42-c1000-e10002/audited_summary.json
ActMem-VLA,3,42,10002,1000,16,1,283,1,/pfs/pfs-7jnepv/lgd/libero_fullmatrix_20260909/evaluations/gradientfix-lgd-t3-s42-c1000-e10002/audited_summary.json
ActMem-VLA,3,42,10002,1000,17,1,304,1,/pfs/pfs-7jnepv/lgd/libero_fullmatrix_20260909/evaluations/gradientfix-lgd-t3-s42-c1000-e10002/audited_summary.json
ActMem-VLA,3,42,10002,1000,18,1,280,1,/pfs/pfs-7jnepv/lgd/libero_fullmatrix_20260909/evaluations/gradientfix-lgd-t3-s42-c1000-e10002/audited_summary.json
ActMem-VLA,3,42,10002,1000,19,1,377,1,/pfs/pfs-7jnepv/lgd/libero_fullmatrix_20260909/evaluations/gradientfix-lgd-t3-s42-c1000-e10002/audited_summary.json
ActMem-VLA,3,42,10003,1000,0,1,339,1,/pfs/pfs-7jnepv/lgd/libero_fullmatrix_20260909/evaluations/gradientfix-lgd-t3-s42-c1000-e10003/audited_summary.json
ActMem-VLA,3,42,10003,1000,1,1,297,1,/pfs/pfs-7jnepv/lgd/libero_fullmatrix_20260909/evaluations/gradientfix-lgd-t3-s42-c1000-e10003/audited_summary.json
ActMem-VLA,3,42,10003,1000,2,1,261,1,/pfs/pfs-7jnepv/lgd/libero_fullmatrix_20260909/evaluations/gradientfix-lgd-t3-s42-c1000-e10003/audited_summary.json
ActMem-VLA,3,42,10003,1000,3,1,382,1,/pfs/pfs-7jnepv/lgd/libero_fullmatrix_20260909/evaluations/gradientfix-lgd-t3-s42-c1000-e10003/audited_summary.json
ActMem-VLA,3,42,10003,1000,4,1,225,1,/pfs/pfs-7jnepv/lgd/libero_fullmatrix_20260909/evaluations/gradientfix-lgd-t3-s42-c1000-e10003/audited_summary.json
ActMem-VLA,3,42,10003,1000,5,1,302,1,/pfs/pfs-7jnepv/lgd/libero_fullmatrix_20260909/evaluations/gradientfix-lgd-t3-s42-c1000-e10003/audited_summary.json
ActMem-VLA,3,42,10003,1000,6,1,287,1,/pfs/pfs-7jnepv/lgd/libero_fullmatrix_20260909/evaluations/gradientfix-lgd-t3-s42-c1000-e10003/audited_summary.json
ActMem-VLA,3,42,10003,1000,7,1,237,1,/pfs/pfs-7jnepv/lgd/libero_fullmatrix_20260909/evaluations/gradientfix-lgd-t3-s42-c1000-e10003/audited_summary.json
ActMem-VLA,3,42,10003,1000,8,1,261,1,/pfs/pfs-7jnepv/lgd/libero_fullmatrix_20260909/evaluations/gradientfix-lgd-t3-s42-c1000-e10003/audited_summary.json
ActMem-VLA,3,42,10003,1000,9,1,459,1,/pfs/pfs-7jnepv/lgd/libero_fullmatrix_20260909/evaluations/gradientfix-lgd-t3-s42-c1000-e10003/audited_summary.json
ActMem-VLA,3,42,10003,1000,10,1,369,1,/pfs/pfs-7jnepv/lgd/libero_fullmatrix_20260909/evaluations/gradientfix-lgd-t3-s42-c1000-e10003/audited_summary.json
ActMem-VLA,3,42,10003,1000,11,1,260,1,/pfs/pfs-7jnepv/lgd/libero_fullmatrix_20260909/evaluations/gradientfix-lgd-t3-s42-c1000-e10003/audited_summary.json
ActMem-VLA,3,42,10003,1000,12,1,263,1,/pfs/pfs-7jnepv/lgd/libero_fullmatrix_20260909/evaluations/gradientfix-lgd-t3-s42-c1000-e10003/audited_summary.json
ActMem-VLA,3,42,10003,1000,13,1,229,1,/pfs/pfs-7jnepv/lgd/libero_fullmatrix_20260909/evaluations/gradientfix-lgd-t3-s42-c1000-e10003/audited_summary.json
ActMem-VLA,3,42,10003,1000,14,1,465,1,/pfs/pfs-7jnepv/lgd/libero_fullmatrix_20260909/evaluations/gradientfix-lgd-t3-s42-c1000-e10003/audited_summary.json
ActMem-VLA,3,42,10003,1000,15,1,268,1,/pfs/pfs-7jnepv/lgd/libero_fullmatrix_20260909/evaluations/gradientfix-lgd-t3-s42-c1000-e10003/audited_summary.json
ActMem-VLA,3,42,10003,1000,16,1,241,1,/pfs/pfs-7jnepv/lgd/libero_fullmatrix_20260909/evaluations/gradientfix-lgd-t3-s42-c1000-e10003/audited_summary.json
ActMem-VLA,3,42,10003,1000,17,1,255,1,/pfs/pfs-7jnepv/lgd/libero_fullmatrix_20260909/evaluations/gradientfix-lgd-t3-s42-c1000-e10003/audited_summary.json
ActMem-VLA,3,42,10003,1000,18,1,254,1,/pfs/pfs-7jnepv/lgd/libero_fullmatrix_20260909/evaluations/gradientfix-lgd-t3-s42-c1000-e10003/audited_summary.json
ActMem-VLA,3,42,10003,1000,19,1,342,1,/pfs/pfs-7jnepv/lgd/libero_fullmatrix_20260909/evaluations/gradientfix-lgd-t3-s42-c1000-e10003/audited_summary.json
ActMem-VLA,4,0,10001,1000,0,1,278,1,/pfs/pfs-7jnepv/lgd/libero_fullmatrix_20260909/evaluations/gradientfix-lgd-t4-s0-c1000-e10001/audited_summary.json
ActMem-VLA,4,0,10001,1000,1,1,254,1,/pfs/pfs-7jnepv/lgd/libero_fullmatrix_20260909/evaluations/gradientfix-lgd-t4-s0-c1000-e10001/audited_summary.json
ActMem-VLA,4,0,10001,1000,2,1,241,1,/pfs/pfs-7jnepv/lgd/libero_fullmatrix_20260909/evaluations/gradientfix-lgd-t4-s0-c1000-e10001/audited_summary.json
ActMem-VLA,4,0,10001,1000,3,1,295,1,/pfs/pfs-7jnepv/lgd/libero_fullmatrix_20260909/evaluations/gradientfix-lgd-t4-s0-c1000-e10001/audited_summary.json
ActMem-VLA,4,0,10001,1000,4,1,300,1,/pfs/pfs-7jnepv/lgd/libero_fullmatrix_20260909/evaluations/gradientfix-lgd-t4-s0-c1000-e10001/audited_summary.json
ActMem-VLA,4,0,10001,1000,5,1,327,1,/pfs/pfs-7jnepv/lgd/libero_fullmatrix_20260909/evaluations/gradientfix-lgd-t4-s0-c1000-e10001/audited_summary.json
ActMem-VLA,4,0,10001,1000,6,1,230,1,/pfs/pfs-7jnepv/lgd/libero_fullmatrix_20260909/evaluations/gradientfix-lgd-t4-s0-c1000-e10001/audited_summary.json
ActMem-VLA,4,0,10001,1000,7,1,294,1,/pfs/pfs-7jnepv/lgd/libero_fullmatrix_20260909/evaluations/gradientfix-lgd-t4-s0-c1000-e10001/audited_summary.json
ActMem-VLA,4,0,10001,1000,8,1,274,1,/pfs/pfs-7jnepv/lgd/libero_fullmatrix_20260909/evaluations/gradientfix-lgd-t4-s0-c1000-e10001/audited_summary.json
ActMem-VLA,4,0,10001,1000,9,1,362,1,/pfs/pfs-7jnepv/lgd/libero_fullmatrix_20260909/evaluations/gradientfix-lgd-t4-s0-c1000-e10001/audited_summary.json
ActMem-VLA,4,0,10001,1000,10,1,262,1,/pfs/pfs-7jnepv/lgd/libero_fullmatrix_20260909/evaluations/gradientfix-lgd-t4-s0-c1000-e10001/audited_summary.json
ActMem-VLA,4,0,10001,1000,11,1,247,1,/pfs/pfs-7jnepv/lgd/libero_fullmatrix_20260909/evaluations/gradientfix-lgd-t4-s0-c1000-e10001/audited_summary.json
ActMem-VLA,4,0,10001,1000,12,1,256,1,/pfs/pfs-7jnepv/lgd/libero_fullmatrix_20260909/evaluations/gradientfix-lgd-t4-s0-c1000-e10001/audited_summary.json
ActMem-VLA,4,0,10001,1000,13,1,325,1,/pfs/pfs-7jnepv/lgd/libero_fullmatrix_20260909/evaluations/gradientfix-lgd-t4-s0-c1000-e10001/audited_summary.json
ActMem-VLA,4,0,10001,1000,14,1,361,1,/pfs/pfs-7jnepv/lgd/libero_fullmatrix_20260909/evaluations/gradientfix-lgd-t4-s0-c1000-e10001/audited_summary.json
ActMem-VLA,4,0,10001,1000,15,1,283,1,/pfs/pfs-7jnepv/lgd/libero_fullmatrix_20260909/evaluations/gradientfix-lgd-t4-s0-c1000-e10001/audited_summary.json
ActMem-VLA,4,0,10001,1000,16,1,381,1,/pfs/pfs-7jnepv/lgd/libero_fullmatrix_20260909/evaluations/gradientfix-lgd-t4-s0-c1000-e10001/audited_summary.json
ActMem-VLA,4,0,10001,1000,17,1,301,1,/pfs/pfs-7jnepv/lgd/libero_fullmatrix_20260909/evaluations/gradientfix-lgd-t4-s0-c1000-e10001/audited_summary.json
ActMem-VLA,4,0,10001,1000,18,1,318,1,/pfs/pfs-7jnepv/lgd/libero_fullmatrix_20260909/evaluations/gradientfix-lgd-t4-s0-c1000-e10001/audited_summary.json
ActMem-VLA,4,0,10001,1000,19,1,248,1,/pfs/pfs-7jnepv/lgd/libero_fullmatrix_20260909/evaluations/gradientfix-lgd-t4-s0-c1000-e10001/audited_summary.json
ActMem-VLA,4,0,10002,1000,0,1,291,1,/pfs/pfs-7jnepv/lgd/libero_fullmatrix_20260909/evaluations/gradientfix-lgd-t4-s0-c1000-e10002/audited_summary.json
ActMem-VLA,4,0,10002,1000,1,1,368,1,/pfs/pfs-7jnepv/lgd/libero_fullmatrix_20260909/evaluations/gradientfix-lgd-t4-s0-c1000-e10002/audited_summary.json
ActMem-VLA,4,0,10002,1000,2,1,250,1,/pfs/pfs-7jnepv/lgd/libero_fullmatrix_20260909/evaluations/gradientfix-lgd-t4-s0-c1000-e10002/audited_summary.json
ActMem-VLA,4,0,10002,1000,3,1,250,1,/pfs/pfs-7jnepv/lgd/libero_fullmatrix_20260909/evaluations/gradientfix-lgd-t4-s0-c1000-e10002/audited_summary.json
ActMem-VLA,4,0,10002,1000,4,1,255,1,/pfs/pfs-7jnepv/lgd/libero_fullmatrix_20260909/evaluations/gradientfix-lgd-t4-s0-c1000-e10002/audited_summary.json
ActMem-VLA,4,0,10002,1000,5,1,304,1,/pfs/pfs-7jnepv/lgd/libero_fullmatrix_20260909/evaluations/gradientfix-lgd-t4-s0-c1000-e10002/audited_summary.json
ActMem-VLA,4,0,10002,1000,6,1,219,1,/pfs/pfs-7jnepv/lgd/libero_fullmatrix_20260909/evaluations/gradientfix-lgd-t4-s0-c1000-e10002/audited_summary.json
ActMem-VLA,4,0,10002,1000,7,1,346,1,/pfs/pfs-7jnepv/lgd/libero_fullmatrix_20260909/evaluations/gradientfix-lgd-t4-s0-c1000-e10002/audited_summary.json
ActMem-VLA,4,0,10002,1000,8,1,246,1,/pfs/pfs-7jnepv/lgd/libero_fullmatrix_20260909/evaluations/gradientfix-lgd-t4-s0-c1000-e10002/audited_summary.json
ActMem-VLA,4,0,10002,1000,9,1,253,1,/pfs/pfs-7jnepv/lgd/libero_fullmatrix_20260909/evaluations/gradientfix-lgd-t4-s0-c1000-e10002/audited_summary.json
ActMem-VLA,4,0,10002,1000,10,1,320,1,/pfs/pfs-7jnepv/lgd/libero_fullmatrix_20260909/evaluations/gradientfix-lgd-t4-s0-c1000-e10002/audited_summary.json
ActMem-VLA,4,0,10002,1000,11,1,242,1,/pfs/pfs-7jnepv/lgd/libero_fullmatrix_20260909/evaluations/gradientfix-lgd-t4-s0-c1000-e10002/audited_summary.json
ActMem-VLA,4,0,10002,1000,12,1,264,1,/pfs/pfs-7jnepv/lgd/libero_fullmatrix_20260909/evaluations/gradientfix-lgd-t4-s0-c1000-e10002/audited_summary.json
ActMem-VLA,4,0,10002,1000,13,1,305,1,/pfs/pfs-7jnepv/lgd/libero_fullmatrix_20260909/evaluations/gradientfix-lgd-t4-s0-c1000-e10002/audited_summary.json
ActMem-VLA,4,0,10002,1000,14,1,335,1,/pfs/pfs-7jnepv/lgd/libero_fullmatrix_20260909/evaluations/gradientfix-lgd-t4-s0-c1000-e10002/audited_summary.json
ActMem-VLA,4,0,10002,1000,15,1,228,1,/pfs/pfs-7jnepv/lgd/libero_fullmatrix_20260909/evaluations/gradientfix-lgd-t4-s0-c1000-e10002/audited_summary.json
ActMem-VLA,4,0,10002,1000,16,1,329,1,/pfs/pfs-7jnepv/lgd/libero_fullmatrix_20260909/evaluations/gradientfix-lgd-t4-s0-c1000-e10002/audited_summary.json
ActMem-VLA,4,0,10002,1000,17,1,231,1,/pfs/pfs-7jnepv/lgd/libero_fullmatrix_20260909/evaluations/gradientfix-lgd-t4-s0-c1000-e10002/audited_summary.json
ActMem-VLA,4,0,10002,1000,18,1,264,1,/pfs/pfs-7jnepv/lgd/libero_fullmatrix_20260909/evaluations/gradientfix-lgd-t4-s0-c1000-e10002/audited_summary.json
ActMem-VLA,4,0,10002,1000,19,1,294,1,/pfs/pfs-7jnepv/lgd/libero_fullmatrix_20260909/evaluations/gradientfix-lgd-t4-s0-c1000-e10002/audited_summary.json
ActMem-VLA,4,0,10003,1000,0,1,309,1,/pfs/pfs-7jnepv/lgd/libero_fullmatrix_20260909/evaluations/gradientfix-lgd-t4-s0-c1000-e10003/audited_summary.json
ActMem-VLA,4,0,10003,1000,1,1,265,1,/pfs/pfs-7jnepv/lgd/libero_fullmatrix_20260909/evaluations/gradientfix-lgd-t4-s0-c1000-e10003/audited_summary.json
ActMem-VLA,4,0,10003,1000,2,1,385,1,/pfs/pfs-7jnepv/lgd/libero_fullmatrix_20260909/evaluations/gradientfix-lgd-t4-s0-c1000-e10003/audited_summary.json
ActMem-VLA,4,0,10003,1000,3,1,243,1,/pfs/pfs-7jnepv/lgd/libero_fullmatrix_20260909/evaluations/gradientfix-lgd-t4-s0-c1000-e10003/audited_summary.json
ActMem-VLA,4,0,10003,1000,4,1,237,1,/pfs/pfs-7jnepv/lgd/libero_fullmatrix_20260909/evaluations/gradientfix-lgd-t4-s0-c1000-e10003/audited_summary.json
ActMem-VLA,4,0,10003,1000,5,1,218,1,/pfs/pfs-7jnepv/lgd/libero_fullmatrix_20260909/evaluations/gradientfix-lgd-t4-s0-c1000-e10003/audited_summary.json
ActMem-VLA,4,0,10003,1000,6,1,239,1,/pfs/pfs-7jnepv/lgd/libero_fullmatrix_20260909/evaluations/gradientfix-lgd-t4-s0-c1000-e10003/audited_summary.json
ActMem-VLA,4,0,10003,1000,7,1,343,1,/pfs/pfs-7jnepv/lgd/libero_fullmatrix_20260909/evaluations/gradientfix-lgd-t4-s0-c1000-e10003/audited_summary.json
ActMem-VLA,4,0,10003,1000,8,1,257,1,/pfs/pfs-7jnepv/lgd/libero_fullmatrix_20260909/evaluations/gradientfix-lgd-t4-s0-c1000-e10003/audited_summary.json
ActMem-VLA,4,0,10003,1000,9,1,231,1,/pfs/pfs-7jnepv/lgd/libero_fullmatrix_20260909/evaluations/gradientfix-lgd-t4-s0-c1000-e10003/audited_summary.json
ActMem-VLA,4,0,10003,1000,10,1,410,1,/pfs/pfs-7jnepv/lgd/libero_fullmatrix_20260909/evaluations/gradientfix-lgd-t4-s0-c1000-e10003/audited_summary.json
ActMem-VLA,4,0,10003,1000,11,1,449,1,/pfs/pfs-7jnepv/lgd/libero_fullmatrix_20260909/evaluations/gradientfix-lgd-t4-s0-c1000-e10003/audited_summary.json
ActMem-VLA,4,0,10003,1000,12,1,252,1,/pfs/pfs-7jnepv/lgd/libero_fullmatrix_20260909/evaluations/gradientfix-lgd-t4-s0-c1000-e10003/audited_summary.json
ActMem-VLA,4,0,10003,1000,13,1,308,1,/pfs/pfs-7jnepv/lgd/libero_fullmatrix_20260909/evaluations/gradientfix-lgd-t4-s0-c1000-e10003/audited_summary.json
ActMem-VLA,4,0,10003,1000,14,1,495,1,/pfs/pfs-7jnepv/lgd/libero_fullmatrix_20260909/evaluations/gradientfix-lgd-t4-s0-c1000-e10003/audited_summary.json
ActMem-VLA,4,0,10003,1000,15,1,243,1,/pfs/pfs-7jnepv/lgd/libero_fullmatrix_20260909/evaluations/gradientfix-lgd-t4-s0-c1000-e10003/audited_summary.json
ActMem-VLA,4,0,10003,1000,16,1,363,1,/pfs/pfs-7jnepv/lgd/libero_fullmatrix_20260909/evaluations/gradientfix-lgd-t4-s0-c1000-e10003/audited_summary.json
ActMem-VLA,4,0,10003,1000,17,1,220,1,/pfs/pfs-7jnepv/lgd/libero_fullmatrix_20260909/evaluations/gradientfix-lgd-t4-s0-c1000-e10003/audited_summary.json
ActMem-VLA,4,0,10003,1000,18,1,298,1,/pfs/pfs-7jnepv/lgd/libero_fullmatrix_20260909/evaluations/gradientfix-lgd-t4-s0-c1000-e10003/audited_summary.json
ActMem-VLA,4,0,10003,1000,19,1,328,1,/pfs/pfs-7jnepv/lgd/libero_fullmatrix_20260909/evaluations/gradientfix-lgd-t4-s0-c1000-e10003/audited_summary.json
ActMem-VLA,4,1,10001,500,0,1,277,1,/pfs/pfs-7jnepv/lgd/libero_fullmatrix_20260909/evaluations/gradientfix-lgd-t4-s1-c500-e10001/audited_summary.json
ActMem-VLA,4,1,10001,500,1,1,293,1,/pfs/pfs-7jnepv/lgd/libero_fullmatrix_20260909/evaluations/gradientfix-lgd-t4-s1-c500-e10001/audited_summary.json
ActMem-VLA,4,1,10001,500,2,1,253,1,/pfs/pfs-7jnepv/lgd/libero_fullmatrix_20260909/evaluations/gradientfix-lgd-t4-s1-c500-e10001/audited_summary.json
ActMem-VLA,4,1,10001,500,3,1,278,1,/pfs/pfs-7jnepv/lgd/libero_fullmatrix_20260909/evaluations/gradientfix-lgd-t4-s1-c500-e10001/audited_summary.json
ActMem-VLA,4,1,10001,500,4,1,272,1,/pfs/pfs-7jnepv/lgd/libero_fullmatrix_20260909/evaluations/gradientfix-lgd-t4-s1-c500-e10001/audited_summary.json
ActMem-VLA,4,1,10001,500,5,1,254,1,/pfs/pfs-7jnepv/lgd/libero_fullmatrix_20260909/evaluations/gradientfix-lgd-t4-s1-c500-e10001/audited_summary.json
ActMem-VLA,4,1,10001,500,6,1,299,1,/pfs/pfs-7jnepv/lgd/libero_fullmatrix_20260909/evaluations/gradientfix-lgd-t4-s1-c500-e10001/audited_summary.json
ActMem-VLA,4,1,10001,500,7,1,300,1,/pfs/pfs-7jnepv/lgd/libero_fullmatrix_20260909/evaluations/gradientfix-lgd-t4-s1-c500-e10001/audited_summary.json
ActMem-VLA,4,1,10001,500,8,1,240,1,/pfs/pfs-7jnepv/lgd/libero_fullmatrix_20260909/evaluations/gradientfix-lgd-t4-s1-c500-e10001/audited_summary.json
ActMem-VLA,4,1,10001,500,9,1,301,1,/pfs/pfs-7jnepv/lgd/libero_fullmatrix_20260909/evaluations/gradientfix-lgd-t4-s1-c500-e10001/audited_summary.json
ActMem-VLA,4,1,10001,500,10,1,344,1,/pfs/pfs-7jnepv/lgd/libero_fullmatrix_20260909/evaluations/gradientfix-lgd-t4-s1-c500-e10001/audited_summary.json
ActMem-VLA,4,1,10001,500,11,1,288,1,/pfs/pfs-7jnepv/lgd/libero_fullmatrix_20260909/evaluations/gradientfix-lgd-t4-s1-c500-e10001/audited_summary.json
ActMem-VLA,4,1,10001,500,12,1,270,1,/pfs/pfs-7jnepv/lgd/libero_fullmatrix_20260909/evaluations/gradientfix-lgd-t4-s1-c500-e10001/audited_summary.json
ActMem-VLA,4,1,10001,500,13,1,252,1,/pfs/pfs-7jnepv/lgd/libero_fullmatrix_20260909/evaluations/gradientfix-lgd-t4-s1-c500-e10001/audited_summary.json
ActMem-VLA,4,1,10001,500,14,1,329,1,/pfs/pfs-7jnepv/lgd/libero_fullmatrix_20260909/evaluations/gradientfix-lgd-t4-s1-c500-e10001/audited_summary.json
ActMem-VLA,4,1,10001,500,15,1,300,1,/pfs/pfs-7jnepv/lgd/libero_fullmatrix_20260909/evaluations/gradientfix-lgd-t4-s1-c500-e10001/audited_summary.json
ActMem-VLA,4,1,10001,500,16,1,240,1,/pfs/pfs-7jnepv/lgd/libero_fullmatrix_20260909/evaluations/gradientfix-lgd-t4-s1-c500-e10001/audited_summary.json
ActMem-VLA,4,1,10001,500,17,1,448,1,/pfs/pfs-7jnepv/lgd/libero_fullmatrix_20260909/evaluations/gradientfix-lgd-t4-s1-c500-e10001/audited_summary.json
ActMem-VLA,4,1,10001,500,18,1,235,1,/pfs/pfs-7jnepv/lgd/libero_fullmatrix_20260909/evaluations/gradientfix-lgd-t4-s1-c500-e10001/audited_summary.json
ActMem-VLA,4,1,10001,500,19,1,248,1,/pfs/pfs-7jnepv/lgd/libero_fullmatrix_20260909/evaluations/gradientfix-lgd-t4-s1-c500-e10001/audited_summary.json
ActMem-VLA,4,1,10002,500,0,1,274,1,/pfs/pfs-7jnepv/lgd/libero_fullmatrix_20260909/evaluations/gradientfix-lgd-t4-s1-c500-e10002/audited_summary.json
ActMem-VLA,4,1,10002,500,1,1,261,1,/pfs/pfs-7jnepv/lgd/libero_fullmatrix_20260909/evaluations/gradientfix-lgd-t4-s1-c500-e10002/audited_summary.json
ActMem-VLA,4,1,10002,500,2,1,265,1,/pfs/pfs-7jnepv/lgd/libero_fullmatrix_20260909/evaluations/gradientfix-lgd-t4-s1-c500-e10002/audited_summary.json
ActMem-VLA,4,1,10002,500,3,1,271,1,/pfs/pfs-7jnepv/lgd/libero_fullmatrix_20260909/evaluations/gradientfix-lgd-t4-s1-c500-e10002/audited_summary.json
ActMem-VLA,4,1,10002,500,4,1,270,1,/pfs/pfs-7jnepv/lgd/libero_fullmatrix_20260909/evaluations/gradientfix-lgd-t4-s1-c500-e10002/audited_summary.json
ActMem-VLA,4,1,10002,500,5,1,303,1,/pfs/pfs-7jnepv/lgd/libero_fullmatrix_20260909/evaluations/gradientfix-lgd-t4-s1-c500-e10002/audited_summary.json
ActMem-VLA,4,1,10002,500,6,1,308,1,/pfs/pfs-7jnepv/lgd/libero_fullmatrix_20260909/evaluations/gradientfix-lgd-t4-s1-c500-e10002/audited_summary.json
ActMem-VLA,4,1,10002,500,7,1,299,1,/pfs/pfs-7jnepv/lgd/libero_fullmatrix_20260909/evaluations/gradientfix-lgd-t4-s1-c500-e10002/audited_summary.json
ActMem-VLA,4,1,10002,500,8,1,282,1,/pfs/pfs-7jnepv/lgd/libero_fullmatrix_20260909/evaluations/gradientfix-lgd-t4-s1-c500-e10002/audited_summary.json
ActMem-VLA,4,1,10002,500,9,1,233,1,/pfs/pfs-7jnepv/lgd/libero_fullmatrix_20260909/evaluations/gradientfix-lgd-t4-s1-c500-e10002/audited_summary.json
ActMem-VLA,4,1,10002,500,10,1,396,1,/pfs/pfs-7jnepv/lgd/libero_fullmatrix_20260909/evaluations/gradientfix-lgd-t4-s1-c500-e10002/audited_summary.json
ActMem-VLA,4,1,10002,500,11,1,398,1,/pfs/pfs-7jnepv/lgd/libero_fullmatrix_20260909/evaluations/gradientfix-lgd-t4-s1-c500-e10002/audited_summary.json
ActMem-VLA,4,1,10002,500,12,1,322,1,/pfs/pfs-7jnepv/lgd/libero_fullmatrix_20260909/evaluations/gradientfix-lgd-t4-s1-c500-e10002/audited_summary.json
ActMem-VLA,4,1,10002,500,13,1,292,1,/pfs/pfs-7jnepv/lgd/libero_fullmatrix_20260909/evaluations/gradientfix-lgd-t4-s1-c500-e10002/audited_summary.json
ActMem-VLA,4,1,10002,500,14,1,312,1,/pfs/pfs-7jnepv/lgd/libero_fullmatrix_20260909/evaluations/gradientfix-lgd-t4-s1-c500-e10002/audited_summary.json
ActMem-VLA,4,1,10002,500,15,1,280,1,/pfs/pfs-7jnepv/lgd/libero_fullmatrix_20260909/evaluations/gradientfix-lgd-t4-s1-c500-e10002/audited_summary.json
ActMem-VLA,4,1,10002,500,16,1,248,1,/pfs/pfs-7jnepv/lgd/libero_fullmatrix_20260909/evaluations/gradientfix-lgd-t4-s1-c500-e10002/audited_summary.json
ActMem-VLA,4,1,10002,500,17,1,280,1,/pfs/pfs-7jnepv/lgd/libero_fullmatrix_20260909/evaluations/gradientfix-lgd-t4-s1-c500-e10002/audited_summary.json
ActMem-VLA,4,1,10002,500,18,1,310,1,/pfs/pfs-7jnepv/lgd/libero_fullmatrix_20260909/evaluations/gradientfix-lgd-t4-s1-c500-e10002/audited_summary.json
ActMem-VLA,4,1,10002,500,19,1,306,1,/pfs/pfs-7jnepv/lgd/libero_fullmatrix_20260909/evaluations/gradientfix-lgd-t4-s1-c500-e10002/audited_summary.json
ActMem-VLA,4,1,10003,500,0,1,353,1,/pfs/pfs-7jnepv/lgd/libero_fullmatrix_20260909/evaluations/gradientfix-lgd-t4-s1-c500-e10003/audited_summary.json
ActMem-VLA,4,1,10003,500,1,1,388,1,/pfs/pfs-7jnepv/lgd/libero_fullmatrix_20260909/evaluations/gradientfix-lgd-t4-s1-c500-e10003/audited_summary.json
ActMem-VLA,4,1,10003,500,2,1,232,1,/pfs/pfs-7jnepv/lgd/libero_fullmatrix_20260909/evaluations/gradientfix-lgd-t4-s1-c500-e10003/audited_summary.json
ActMem-VLA,4,1,10003,500,3,1,253,1,/pfs/pfs-7jnepv/lgd/libero_fullmatrix_20260909/evaluations/gradientfix-lgd-t4-s1-c500-e10003/audited_summary.json
ActMem-VLA,4,1,10003,500,4,1,237,1,/pfs/pfs-7jnepv/lgd/libero_fullmatrix_20260909/evaluations/gradientfix-lgd-t4-s1-c500-e10003/audited_summary.json
ActMem-VLA,4,1,10003,500,5,1,248,1,/pfs/pfs-7jnepv/lgd/libero_fullmatrix_20260909/evaluations/gradientfix-lgd-t4-s1-c500-e10003/audited_summary.json
ActMem-VLA,4,1,10003,500,6,1,312,1,/pfs/pfs-7jnepv/lgd/libero_fullmatrix_20260909/evaluations/gradientfix-lgd-t4-s1-c500-e10003/audited_summary.json
ActMem-VLA,4,1,10003,500,7,1,257,1,/pfs/pfs-7jnepv/lgd/libero_fullmatrix_20260909/evaluations/gradientfix-lgd-t4-s1-c500-e10003/audited_summary.json
ActMem-VLA,4,1,10003,500,8,1,290,1,/pfs/pfs-7jnepv/lgd/libero_fullmatrix_20260909/evaluations/gradientfix-lgd-t4-s1-c500-e10003/audited_summary.json
ActMem-VLA,4,1,10003,500,9,1,229,1,/pfs/pfs-7jnepv/lgd/libero_fullmatrix_20260909/evaluations/gradientfix-lgd-t4-s1-c500-e10003/audited_summary.json
ActMem-VLA,4,1,10003,500,10,1,324,1,/pfs/pfs-7jnepv/lgd/libero_fullmatrix_20260909/evaluations/gradientfix-lgd-t4-s1-c500-e10003/audited_summary.json
ActMem-VLA,4,1,10003,500,11,1,352,1,/pfs/pfs-7jnepv/lgd/libero_fullmatrix_20260909/evaluations/gradientfix-lgd-t4-s1-c500-e10003/audited_summary.json
ActMem-VLA,4,1,10003,500,12,1,285,1,/pfs/pfs-7jnepv/lgd/libero_fullmatrix_20260909/evaluations/gradientfix-lgd-t4-s1-c500-e10003/audited_summary.json
ActMem-VLA,4,1,10003,500,13,1,256,1,/pfs/pfs-7jnepv/lgd/libero_fullmatrix_20260909/evaluations/gradientfix-lgd-t4-s1-c500-e10003/audited_summary.json
ActMem-VLA,4,1,10003,500,14,1,371,1,/pfs/pfs-7jnepv/lgd/libero_fullmatrix_20260909/evaluations/gradientfix-lgd-t4-s1-c500-e10003/audited_summary.json
ActMem-VLA,4,1,10003,500,15,1,236,1,/pfs/pfs-7jnepv/lgd/libero_fullmatrix_20260909/evaluations/gradientfix-lgd-t4-s1-c500-e10003/audited_summary.json
ActMem-VLA,4,1,10003,500,16,1,349,1,/pfs/pfs-7jnepv/lgd/libero_fullmatrix_20260909/evaluations/gradientfix-lgd-t4-s1-c500-e10003/audited_summary.json
ActMem-VLA,4,1,10003,500,17,1,235,1,/pfs/pfs-7jnepv/lgd/libero_fullmatrix_20260909/evaluations/gradientfix-lgd-t4-s1-c500-e10003/audited_summary.json
ActMem-VLA,4,1,10003,500,18,1,255,1,/pfs/pfs-7jnepv/lgd/libero_fullmatrix_20260909/evaluations/gradientfix-lgd-t4-s1-c500-e10003/audited_summary.json
ActMem-VLA,4,1,10003,500,19,1,285,1,/pfs/pfs-7jnepv/lgd/libero_fullmatrix_20260909/evaluations/gradientfix-lgd-t4-s1-c500-e10003/audited_summary.json
ActMem-VLA,4,42,10001,1500,0,1,278,1,/pfs/pfs-7jnepv/lgd/libero_fullmatrix_20260909/evaluations/gradientfix-lgd-t4-s42-c1500-e10001/audited_summary.json
ActMem-VLA,4,42,10001,1500,1,1,253,1,/pfs/pfs-7jnepv/lgd/libero_fullmatrix_20260909/evaluations/gradientfix-lgd-t4-s42-c1500-e10001/audited_summary.json
ActMem-VLA,4,42,10001,1500,2,1,209,1,/pfs/pfs-7jnepv/lgd/libero_fullmatrix_20260909/evaluations/gradientfix-lgd-t4-s42-c1500-e10001/audited_summary.json
ActMem-VLA,4,42,10001,1500,3,1,257,1,/pfs/pfs-7jnepv/lgd/libero_fullmatrix_20260909/evaluations/gradientfix-lgd-t4-s42-c1500-e10001/audited_summary.json
ActMem-VLA,4,42,10001,1500,4,1,251,1,/pfs/pfs-7jnepv/lgd/libero_fullmatrix_20260909/evaluations/gradientfix-lgd-t4-s42-c1500-e10001/audited_summary.json
ActMem-VLA,4,42,10001,1500,5,1,253,1,/pfs/pfs-7jnepv/lgd/libero_fullmatrix_20260909/evaluations/gradientfix-lgd-t4-s42-c1500-e10001/audited_summary.json
ActMem-VLA,4,42,10001,1500,6,1,288,1,/pfs/pfs-7jnepv/lgd/libero_fullmatrix_20260909/evaluations/gradientfix-lgd-t4-s42-c1500-e10001/audited_summary.json
ActMem-VLA,4,42,10001,1500,7,1,318,1,/pfs/pfs-7jnepv/lgd/libero_fullmatrix_20260909/evaluations/gradientfix-lgd-t4-s42-c1500-e10001/audited_summary.json
ActMem-VLA,4,42,10001,1500,8,1,255,1,/pfs/pfs-7jnepv/lgd/libero_fullmatrix_20260909/evaluations/gradientfix-lgd-t4-s42-c1500-e10001/audited_summary.json
ActMem-VLA,4,42,10001,1500,9,1,454,1,/pfs/pfs-7jnepv/lgd/libero_fullmatrix_20260909/evaluations/gradientfix-lgd-t4-s42-c1500-e10001/audited_summary.json
ActMem-VLA,4,42,10001,1500,10,1,300,1,/pfs/pfs-7jnepv/lgd/libero_fullmatrix_20260909/evaluations/gradientfix-lgd-t4-s42-c1500-e10001/audited_summary.json
ActMem-VLA,4,42,10001,1500,11,1,229,1,/pfs/pfs-7jnepv/lgd/libero_fullmatrix_20260909/evaluations/gradientfix-lgd-t4-s42-c1500-e10001/audited_summary.json
ActMem-VLA,4,42,10001,1500,12,1,333,1,/pfs/pfs-7jnepv/lgd/libero_fullmatrix_20260909/evaluations/gradientfix-lgd-t4-s42-c1500-e10001/audited_summary.json
ActMem-VLA,4,42,10001,1500,13,1,251,1,/pfs/pfs-7jnepv/lgd/libero_fullmatrix_20260909/evaluations/gradientfix-lgd-t4-s42-c1500-e10001/audited_summary.json
ActMem-VLA,4,42,10001,1500,14,1,337,1,/pfs/pfs-7jnepv/lgd/libero_fullmatrix_20260909/evaluations/gradientfix-lgd-t4-s42-c1500-e10001/audited_summary.json
ActMem-VLA,4,42,10001,1500,15,1,235,1,/pfs/pfs-7jnepv/lgd/libero_fullmatrix_20260909/evaluations/gradientfix-lgd-t4-s42-c1500-e10001/audited_summary.json
ActMem-VLA,4,42,10001,1500,16,1,341,1,/pfs/pfs-7jnepv/lgd/libero_fullmatrix_20260909/evaluations/gradientfix-lgd-t4-s42-c1500-e10001/audited_summary.json
ActMem-VLA,4,42,10001,1500,17,1,242,1,/pfs/pfs-7jnepv/lgd/libero_fullmatrix_20260909/evaluations/gradientfix-lgd-t4-s42-c1500-e10001/audited_summary.json
ActMem-VLA,4,42,10001,1500,18,1,231,1,/pfs/pfs-7jnepv/lgd/libero_fullmatrix_20260909/evaluations/gradientfix-lgd-t4-s42-c1500-e10001/audited_summary.json
ActMem-VLA,4,42,10001,1500,19,1,237,1,/pfs/pfs-7jnepv/lgd/libero_fullmatrix_20260909/evaluations/gradientfix-lgd-t4-s42-c1500-e10001/audited_summary.json
ActMem-VLA,4,42,10002,1500,0,1,275,1,/pfs/pfs-7jnepv/lgd/libero_fullmatrix_20260909/evaluations/gradientfix-lgd-t4-s42-c1500-e10002/audited_summary.json
ActMem-VLA,4,42,10002,1500,1,1,261,1,/pfs/pfs-7jnepv/lgd/libero_fullmatrix_20260909/evaluations/gradientfix-lgd-t4-s42-c1500-e10002/audited_summary.json
ActMem-VLA,4,42,10002,1500,2,1,237,1,/pfs/pfs-7jnepv/lgd/libero_fullmatrix_20260909/evaluations/gradientfix-lgd-t4-s42-c1500-e10002/audited_summary.json
ActMem-VLA,4,42,10002,1500,3,1,272,1,/pfs/pfs-7jnepv/lgd/libero_fullmatrix_20260909/evaluations/gradientfix-lgd-t4-s42-c1500-e10002/audited_summary.json
ActMem-VLA,4,42,10002,1500,4,1,252,1,/pfs/pfs-7jnepv/lgd/libero_fullmatrix_20260909/evaluations/gradientfix-lgd-t4-s42-c1500-e10002/audited_summary.json
ActMem-VLA,4,42,10002,1500,5,1,302,1,/pfs/pfs-7jnepv/lgd/libero_fullmatrix_20260909/evaluations/gradientfix-lgd-t4-s42-c1500-e10002/audited_summary.json
ActMem-VLA,4,42,10002,1500,6,1,226,1,/pfs/pfs-7jnepv/lgd/libero_fullmatrix_20260909/evaluations/gradientfix-lgd-t4-s42-c1500-e10002/audited_summary.json
ActMem-VLA,4,42,10002,1500,7,1,259,1,/pfs/pfs-7jnepv/lgd/libero_fullmatrix_20260909/evaluations/gradientfix-lgd-t4-s42-c1500-e10002/audited_summary.json
ActMem-VLA,4,42,10002,1500,8,1,250,1,/pfs/pfs-7jnepv/lgd/libero_fullmatrix_20260909/evaluations/gradientfix-lgd-t4-s42-c1500-e10002/audited_summary.json
ActMem-VLA,4,42,10002,1500,9,1,253,1,/pfs/pfs-7jnepv/lgd/libero_fullmatrix_20260909/evaluations/gradientfix-lgd-t4-s42-c1500-e10002/audited_summary.json
ActMem-VLA,4,42,10002,1500,10,1,265,1,/pfs/pfs-7jnepv/lgd/libero_fullmatrix_20260909/evaluations/gradientfix-lgd-t4-s42-c1500-e10002/audited_summary.json
ActMem-VLA,4,42,10002,1500,11,1,365,1,/pfs/pfs-7jnepv/lgd/libero_fullmatrix_20260909/evaluations/gradientfix-lgd-t4-s42-c1500-e10002/audited_summary.json
ActMem-VLA,4,42,10002,1500,12,1,255,1,/pfs/pfs-7jnepv/lgd/libero_fullmatrix_20260909/evaluations/gradientfix-lgd-t4-s42-c1500-e10002/audited_summary.json
ActMem-VLA,4,42,10002,1500,13,1,258,1,/pfs/pfs-7jnepv/lgd/libero_fullmatrix_20260909/evaluations/gradientfix-lgd-t4-s42-c1500-e10002/audited_summary.json
ActMem-VLA,4,42,10002,1500,14,1,347,1,/pfs/pfs-7jnepv/lgd/libero_fullmatrix_20260909/evaluations/gradientfix-lgd-t4-s42-c1500-e10002/audited_summary.json
ActMem-VLA,4,42,10002,1500,15,1,229,1,/pfs/pfs-7jnepv/lgd/libero_fullmatrix_20260909/evaluations/gradientfix-lgd-t4-s42-c1500-e10002/audited_summary.json
ActMem-VLA,4,42,10002,1500,16,1,241,1,/pfs/pfs-7jnepv/lgd/libero_fullmatrix_20260909/evaluations/gradientfix-lgd-t4-s42-c1500-e10002/audited_summary.json
ActMem-VLA,4,42,10002,1500,17,1,234,1,/pfs/pfs-7jnepv/lgd/libero_fullmatrix_20260909/evaluations/gradientfix-lgd-t4-s42-c1500-e10002/audited_summary.json
ActMem-VLA,4,42,10002,1500,18,1,301,1,/pfs/pfs-7jnepv/lgd/libero_fullmatrix_20260909/evaluations/gradientfix-lgd-t4-s42-c1500-e10002/audited_summary.json
ActMem-VLA,4,42,10002,1500,19,1,326,1,/pfs/pfs-7jnepv/lgd/libero_fullmatrix_20260909/evaluations/gradientfix-lgd-t4-s42-c1500-e10002/audited_summary.json
ActMem-VLA,4,42,10003,1500,0,1,303,1,/pfs/pfs-7jnepv/lgd/libero_fullmatrix_20260909/evaluations/gradientfix-lgd-t4-s42-c1500-e10003/audited_summary.json
ActMem-VLA,4,42,10003,1500,1,1,260,1,/pfs/pfs-7jnepv/lgd/libero_fullmatrix_20260909/evaluations/gradientfix-lgd-t4-s42-c1500-e10003/audited_summary.json
ActMem-VLA,4,42,10003,1500,2,1,315,1,/pfs/pfs-7jnepv/lgd/libero_fullmatrix_20260909/evaluations/gradientfix-lgd-t4-s42-c1500-e10003/audited_summary.json
ActMem-VLA,4,42,10003,1500,3,1,331,1,/pfs/pfs-7jnepv/lgd/libero_fullmatrix_20260909/evaluations/gradientfix-lgd-t4-s42-c1500-e10003/audited_summary.json
ActMem-VLA,4,42,10003,1500,4,1,258,1,/pfs/pfs-7jnepv/lgd/libero_fullmatrix_20260909/evaluations/gradientfix-lgd-t4-s42-c1500-e10003/audited_summary.json
ActMem-VLA,4,42,10003,1500,5,1,295,1,/pfs/pfs-7jnepv/lgd/libero_fullmatrix_20260909/evaluations/gradientfix-lgd-t4-s42-c1500-e10003/audited_summary.json
ActMem-VLA,4,42,10003,1500,6,1,219,1,/pfs/pfs-7jnepv/lgd/libero_fullmatrix_20260909/evaluations/gradientfix-lgd-t4-s42-c1500-e10003/audited_summary.json
ActMem-VLA,4,42,10003,1500,7,1,288,1,/pfs/pfs-7jnepv/lgd/libero_fullmatrix_20260909/evaluations/gradientfix-lgd-t4-s42-c1500-e10003/audited_summary.json
ActMem-VLA,4,42,10003,1500,8,1,262,1,/pfs/pfs-7jnepv/lgd/libero_fullmatrix_20260909/evaluations/gradientfix-lgd-t4-s42-c1500-e10003/audited_summary.json
ActMem-VLA,4,42,10003,1500,9,1,235,1,/pfs/pfs-7jnepv/lgd/libero_fullmatrix_20260909/evaluations/gradientfix-lgd-t4-s42-c1500-e10003/audited_summary.json
ActMem-VLA,4,42,10003,1500,10,1,257,1,/pfs/pfs-7jnepv/lgd/libero_fullmatrix_20260909/evaluations/gradientfix-lgd-t4-s42-c1500-e10003/audited_summary.json
ActMem-VLA,4,42,10003,1500,11,1,309,1,/pfs/pfs-7jnepv/lgd/libero_fullmatrix_20260909/evaluations/gradientfix-lgd-t4-s42-c1500-e10003/audited_summary.json
ActMem-VLA,4,42,10003,1500,12,1,250,1,/pfs/pfs-7jnepv/lgd/libero_fullmatrix_20260909/evaluations/gradientfix-lgd-t4-s42-c1500-e10003/audited_summary.json
ActMem-VLA,4,42,10003,1500,13,1,236,1,/pfs/pfs-7jnepv/lgd/libero_fullmatrix_20260909/evaluations/gradientfix-lgd-t4-s42-c1500-e10003/audited_summary.json
ActMem-VLA,4,42,10003,1500,14,1,341,1,/pfs/pfs-7jnepv/lgd/libero_fullmatrix_20260909/evaluations/gradientfix-lgd-t4-s42-c1500-e10003/audited_summary.json
ActMem-VLA,4,42,10003,1500,15,1,230,1,/pfs/pfs-7jnepv/lgd/libero_fullmatrix_20260909/evaluations/gradientfix-lgd-t4-s42-c1500-e10003/audited_summary.json
ActMem-VLA,4,42,10003,1500,16,1,351,1,/pfs/pfs-7jnepv/lgd/libero_fullmatrix_20260909/evaluations/gradientfix-lgd-t4-s42-c1500-e10003/audited_summary.json
ActMem-VLA,4,42,10003,1500,17,1,236,1,/pfs/pfs-7jnepv/lgd/libero_fullmatrix_20260909/evaluations/gradientfix-lgd-t4-s42-c1500-e10003/audited_summary.json
ActMem-VLA,4,42,10003,1500,18,1,285,1,/pfs/pfs-7jnepv/lgd/libero_fullmatrix_20260909/evaluations/gradientfix-lgd-t4-s42-c1500-e10003/audited_summary.json
ActMem-VLA,4,42,10003,1500,19,1,297,1,/pfs/pfs-7jnepv/lgd/libero_fullmatrix_20260909/evaluations/gradientfix-lgd-t4-s42-c1500-e10003/audited_summary.json
ActMem-VLA,5,0,10001,1000,0,1,359,1,/pfs/pfs-7jnepv/lgd/libero_fullmatrix_20260909/evaluations/gradientfix-lgd-t5-s0-c1000-e10001/audited_summary.json
ActMem-VLA,5,0,10001,1000,1,1,329,1,/pfs/pfs-7jnepv/lgd/libero_fullmatrix_20260909/evaluations/gradientfix-lgd-t5-s0-c1000-e10001/audited_summary.json
ActMem-VLA,5,0,10001,1000,2,1,345,1,/pfs/pfs-7jnepv/lgd/libero_fullmatrix_20260909/evaluations/gradientfix-lgd-t5-s0-c1000-e10001/audited_summary.json
ActMem-VLA,5,0,10001,1000,3,1,369,1,/pfs/pfs-7jnepv/lgd/libero_fullmatrix_20260909/evaluations/gradientfix-lgd-t5-s0-c1000-e10001/audited_summary.json
ActMem-VLA,5,0,10001,1000,4,1,368,1,/pfs/pfs-7jnepv/lgd/libero_fullmatrix_20260909/evaluations/gradientfix-lgd-t5-s0-c1000-e10001/audited_summary.json
ActMem-VLA,5,0,10001,1000,5,1,332,1,/pfs/pfs-7jnepv/lgd/libero_fullmatrix_20260909/evaluations/gradientfix-lgd-t5-s0-c1000-e10001/audited_summary.json
ActMem-VLA,5,0,10001,1000,6,1,319,1,/pfs/pfs-7jnepv/lgd/libero_fullmatrix_20260909/evaluations/gradientfix-lgd-t5-s0-c1000-e10001/audited_summary.json
ActMem-VLA,5,0,10001,1000,7,1,366,1,/pfs/pfs-7jnepv/lgd/libero_fullmatrix_20260909/evaluations/gradientfix-lgd-t5-s0-c1000-e10001/audited_summary.json
ActMem-VLA,5,0,10001,1000,8,1,390,1,/pfs/pfs-7jnepv/lgd/libero_fullmatrix_20260909/evaluations/gradientfix-lgd-t5-s0-c1000-e10001/audited_summary.json
ActMem-VLA,5,0,10001,1000,9,1,413,1,/pfs/pfs-7jnepv/lgd/libero_fullmatrix_20260909/evaluations/gradientfix-lgd-t5-s0-c1000-e10001/audited_summary.json
ActMem-VLA,5,0,10001,1000,10,1,472,1,/pfs/pfs-7jnepv/lgd/libero_fullmatrix_20260909/evaluations/gradientfix-lgd-t5-s0-c1000-e10001/audited_summary.json
ActMem-VLA,5,0,10001,1000,11,1,351,1,/pfs/pfs-7jnepv/lgd/libero_fullmatrix_20260909/evaluations/gradientfix-lgd-t5-s0-c1000-e10001/audited_summary.json
ActMem-VLA,5,0,10001,1000,12,1,374,1,/pfs/pfs-7jnepv/lgd/libero_fullmatrix_20260909/evaluations/gradientfix-lgd-t5-s0-c1000-e10001/audited_summary.json
ActMem-VLA,5,0,10001,1000,13,1,349,1,/pfs/pfs-7jnepv/lgd/libero_fullmatrix_20260909/evaluations/gradientfix-lgd-t5-s0-c1000-e10001/audited_summary.json
ActMem-VLA,5,0,10001,1000,14,1,417,1,/pfs/pfs-7jnepv/lgd/libero_fullmatrix_20260909/evaluations/gradientfix-lgd-t5-s0-c1000-e10001/audited_summary.json
ActMem-VLA,5,0,10001,1000,15,1,370,1,/pfs/pfs-7jnepv/lgd/libero_fullmatrix_20260909/evaluations/gradientfix-lgd-t5-s0-c1000-e10001/audited_summary.json
ActMem-VLA,5,0,10001,1000,16,1,560,1,/pfs/pfs-7jnepv/lgd/libero_fullmatrix_20260909/evaluations/gradientfix-lgd-t5-s0-c1000-e10001/audited_summary.json
ActMem-VLA,5,0,10001,1000,17,1,403,1,/pfs/pfs-7jnepv/lgd/libero_fullmatrix_20260909/evaluations/gradientfix-lgd-t5-s0-c1000-e10001/audited_summary.json
ActMem-VLA,5,0,10001,1000,18,1,384,1,/pfs/pfs-7jnepv/lgd/libero_fullmatrix_20260909/evaluations/gradientfix-lgd-t5-s0-c1000-e10001/audited_summary.json
ActMem-VLA,5,0,10001,1000,19,1,368,1,/pfs/pfs-7jnepv/lgd/libero_fullmatrix_20260909/evaluations/gradientfix-lgd-t5-s0-c1000-e10001/audited_summary.json
ActMem-VLA,5,0,10002,1000,0,1,352,1,/pfs/pfs-7jnepv/lgd/libero_fullmatrix_20260909/evaluations/gradientfix-lgd-t5-s0-c1000-e10002/audited_summary.json
ActMem-VLA,5,0,10002,1000,1,1,395,1,/pfs/pfs-7jnepv/lgd/libero_fullmatrix_20260909/evaluations/gradientfix-lgd-t5-s0-c1000-e10002/audited_summary.json
ActMem-VLA,5,0,10002,1000,2,1,350,1,/pfs/pfs-7jnepv/lgd/libero_fullmatrix_20260909/evaluations/gradientfix-lgd-t5-s0-c1000-e10002/audited_summary.json
ActMem-VLA,5,0,10002,1000,3,1,416,1,/pfs/pfs-7jnepv/lgd/libero_fullmatrix_20260909/evaluations/gradientfix-lgd-t5-s0-c1000-e10002/audited_summary.json
ActMem-VLA,5,0,10002,1000,4,1,329,1,/pfs/pfs-7jnepv/lgd/libero_fullmatrix_20260909/evaluations/gradientfix-lgd-t5-s0-c1000-e10002/audited_summary.json
ActMem-VLA,5,0,10002,1000,5,1,343,1,/pfs/pfs-7jnepv/lgd/libero_fullmatrix_20260909/evaluations/gradientfix-lgd-t5-s0-c1000-e10002/audited_summary.json
ActMem-VLA,5,0,10002,1000,6,1,354,1,/pfs/pfs-7jnepv/lgd/libero_fullmatrix_20260909/evaluations/gradientfix-lgd-t5-s0-c1000-e10002/audited_summary.json
ActMem-VLA,5,0,10002,1000,7,1,361,1,/pfs/pfs-7jnepv/lgd/libero_fullmatrix_20260909/evaluations/gradientfix-lgd-t5-s0-c1000-e10002/audited_summary.json
ActMem-VLA,5,0,10002,1000,8,1,369,1,/pfs/pfs-7jnepv/lgd/libero_fullmatrix_20260909/evaluations/gradientfix-lgd-t5-s0-c1000-e10002/audited_summary.json
ActMem-VLA,5,0,10002,1000,9,1,384,1,/pfs/pfs-7jnepv/lgd/libero_fullmatrix_20260909/evaluations/gradientfix-lgd-t5-s0-c1000-e10002/audited_summary.json
ActMem-VLA,5,0,10002,1000,10,1,437,1,/pfs/pfs-7jnepv/lgd/libero_fullmatrix_20260909/evaluations/gradientfix-lgd-t5-s0-c1000-e10002/audited_summary.json
ActMem-VLA,5,0,10002,1000,11,1,361,1,/pfs/pfs-7jnepv/lgd/libero_fullmatrix_20260909/evaluations/gradientfix-lgd-t5-s0-c1000-e10002/audited_summary.json
ActMem-VLA,5,0,10002,1000,12,1,355,1,/pfs/pfs-7jnepv/lgd/libero_fullmatrix_20260909/evaluations/gradientfix-lgd-t5-s0-c1000-e10002/audited_summary.json
ActMem-VLA,5,0,10002,1000,13,1,343,1,/pfs/pfs-7jnepv/lgd/libero_fullmatrix_20260909/evaluations/gradientfix-lgd-t5-s0-c1000-e10002/audited_summary.json
ActMem-VLA,5,0,10002,1000,14,1,377,1,/pfs/pfs-7jnepv/lgd/libero_fullmatrix_20260909/evaluations/gradientfix-lgd-t5-s0-c1000-e10002/audited_summary.json
ActMem-VLA,5,0,10002,1000,15,1,395,1,/pfs/pfs-7jnepv/lgd/libero_fullmatrix_20260909/evaluations/gradientfix-lgd-t5-s0-c1000-e10002/audited_summary.json
ActMem-VLA,5,0,10002,1000,16,1,384,1,/pfs/pfs-7jnepv/lgd/libero_fullmatrix_20260909/evaluations/gradientfix-lgd-t5-s0-c1000-e10002/audited_summary.json
ActMem-VLA,5,0,10002,1000,17,1,340,1,/pfs/pfs-7jnepv/lgd/libero_fullmatrix_20260909/evaluations/gradientfix-lgd-t5-s0-c1000-e10002/audited_summary.json
ActMem-VLA,5,0,10002,1000,18,1,337,1,/pfs/pfs-7jnepv/lgd/libero_fullmatrix_20260909/evaluations/gradientfix-lgd-t5-s0-c1000-e10002/audited_summary.json
ActMem-VLA,5,0,10002,1000,19,1,381,1,/pfs/pfs-7jnepv/lgd/libero_fullmatrix_20260909/evaluations/gradientfix-lgd-t5-s0-c1000-e10002/audited_summary.json
ActMem-VLA,5,0,10003,1000,0,1,369,1,/pfs/pfs-7jnepv/lgd/libero_fullmatrix_20260909/evaluations/gradientfix-lgd-t5-s0-c1000-e10003/audited_summary.json
ActMem-VLA,5,0,10003,1000,1,1,359,1,/pfs/pfs-7jnepv/lgd/libero_fullmatrix_20260909/evaluations/gradientfix-lgd-t5-s0-c1000-e10003/audited_summary.json
ActMem-VLA,5,0,10003,1000,2,1,361,1,/pfs/pfs-7jnepv/lgd/libero_fullmatrix_20260909/evaluations/gradientfix-lgd-t5-s0-c1000-e10003/audited_summary.json
ActMem-VLA,5,0,10003,1000,3,1,342,1,/pfs/pfs-7jnepv/lgd/libero_fullmatrix_20260909/evaluations/gradientfix-lgd-t5-s0-c1000-e10003/audited_summary.json
ActMem-VLA,5,0,10003,1000,4,1,339,1,/pfs/pfs-7jnepv/lgd/libero_fullmatrix_20260909/evaluations/gradientfix-lgd-t5-s0-c1000-e10003/audited_summary.json
ActMem-VLA,5,0,10003,1000,5,1,373,1,/pfs/pfs-7jnepv/lgd/libero_fullmatrix_20260909/evaluations/gradientfix-lgd-t5-s0-c1000-e10003/audited_summary.json
ActMem-VLA,5,0,10003,1000,6,1,311,1,/pfs/pfs-7jnepv/lgd/libero_fullmatrix_20260909/evaluations/gradientfix-lgd-t5-s0-c1000-e10003/audited_summary.json
ActMem-VLA,5,0,10003,1000,7,1,349,1,/pfs/pfs-7jnepv/lgd/libero_fullmatrix_20260909/evaluations/gradientfix-lgd-t5-s0-c1000-e10003/audited_summary.json
ActMem-VLA,5,0,10003,1000,8,1,350,1,/pfs/pfs-7jnepv/lgd/libero_fullmatrix_20260909/evaluations/gradientfix-lgd-t5-s0-c1000-e10003/audited_summary.json
ActMem-VLA,5,0,10003,1000,9,1,394,1,/pfs/pfs-7jnepv/lgd/libero_fullmatrix_20260909/evaluations/gradientfix-lgd-t5-s0-c1000-e10003/audited_summary.json
ActMem-VLA,5,0,10003,1000,10,1,407,1,/pfs/pfs-7jnepv/lgd/libero_fullmatrix_20260909/evaluations/gradientfix-lgd-t5-s0-c1000-e10003/audited_summary.json
ActMem-VLA,5,0,10003,1000,11,1,324,1,/pfs/pfs-7jnepv/lgd/libero_fullmatrix_20260909/evaluations/gradientfix-lgd-t5-s0-c1000-e10003/audited_summary.json
ActMem-VLA,5,0,10003,1000,12,1,412,1,/pfs/pfs-7jnepv/lgd/libero_fullmatrix_20260909/evaluations/gradientfix-lgd-t5-s0-c1000-e10003/audited_summary.json
ActMem-VLA,5,0,10003,1000,13,1,344,1,/pfs/pfs-7jnepv/lgd/libero_fullmatrix_20260909/evaluations/gradientfix-lgd-t5-s0-c1000-e10003/audited_summary.json
ActMem-VLA,5,0,10003,1000,14,1,432,1,/pfs/pfs-7jnepv/lgd/libero_fullmatrix_20260909/evaluations/gradientfix-lgd-t5-s0-c1000-e10003/audited_summary.json
ActMem-VLA,5,0,10003,1000,15,1,398,1,/pfs/pfs-7jnepv/lgd/libero_fullmatrix_20260909/evaluations/gradientfix-lgd-t5-s0-c1000-e10003/audited_summary.json
ActMem-VLA,5,0,10003,1000,16,1,380,1,/pfs/pfs-7jnepv/lgd/libero_fullmatrix_20260909/evaluations/gradientfix-lgd-t5-s0-c1000-e10003/audited_summary.json
ActMem-VLA,5,0,10003,1000,17,1,400,1,/pfs/pfs-7jnepv/lgd/libero_fullmatrix_20260909/evaluations/gradientfix-lgd-t5-s0-c1000-e10003/audited_summary.json
ActMem-VLA,5,0,10003,1000,18,1,353,1,/pfs/pfs-7jnepv/lgd/libero_fullmatrix_20260909/evaluations/gradientfix-lgd-t5-s0-c1000-e10003/audited_summary.json
ActMem-VLA,5,0,10003,1000,19,1,449,1,/pfs/pfs-7jnepv/lgd/libero_fullmatrix_20260909/evaluations/gradientfix-lgd-t5-s0-c1000-e10003/audited_summary.json
ActMem-VLA,5,1,10001,1000,0,1,388,1,/pfs/pfs-7jnepv/lgd/libero_fullmatrix_20260909/evaluations/gradientfix-lgd-t5-s1-c1000-e10001/audited_summary.json
ActMem-VLA,5,1,10001,1000,1,1,344,1,/pfs/pfs-7jnepv/lgd/libero_fullmatrix_20260909/evaluations/gradientfix-lgd-t5-s1-c1000-e10001/audited_summary.json
ActMem-VLA,5,1,10001,1000,2,1,341,1,/pfs/pfs-7jnepv/lgd/libero_fullmatrix_20260909/evaluations/gradientfix-lgd-t5-s1-c1000-e10001/audited_summary.json
ActMem-VLA,5,1,10001,1000,3,1,334,1,/pfs/pfs-7jnepv/lgd/libero_fullmatrix_20260909/evaluations/gradientfix-lgd-t5-s1-c1000-e10001/audited_summary.json
ActMem-VLA,5,1,10001,1000,4,1,326,1,/pfs/pfs-7jnepv/lgd/libero_fullmatrix_20260909/evaluations/gradientfix-lgd-t5-s1-c1000-e10001/audited_summary.json
ActMem-VLA,5,1,10001,1000,5,1,354,1,/pfs/pfs-7jnepv/lgd/libero_fullmatrix_20260909/evaluations/gradientfix-lgd-t5-s1-c1000-e10001/audited_summary.json
ActMem-VLA,5,1,10001,1000,6,1,338,1,/pfs/pfs-7jnepv/lgd/libero_fullmatrix_20260909/evaluations/gradientfix-lgd-t5-s1-c1000-e10001/audited_summary.json
ActMem-VLA,5,1,10001,1000,7,1,388,1,/pfs/pfs-7jnepv/lgd/libero_fullmatrix_20260909/evaluations/gradientfix-lgd-t5-s1-c1000-e10001/audited_summary.json
ActMem-VLA,5,1,10001,1000,8,1,350,1,/pfs/pfs-7jnepv/lgd/libero_fullmatrix_20260909/evaluations/gradientfix-lgd-t5-s1-c1000-e10001/audited_summary.json
ActMem-VLA,5,1,10001,1000,9,1,415,1,/pfs/pfs-7jnepv/lgd/libero_fullmatrix_20260909/evaluations/gradientfix-lgd-t5-s1-c1000-e10001/audited_summary.json
ActMem-VLA,5,1,10001,1000,10,1,420,1,/pfs/pfs-7jnepv/lgd/libero_fullmatrix_20260909/evaluations/gradientfix-lgd-t5-s1-c1000-e10001/audited_summary.json
ActMem-VLA,5,1,10001,1000,11,1,326,1,/pfs/pfs-7jnepv/lgd/libero_fullmatrix_20260909/evaluations/gradientfix-lgd-t5-s1-c1000-e10001/audited_summary.json
ActMem-VLA,5,1,10001,1000,12,1,345,1,/pfs/pfs-7jnepv/lgd/libero_fullmatrix_20260909/evaluations/gradientfix-lgd-t5-s1-c1000-e10001/audited_summary.json
ActMem-VLA,5,1,10001,1000,13,1,348,1,/pfs/pfs-7jnepv/lgd/libero_fullmatrix_20260909/evaluations/gradientfix-lgd-t5-s1-c1000-e10001/audited_summary.json
ActMem-VLA,5,1,10001,1000,14,1,430,1,/pfs/pfs-7jnepv/lgd/libero_fullmatrix_20260909/evaluations/gradientfix-lgd-t5-s1-c1000-e10001/audited_summary.json
ActMem-VLA,5,1,10001,1000,15,1,449,1,/pfs/pfs-7jnepv/lgd/libero_fullmatrix_20260909/evaluations/gradientfix-lgd-t5-s1-c1000-e10001/audited_summary.json
ActMem-VLA,5,1,10001,1000,16,1,425,1,/pfs/pfs-7jnepv/lgd/libero_fullmatrix_20260909/evaluations/gradientfix-lgd-t5-s1-c1000-e10001/audited_summary.json
ActMem-VLA,5,1,10001,1000,17,1,323,1,/pfs/pfs-7jnepv/lgd/libero_fullmatrix_20260909/evaluations/gradientfix-lgd-t5-s1-c1000-e10001/audited_summary.json
ActMem-VLA,5,1,10001,1000,18,1,450,1,/pfs/pfs-7jnepv/lgd/libero_fullmatrix_20260909/evaluations/gradientfix-lgd-t5-s1-c1000-e10001/audited_summary.json
ActMem-VLA,5,1,10001,1000,19,1,381,1,/pfs/pfs-7jnepv/lgd/libero_fullmatrix_20260909/evaluations/gradientfix-lgd-t5-s1-c1000-e10001/audited_summary.json
ActMem-VLA,5,1,10002,1000,0,1,340,1,/pfs/pfs-7jnepv/lgd/libero_fullmatrix_20260909/evaluations/gradientfix-lgd-t5-s1-c1000-e10002/audited_summary.json
ActMem-VLA,5,1,10002,1000,1,1,334,1,/pfs/pfs-7jnepv/lgd/libero_fullmatrix_20260909/evaluations/gradientfix-lgd-t5-s1-c1000-e10002/audited_summary.json
ActMem-VLA,5,1,10002,1000,2,1,341,1,/pfs/pfs-7jnepv/lgd/libero_fullmatrix_20260909/evaluations/gradientfix-lgd-t5-s1-c1000-e10002/audited_summary.json
ActMem-VLA,5,1,10002,1000,3,1,379,1,/pfs/pfs-7jnepv/lgd/libero_fullmatrix_20260909/evaluations/gradientfix-lgd-t5-s1-c1000-e10002/audited_summary.json
ActMem-VLA,5,1,10002,1000,4,1,338,1,/pfs/pfs-7jnepv/lgd/libero_fullmatrix_20260909/evaluations/gradientfix-lgd-t5-s1-c1000-e10002/audited_summary.json
ActMem-VLA,5,1,10002,1000,5,1,399,1,/pfs/pfs-7jnepv/lgd/libero_fullmatrix_20260909/evaluations/gradientfix-lgd-t5-s1-c1000-e10002/audited_summary.json
ActMem-VLA,5,1,10002,1000,6,1,400,1,/pfs/pfs-7jnepv/lgd/libero_fullmatrix_20260909/evaluations/gradientfix-lgd-t5-s1-c1000-e10002/audited_summary.json
ActMem-VLA,5,1,10002,1000,7,1,523,1,/pfs/pfs-7jnepv/lgd/libero_fullmatrix_20260909/evaluations/gradientfix-lgd-t5-s1-c1000-e10002/audited_summary.json
ActMem-VLA,5,1,10002,1000,8,1,337,1,/pfs/pfs-7jnepv/lgd/libero_fullmatrix_20260909/evaluations/gradientfix-lgd-t5-s1-c1000-e10002/audited_summary.json
ActMem-VLA,5,1,10002,1000,9,1,376,1,/pfs/pfs-7jnepv/lgd/libero_fullmatrix_20260909/evaluations/gradientfix-lgd-t5-s1-c1000-e10002/audited_summary.json
ActMem-VLA,5,1,10002,1000,10,1,464,1,/pfs/pfs-7jnepv/lgd/libero_fullmatrix_20260909/evaluations/gradientfix-lgd-t5-s1-c1000-e10002/audited_summary.json
ActMem-VLA,5,1,10002,1000,11,1,335,1,/pfs/pfs-7jnepv/lgd/libero_fullmatrix_20260909/evaluations/gradientfix-lgd-t5-s1-c1000-e10002/audited_summary.json
ActMem-VLA,5,1,10002,1000,12,1,363,1,/pfs/pfs-7jnepv/lgd/libero_fullmatrix_20260909/evaluations/gradientfix-lgd-t5-s1-c1000-e10002/audited_summary.json
ActMem-VLA,5,1,10002,1000,13,1,364,1,/pfs/pfs-7jnepv/lgd/libero_fullmatrix_20260909/evaluations/gradientfix-lgd-t5-s1-c1000-e10002/audited_summary.json
ActMem-VLA,5,1,10002,1000,14,1,429,1,/pfs/pfs-7jnepv/lgd/libero_fullmatrix_20260909/evaluations/gradientfix-lgd-t5-s1-c1000-e10002/audited_summary.json
ActMem-VLA,5,1,10002,1000,15,1,432,1,/pfs/pfs-7jnepv/lgd/libero_fullmatrix_20260909/evaluations/gradientfix-lgd-t5-s1-c1000-e10002/audited_summary.json
ActMem-VLA,5,1,10002,1000,16,1,441,1,/pfs/pfs-7jnepv/lgd/libero_fullmatrix_20260909/evaluations/gradientfix-lgd-t5-s1-c1000-e10002/audited_summary.json
ActMem-VLA,5,1,10002,1000,17,1,398,1,/pfs/pfs-7jnepv/lgd/libero_fullmatrix_20260909/evaluations/gradientfix-lgd-t5-s1-c1000-e10002/audited_summary.json
ActMem-VLA,5,1,10002,1000,18,1,337,1,/pfs/pfs-7jnepv/lgd/libero_fullmatrix_20260909/evaluations/gradientfix-lgd-t5-s1-c1000-e10002/audited_summary.json
ActMem-VLA,5,1,10002,1000,19,1,365,1,/pfs/pfs-7jnepv/lgd/libero_fullmatrix_20260909/evaluations/gradientfix-lgd-t5-s1-c1000-e10002/audited_summary.json
ActMem-VLA,5,1,10003,1000,0,1,474,1,/pfs/pfs-7jnepv/lgd/libero_fullmatrix_20260909/evaluations/gradientfix-lgd-t5-s1-c1000-e10003/audited_summary.json
ActMem-VLA,5,1,10003,1000,1,1,315,1,/pfs/pfs-7jnepv/lgd/libero_fullmatrix_20260909/evaluations/gradientfix-lgd-t5-s1-c1000-e10003/audited_summary.json
ActMem-VLA,5,1,10003,1000,2,1,352,1,/pfs/pfs-7jnepv/lgd/libero_fullmatrix_20260909/evaluations/gradientfix-lgd-t5-s1-c1000-e10003/audited_summary.json
ActMem-VLA,5,1,10003,1000,3,1,334,1,/pfs/pfs-7jnepv/lgd/libero_fullmatrix_20260909/evaluations/gradientfix-lgd-t5-s1-c1000-e10003/audited_summary.json
ActMem-VLA,5,1,10003,1000,4,1,335,1,/pfs/pfs-7jnepv/lgd/libero_fullmatrix_20260909/evaluations/gradientfix-lgd-t5-s1-c1000-e10003/audited_summary.json
ActMem-VLA,5,1,10003,1000,5,1,353,1,/pfs/pfs-7jnepv/lgd/libero_fullmatrix_20260909/evaluations/gradientfix-lgd-t5-s1-c1000-e10003/audited_summary.json
ActMem-VLA,5,1,10003,1000,6,1,341,1,/pfs/pfs-7jnepv/lgd/libero_fullmatrix_20260909/evaluations/gradientfix-lgd-t5-s1-c1000-e10003/audited_summary.json
ActMem-VLA,5,1,10003,1000,7,1,386,1,/pfs/pfs-7jnepv/lgd/libero_fullmatrix_20260909/evaluations/gradientfix-lgd-t5-s1-c1000-e10003/audited_summary.json
ActMem-VLA,5,1,10003,1000,8,1,371,1,/pfs/pfs-7jnepv/lgd/libero_fullmatrix_20260909/evaluations/gradientfix-lgd-t5-s1-c1000-e10003/audited_summary.json
ActMem-VLA,5,1,10003,1000,9,1,354,1,/pfs/pfs-7jnepv/lgd/libero_fullmatrix_20260909/evaluations/gradientfix-lgd-t5-s1-c1000-e10003/audited_summary.json
ActMem-VLA,5,1,10003,1000,10,1,389,1,/pfs/pfs-7jnepv/lgd/libero_fullmatrix_20260909/evaluations/gradientfix-lgd-t5-s1-c1000-e10003/audited_summary.json
ActMem-VLA,5,1,10003,1000,11,1,316,1,/pfs/pfs-7jnepv/lgd/libero_fullmatrix_20260909/evaluations/gradientfix-lgd-t5-s1-c1000-e10003/audited_summary.json
ActMem-VLA,5,1,10003,1000,12,1,416,1,/pfs/pfs-7jnepv/lgd/libero_fullmatrix_20260909/evaluations/gradientfix-lgd-t5-s1-c1000-e10003/audited_summary.json
ActMem-VLA,5,1,10003,1000,13,1,392,1,/pfs/pfs-7jnepv/lgd/libero_fullmatrix_20260909/evaluations/gradientfix-lgd-t5-s1-c1000-e10003/audited_summary.json
ActMem-VLA,5,1,10003,1000,14,1,394,1,/pfs/pfs-7jnepv/lgd/libero_fullmatrix_20260909/evaluations/gradientfix-lgd-t5-s1-c1000-e10003/audited_summary.json
ActMem-VLA,5,1,10003,1000,15,1,453,1,/pfs/pfs-7jnepv/lgd/libero_fullmatrix_20260909/evaluations/gradientfix-lgd-t5-s1-c1000-e10003/audited_summary.json
ActMem-VLA,5,1,10003,1000,16,1,375,1,/pfs/pfs-7jnepv/lgd/libero_fullmatrix_20260909/evaluations/gradientfix-lgd-t5-s1-c1000-e10003/audited_summary.json
ActMem-VLA,5,1,10003,1000,17,1,348,1,/pfs/pfs-7jnepv/lgd/libero_fullmatrix_20260909/evaluations/gradientfix-lgd-t5-s1-c1000-e10003/audited_summary.json
ActMem-VLA,5,1,10003,1000,18,1,374,1,/pfs/pfs-7jnepv/lgd/libero_fullmatrix_20260909/evaluations/gradientfix-lgd-t5-s1-c1000-e10003/audited_summary.json
ActMem-VLA,5,1,10003,1000,19,1,378,1,/pfs/pfs-7jnepv/lgd/libero_fullmatrix_20260909/evaluations/gradientfix-lgd-t5-s1-c1000-e10003/audited_summary.json
ActMem-VLA,5,42,10001,1000,0,1,466,1,/pfs/pfs-7jnepv/lgd/libero_fullmatrix_20260909/evaluations/gradientfix-lgd-t5-s42-c1000-e10001/audited_summary.json
ActMem-VLA,5,42,10001,1000,1,1,318,1,/pfs/pfs-7jnepv/lgd/libero_fullmatrix_20260909/evaluations/gradientfix-lgd-t5-s42-c1000-e10001/audited_summary.json
ActMem-VLA,5,42,10001,1000,2,1,302,1,/pfs/pfs-7jnepv/lgd/libero_fullmatrix_20260909/evaluations/gradientfix-lgd-t5-s42-c1000-e10001/audited_summary.json
ActMem-VLA,5,42,10001,1000,3,1,373,1,/pfs/pfs-7jnepv/lgd/libero_fullmatrix_20260909/evaluations/gradientfix-lgd-t5-s42-c1000-e10001/audited_summary.json
ActMem-VLA,5,42,10001,1000,4,1,332,1,/pfs/pfs-7jnepv/lgd/libero_fullmatrix_20260909/evaluations/gradientfix-lgd-t5-s42-c1000-e10001/audited_summary.json
ActMem-VLA,5,42,10001,1000,5,1,349,1,/pfs/pfs-7jnepv/lgd/libero_fullmatrix_20260909/evaluations/gradientfix-lgd-t5-s42-c1000-e10001/audited_summary.json
ActMem-VLA,5,42,10001,1000,6,1,342,1,/pfs/pfs-7jnepv/lgd/libero_fullmatrix_20260909/evaluations/gradientfix-lgd-t5-s42-c1000-e10001/audited_summary.json
ActMem-VLA,5,42,10001,1000,7,1,387,1,/pfs/pfs-7jnepv/lgd/libero_fullmatrix_20260909/evaluations/gradientfix-lgd-t5-s42-c1000-e10001/audited_summary.json
ActMem-VLA,5,42,10001,1000,8,1,361,1,/pfs/pfs-7jnepv/lgd/libero_fullmatrix_20260909/evaluations/gradientfix-lgd-t5-s42-c1000-e10001/audited_summary.json
ActMem-VLA,5,42,10001,1000,9,1,364,1,/pfs/pfs-7jnepv/lgd/libero_fullmatrix_20260909/evaluations/gradientfix-lgd-t5-s42-c1000-e10001/audited_summary.json
ActMem-VLA,5,42,10001,1000,10,1,375,1,/pfs/pfs-7jnepv/lgd/libero_fullmatrix_20260909/evaluations/gradientfix-lgd-t5-s42-c1000-e10001/audited_summary.json
ActMem-VLA,5,42,10001,1000,11,1,549,1,/pfs/pfs-7jnepv/lgd/libero_fullmatrix_20260909/evaluations/gradientfix-lgd-t5-s42-c1000-e10001/audited_summary.json
ActMem-VLA,5,42,10001,1000,12,1,367,1,/pfs/pfs-7jnepv/lgd/libero_fullmatrix_20260909/evaluations/gradientfix-lgd-t5-s42-c1000-e10001/audited_summary.json
ActMem-VLA,5,42,10001,1000,13,1,309,1,/pfs/pfs-7jnepv/lgd/libero_fullmatrix_20260909/evaluations/gradientfix-lgd-t5-s42-c1000-e10001/audited_summary.json
ActMem-VLA,5,42,10001,1000,14,1,363,1,/pfs/pfs-7jnepv/lgd/libero_fullmatrix_20260909/evaluations/gradientfix-lgd-t5-s42-c1000-e10001/audited_summary.json
ActMem-VLA,5,42,10001,1000,15,1,377,1,/pfs/pfs-7jnepv/lgd/libero_fullmatrix_20260909/evaluations/gradientfix-lgd-t5-s42-c1000-e10001/audited_summary.json
ActMem-VLA,5,42,10001,1000,16,1,417,1,/pfs/pfs-7jnepv/lgd/libero_fullmatrix_20260909/evaluations/gradientfix-lgd-t5-s42-c1000-e10001/audited_summary.json
ActMem-VLA,5,42,10001,1000,17,1,364,1,/pfs/pfs-7jnepv/lgd/libero_fullmatrix_20260909/evaluations/gradientfix-lgd-t5-s42-c1000-e10001/audited_summary.json
ActMem-VLA,5,42,10001,1000,18,1,348,1,/pfs/pfs-7jnepv/lgd/libero_fullmatrix_20260909/evaluations/gradientfix-lgd-t5-s42-c1000-e10001/audited_summary.json
ActMem-VLA,5,42,10001,1000,19,1,390,1,/pfs/pfs-7jnepv/lgd/libero_fullmatrix_20260909/evaluations/gradientfix-lgd-t5-s42-c1000-e10001/audited_summary.json
ActMem-VLA,5,42,10002,1000,0,1,387,1,/pfs/pfs-7jnepv/lgd/libero_fullmatrix_20260909/evaluations/gradientfix-lgd-t5-s42-c1000-e10002/audited_summary.json
ActMem-VLA,5,42,10002,1000,1,1,337,1,/pfs/pfs-7jnepv/lgd/libero_fullmatrix_20260909/evaluations/gradientfix-lgd-t5-s42-c1000-e10002/audited_summary.json
ActMem-VLA,5,42,10002,1000,2,1,328,1,/pfs/pfs-7jnepv/lgd/libero_fullmatrix_20260909/evaluations/gradientfix-lgd-t5-s42-c1000-e10002/audited_summary.json
ActMem-VLA,5,42,10002,1000,3,1,330,1,/pfs/pfs-7jnepv/lgd/libero_fullmatrix_20260909/evaluations/gradientfix-lgd-t5-s42-c1000-e10002/audited_summary.json
ActMem-VLA,5,42,10002,1000,4,1,315,1,/pfs/pfs-7jnepv/lgd/libero_fullmatrix_20260909/evaluations/gradientfix-lgd-t5-s42-c1000-e10002/audited_summary.json
ActMem-VLA,5,42,10002,1000,5,1,439,1,/pfs/pfs-7jnepv/lgd/libero_fullmatrix_20260909/evaluations/gradientfix-lgd-t5-s42-c1000-e10002/audited_summary.json
ActMem-VLA,5,42,10002,1000,6,1,454,1,/pfs/pfs-7jnepv/lgd/libero_fullmatrix_20260909/evaluations/gradientfix-lgd-t5-s42-c1000-e10002/audited_summary.json
ActMem-VLA,5,42,10002,1000,7,1,448,1,/pfs/pfs-7jnepv/lgd/libero_fullmatrix_20260909/evaluations/gradientfix-lgd-t5-s42-c1000-e10002/audited_summary.json
ActMem-VLA,5,42,10002,1000,8,1,330,1,/pfs/pfs-7jnepv/lgd/libero_fullmatrix_20260909/evaluations/gradientfix-lgd-t5-s42-c1000-e10002/audited_summary.json
ActMem-VLA,5,42,10002,1000,9,1,460,1,/pfs/pfs-7jnepv/lgd/libero_fullmatrix_20260909/evaluations/gradientfix-lgd-t5-s42-c1000-e10002/audited_summary.json
ActMem-VLA,5,42,10002,1000,10,1,400,1,/pfs/pfs-7jnepv/lgd/libero_fullmatrix_20260909/evaluations/gradientfix-lgd-t5-s42-c1000-e10002/audited_summary.json
ActMem-VLA,5,42,10002,1000,11,1,332,1,/pfs/pfs-7jnepv/lgd/libero_fullmatrix_20260909/evaluations/gradientfix-lgd-t5-s42-c1000-e10002/audited_summary.json
ActMem-VLA,5,42,10002,1000,12,1,348,1,/pfs/pfs-7jnepv/lgd/libero_fullmatrix_20260909/evaluations/gradientfix-lgd-t5-s42-c1000-e10002/audited_summary.json
ActMem-VLA,5,42,10002,1000,13,1,331,1,/pfs/pfs-7jnepv/lgd/libero_fullmatrix_20260909/evaluations/gradientfix-lgd-t5-s42-c1000-e10002/audited_summary.json
ActMem-VLA,5,42,10002,1000,14,1,401,1,/pfs/pfs-7jnepv/lgd/libero_fullmatrix_20260909/evaluations/gradientfix-lgd-t5-s42-c1000-e10002/audited_summary.json
ActMem-VLA,5,42,10002,1000,15,1,355,1,/pfs/pfs-7jnepv/lgd/libero_fullmatrix_20260909/evaluations/gradientfix-lgd-t5-s42-c1000-e10002/audited_summary.json
ActMem-VLA,5,42,10002,1000,16,1,471,1,/pfs/pfs-7jnepv/lgd/libero_fullmatrix_20260909/evaluations/gradientfix-lgd-t5-s42-c1000-e10002/audited_summary.json
ActMem-VLA,5,42,10002,1000,17,1,405,1,/pfs/pfs-7jnepv/lgd/libero_fullmatrix_20260909/evaluations/gradientfix-lgd-t5-s42-c1000-e10002/audited_summary.json
ActMem-VLA,5,42,10002,1000,18,1,410,1,/pfs/pfs-7jnepv/lgd/libero_fullmatrix_20260909/evaluations/gradientfix-lgd-t5-s42-c1000-e10002/audited_summary.json
ActMem-VLA,5,42,10002,1000,19,1,377,1,/pfs/pfs-7jnepv/lgd/libero_fullmatrix_20260909/evaluations/gradientfix-lgd-t5-s42-c1000-e10002/audited_summary.json
ActMem-VLA,5,42,10003,1000,0,1,434,1,/pfs/pfs-7jnepv/lgd/libero_fullmatrix_20260909/evaluations/gradientfix-lgd-t5-s42-c1000-e10003/audited_summary.json
ActMem-VLA,5,42,10003,1000,1,1,426,1,/pfs/pfs-7jnepv/lgd/libero_fullmatrix_20260909/evaluations/gradientfix-lgd-t5-s42-c1000-e10003/audited_summary.json
ActMem-VLA,5,42,10003,1000,2,1,377,1,/pfs/pfs-7jnepv/lgd/libero_fullmatrix_20260909/evaluations/gradientfix-lgd-t5-s42-c1000-e10003/audited_summary.json
ActMem-VLA,5,42,10003,1000,3,1,332,1,/pfs/pfs-7jnepv/lgd/libero_fullmatrix_20260909/evaluations/gradientfix-lgd-t5-s42-c1000-e10003/audited_summary.json
ActMem-VLA,5,42,10003,1000,4,1,357,1,/pfs/pfs-7jnepv/lgd/libero_fullmatrix_20260909/evaluations/gradientfix-lgd-t5-s42-c1000-e10003/audited_summary.json
ActMem-VLA,5,42,10003,1000,5,1,335,1,/pfs/pfs-7jnepv/lgd/libero_fullmatrix_20260909/evaluations/gradientfix-lgd-t5-s42-c1000-e10003/audited_summary.json
ActMem-VLA,5,42,10003,1000,6,1,329,1,/pfs/pfs-7jnepv/lgd/libero_fullmatrix_20260909/evaluations/gradientfix-lgd-t5-s42-c1000-e10003/audited_summary.json
ActMem-VLA,5,42,10003,1000,7,1,340,1,/pfs/pfs-7jnepv/lgd/libero_fullmatrix_20260909/evaluations/gradientfix-lgd-t5-s42-c1000-e10003/audited_summary.json
ActMem-VLA,5,42,10003,1000,8,1,351,1,/pfs/pfs-7jnepv/lgd/libero_fullmatrix_20260909/evaluations/gradientfix-lgd-t5-s42-c1000-e10003/audited_summary.json
ActMem-VLA,5,42,10003,1000,9,1,445,1,/pfs/pfs-7jnepv/lgd/libero_fullmatrix_20260909/evaluations/gradientfix-lgd-t5-s42-c1000-e10003/audited_summary.json
ActMem-VLA,5,42,10003,1000,10,1,376,1,/pfs/pfs-7jnepv/lgd/libero_fullmatrix_20260909/evaluations/gradientfix-lgd-t5-s42-c1000-e10003/audited_summary.json
ActMem-VLA,5,42,10003,1000,11,1,338,1,/pfs/pfs-7jnepv/lgd/libero_fullmatrix_20260909/evaluations/gradientfix-lgd-t5-s42-c1000-e10003/audited_summary.json
ActMem-VLA,5,42,10003,1000,12,1,452,1,/pfs/pfs-7jnepv/lgd/libero_fullmatrix_20260909/evaluations/gradientfix-lgd-t5-s42-c1000-e10003/audited_summary.json
ActMem-VLA,5,42,10003,1000,13,1,350,1,/pfs/pfs-7jnepv/lgd/libero_fullmatrix_20260909/evaluations/gradientfix-lgd-t5-s42-c1000-e10003/audited_summary.json
ActMem-VLA,5,42,10003,1000,14,1,423,1,/pfs/pfs-7jnepv/lgd/libero_fullmatrix_20260909/evaluations/gradientfix-lgd-t5-s42-c1000-e10003/audited_summary.json
ActMem-VLA,5,42,10003,1000,15,1,356,1,/pfs/pfs-7jnepv/lgd/libero_fullmatrix_20260909/evaluations/gradientfix-lgd-t5-s42-c1000-e10003/audited_summary.json
ActMem-VLA,5,42,10003,1000,16,1,492,1,/pfs/pfs-7jnepv/lgd/libero_fullmatrix_20260909/evaluations/gradientfix-lgd-t5-s42-c1000-e10003/audited_summary.json
ActMem-VLA,5,42,10003,1000,17,1,389,1,/pfs/pfs-7jnepv/lgd/libero_fullmatrix_20260909/evaluations/gradientfix-lgd-t5-s42-c1000-e10003/audited_summary.json
ActMem-VLA,5,42,10003,1000,18,1,350,1,/pfs/pfs-7jnepv/lgd/libero_fullmatrix_20260909/evaluations/gradientfix-lgd-t5-s42-c1000-e10003/audited_summary.json
ActMem-VLA,5,42,10003,1000,19,1,448,1,/pfs/pfs-7jnepv/lgd/libero_fullmatrix_20260909/evaluations/gradientfix-lgd-t5-s42-c1000-e10003/audited_summary.json
ActMem-VLA,6,0,10001,2500,0,1,510,1,/data/libero_mem_baseline/a100_local_eval_20260910/evaluations/gradientfix-v1-t6-s0-c2500-e10001/audited_summary.json
ActMem-VLA,6,0,10001,2500,1,0,600,0,/data/libero_mem_baseline/a100_local_eval_20260910/evaluations/gradientfix-v1-t6-s0-c2500-e10001/audited_summary.json
ActMem-VLA,6,0,10001,2500,2,0,600,0,/data/libero_mem_baseline/a100_local_eval_20260910/evaluations/gradientfix-v1-t6-s0-c2500-e10001/audited_summary.json
ActMem-VLA,6,0,10001,2500,3,1,533,1,/data/libero_mem_baseline/a100_local_eval_20260910/evaluations/gradientfix-v1-t6-s0-c2500-e10001/audited_summary.json
ActMem-VLA,6,0,10001,2500,4,0,600,0,/data/libero_mem_baseline/a100_local_eval_20260910/evaluations/gradientfix-v1-t6-s0-c2500-e10001/audited_summary.json
ActMem-VLA,6,0,10001,2500,5,1,494,1,/data/libero_mem_baseline/a100_local_eval_20260910/evaluations/gradientfix-v1-t6-s0-c2500-e10001/audited_summary.json
ActMem-VLA,6,0,10001,2500,6,1,534,1,/data/libero_mem_baseline/a100_local_eval_20260910/evaluations/gradientfix-v1-t6-s0-c2500-e10001/audited_summary.json
ActMem-VLA,6,0,10001,2500,7,0,600,0,/data/libero_mem_baseline/a100_local_eval_20260910/evaluations/gradientfix-v1-t6-s0-c2500-e10001/audited_summary.json
ActMem-VLA,6,0,10001,2500,8,0,600,0,/data/libero_mem_baseline/a100_local_eval_20260910/evaluations/gradientfix-v1-t6-s0-c2500-e10001/audited_summary.json
ActMem-VLA,6,0,10001,2500,9,1,513,1,/data/libero_mem_baseline/a100_local_eval_20260910/evaluations/gradientfix-v1-t6-s0-c2500-e10001/audited_summary.json
ActMem-VLA,6,0,10001,2500,10,0,600,0,/data/libero_mem_baseline/a100_local_eval_20260910/evaluations/gradientfix-v1-t6-s0-c2500-e10001/audited_summary.json
ActMem-VLA,6,0,10001,2500,11,1,585,1,/data/libero_mem_baseline/a100_local_eval_20260910/evaluations/gradientfix-v1-t6-s0-c2500-e10001/audited_summary.json
ActMem-VLA,6,0,10001,2500,12,0,600,0,/data/libero_mem_baseline/a100_local_eval_20260910/evaluations/gradientfix-v1-t6-s0-c2500-e10001/audited_summary.json
ActMem-VLA,6,0,10001,2500,13,1,548,1,/data/libero_mem_baseline/a100_local_eval_20260910/evaluations/gradientfix-v1-t6-s0-c2500-e10001/audited_summary.json
ActMem-VLA,6,0,10001,2500,14,0,600,0,/data/libero_mem_baseline/a100_local_eval_20260910/evaluations/gradientfix-v1-t6-s0-c2500-e10001/audited_summary.json
ActMem-VLA,6,0,10001,2500,15,0,600,0,/data/libero_mem_baseline/a100_local_eval_20260910/evaluations/gradientfix-v1-t6-s0-c2500-e10001/audited_summary.json
ActMem-VLA,6,0,10001,2500,16,0,600,0,/data/libero_mem_baseline/a100_local_eval_20260910/evaluations/gradientfix-v1-t6-s0-c2500-e10001/audited_summary.json
ActMem-VLA,6,0,10001,2500,17,0,600,0,/data/libero_mem_baseline/a100_local_eval_20260910/evaluations/gradientfix-v1-t6-s0-c2500-e10001/audited_summary.json
ActMem-VLA,6,0,10001,2500,18,1,543,1,/data/libero_mem_baseline/a100_local_eval_20260910/evaluations/gradientfix-v1-t6-s0-c2500-e10001/audited_summary.json
ActMem-VLA,6,0,10001,2500,19,1,513,1,/data/libero_mem_baseline/a100_local_eval_20260910/evaluations/gradientfix-v1-t6-s0-c2500-e10001/audited_summary.json
ActMem-VLA,6,0,10002,2500,0,1,526,1,/data/libero_mem_baseline/a100_local_eval_20260910/evaluations/gradientfix-v1-t6-s0-c2500-e10002/audited_summary.json
ActMem-VLA,6,0,10002,2500,1,1,539,1,/data/libero_mem_baseline/a100_local_eval_20260910/evaluations/gradientfix-v1-t6-s0-c2500-e10002/audited_summary.json
ActMem-VLA,6,0,10002,2500,2,1,518,1,/data/libero_mem_baseline/a100_local_eval_20260910/evaluations/gradientfix-v1-t6-s0-c2500-e10002/audited_summary.json
ActMem-VLA,6,0,10002,2500,3,1,555,1,/data/libero_mem_baseline/a100_local_eval_20260910/evaluations/gradientfix-v1-t6-s0-c2500-e10002/audited_summary.json
ActMem-VLA,6,0,10002,2500,4,1,580,1,/data/libero_mem_baseline/a100_local_eval_20260910/evaluations/gradientfix-v1-t6-s0-c2500-e10002/audited_summary.json
ActMem-VLA,6,0,10002,2500,5,1,515,1,/data/libero_mem_baseline/a100_local_eval_20260910/evaluations/gradientfix-v1-t6-s0-c2500-e10002/audited_summary.json
ActMem-VLA,6,0,10002,2500,6,1,600,1,/data/libero_mem_baseline/a100_local_eval_20260910/evaluations/gradientfix-v1-t6-s0-c2500-e10002/audited_summary.json
ActMem-VLA,6,0,10002,2500,7,1,556,1,/data/libero_mem_baseline/a100_local_eval_20260910/evaluations/gradientfix-v1-t6-s0-c2500-e10002/audited_summary.json
ActMem-VLA,6,0,10002,2500,8,1,556,1,/data/libero_mem_baseline/a100_local_eval_20260910/evaluations/gradientfix-v1-t6-s0-c2500-e10002/audited_summary.json
ActMem-VLA,6,0,10002,2500,9,1,538,1,/data/libero_mem_baseline/a100_local_eval_20260910/evaluations/gradientfix-v1-t6-s0-c2500-e10002/audited_summary.json
ActMem-VLA,6,0,10002,2500,10,1,584,1,/data/libero_mem_baseline/a100_local_eval_20260910/evaluations/gradientfix-v1-t6-s0-c2500-e10002/audited_summary.json
ActMem-VLA,6,0,10002,2500,11,0,600,0,/data/libero_mem_baseline/a100_local_eval_20260910/evaluations/gradientfix-v1-t6-s0-c2500-e10002/audited_summary.json
ActMem-VLA,6,0,10002,2500,12,0,600,0,/data/libero_mem_baseline/a100_local_eval_20260910/evaluations/gradientfix-v1-t6-s0-c2500-e10002/audited_summary.json
ActMem-VLA,6,0,10002,2500,13,1,559,1,/data/libero_mem_baseline/a100_local_eval_20260910/evaluations/gradientfix-v1-t6-s0-c2500-e10002/audited_summary.json
ActMem-VLA,6,0,10002,2500,14,1,536,1,/data/libero_mem_baseline/a100_local_eval_20260910/evaluations/gradientfix-v1-t6-s0-c2500-e10002/audited_summary.json
ActMem-VLA,6,0,10002,2500,15,0,600,0,/data/libero_mem_baseline/a100_local_eval_20260910/evaluations/gradientfix-v1-t6-s0-c2500-e10002/audited_summary.json
ActMem-VLA,6,0,10002,2500,16,1,534,1,/data/libero_mem_baseline/a100_local_eval_20260910/evaluations/gradientfix-v1-t6-s0-c2500-e10002/audited_summary.json
ActMem-VLA,6,0,10002,2500,17,0,600,0,/data/libero_mem_baseline/a100_local_eval_20260910/evaluations/gradientfix-v1-t6-s0-c2500-e10002/audited_summary.json
ActMem-VLA,6,0,10002,2500,18,1,563,1,/data/libero_mem_baseline/a100_local_eval_20260910/evaluations/gradientfix-v1-t6-s0-c2500-e10002/audited_summary.json
ActMem-VLA,6,0,10002,2500,19,1,535,1,/data/libero_mem_baseline/a100_local_eval_20260910/evaluations/gradientfix-v1-t6-s0-c2500-e10002/audited_summary.json
ActMem-VLA,6,0,10003,2500,0,1,537,1,/data/libero_mem_baseline/a100_local_eval_20260910/evaluations/gradientfix-v1-t6-s0-c2500-e10003/audited_summary.json
ActMem-VLA,6,0,10003,2500,1,1,528,1,/data/libero_mem_baseline/a100_local_eval_20260910/evaluations/gradientfix-v1-t6-s0-c2500-e10003/audited_summary.json
ActMem-VLA,6,0,10003,2500,2,0,600,0,/data/libero_mem_baseline/a100_local_eval_20260910/evaluations/gradientfix-v1-t6-s0-c2500-e10003/audited_summary.json
ActMem-VLA,6,0,10003,2500,3,1,545,1,/data/libero_mem_baseline/a100_local_eval_20260910/evaluations/gradientfix-v1-t6-s0-c2500-e10003/audited_summary.json
ActMem-VLA,6,0,10003,2500,4,0,600,0,/data/libero_mem_baseline/a100_local_eval_20260910/evaluations/gradientfix-v1-t6-s0-c2500-e10003/audited_summary.json
ActMem-VLA,6,0,10003,2500,5,1,503,1,/data/libero_mem_baseline/a100_local_eval_20260910/evaluations/gradientfix-v1-t6-s0-c2500-e10003/audited_summary.json
ActMem-VLA,6,0,10003,2500,6,1,515,1,/data/libero_mem_baseline/a100_local_eval_20260910/evaluations/gradientfix-v1-t6-s0-c2500-e10003/audited_summary.json
ActMem-VLA,6,0,10003,2500,7,1,543,1,/data/libero_mem_baseline/a100_local_eval_20260910/evaluations/gradientfix-v1-t6-s0-c2500-e10003/audited_summary.json
ActMem-VLA,6,0,10003,2500,8,1,594,1,/data/libero_mem_baseline/a100_local_eval_20260910/evaluations/gradientfix-v1-t6-s0-c2500-e10003/audited_summary.json
ActMem-VLA,6,0,10003,2500,9,1,582,1,/data/libero_mem_baseline/a100_local_eval_20260910/evaluations/gradientfix-v1-t6-s0-c2500-e10003/audited_summary.json
ActMem-VLA,6,0,10003,2500,10,1,584,1,/data/libero_mem_baseline/a100_local_eval_20260910/evaluations/gradientfix-v1-t6-s0-c2500-e10003/audited_summary.json
ActMem-VLA,6,0,10003,2500,11,1,591,1,/data/libero_mem_baseline/a100_local_eval_20260910/evaluations/gradientfix-v1-t6-s0-c2500-e10003/audited_summary.json
ActMem-VLA,6,0,10003,2500,12,1,573,1,/data/libero_mem_baseline/a100_local_eval_20260910/evaluations/gradientfix-v1-t6-s0-c2500-e10003/audited_summary.json
ActMem-VLA,6,0,10003,2500,13,1,559,1,/data/libero_mem_baseline/a100_local_eval_20260910/evaluations/gradientfix-v1-t6-s0-c2500-e10003/audited_summary.json
ActMem-VLA,6,0,10003,2500,14,1,571,1,/data/libero_mem_baseline/a100_local_eval_20260910/evaluations/gradientfix-v1-t6-s0-c2500-e10003/audited_summary.json
ActMem-VLA,6,0,10003,2500,15,1,598,1,/data/libero_mem_baseline/a100_local_eval_20260910/evaluations/gradientfix-v1-t6-s0-c2500-e10003/audited_summary.json
ActMem-VLA,6,0,10003,2500,16,1,535,1,/data/libero_mem_baseline/a100_local_eval_20260910/evaluations/gradientfix-v1-t6-s0-c2500-e10003/audited_summary.json
ActMem-VLA,6,0,10003,2500,17,1,575,1,/data/libero_mem_baseline/a100_local_eval_20260910/evaluations/gradientfix-v1-t6-s0-c2500-e10003/audited_summary.json
ActMem-VLA,6,0,10003,2500,18,1,552,1,/data/libero_mem_baseline/a100_local_eval_20260910/evaluations/gradientfix-v1-t6-s0-c2500-e10003/audited_summary.json
ActMem-VLA,6,0,10003,2500,19,1,535,1,/data/libero_mem_baseline/a100_local_eval_20260910/evaluations/gradientfix-v1-t6-s0-c2500-e10003/audited_summary.json
ActMem-VLA,6,1,10001,1500,0,1,528,1,/data/libero_mem_baseline/a100_local_eval_20260910/evaluations/gradientfix-v1-t6-s1-c1500-e10001/audited_summary.json
ActMem-VLA,6,1,10001,1500,1,1,551,1,/data/libero_mem_baseline/a100_local_eval_20260910/evaluations/gradientfix-v1-t6-s1-c1500-e10001/audited_summary.json
ActMem-VLA,6,1,10001,1500,2,1,481,1,/data/libero_mem_baseline/a100_local_eval_20260910/evaluations/gradientfix-v1-t6-s1-c1500-e10001/audited_summary.json
ActMem-VLA,6,1,10001,1500,3,1,526,1,/data/libero_mem_baseline/a100_local_eval_20260910/evaluations/gradientfix-v1-t6-s1-c1500-e10001/audited_summary.json
ActMem-VLA,6,1,10001,1500,4,1,584,1,/data/libero_mem_baseline/a100_local_eval_20260910/evaluations/gradientfix-v1-t6-s1-c1500-e10001/audited_summary.json
ActMem-VLA,6,1,10001,1500,5,1,513,1,/data/libero_mem_baseline/a100_local_eval_20260910/evaluations/gradientfix-v1-t6-s1-c1500-e10001/audited_summary.json
ActMem-VLA,6,1,10001,1500,6,1,543,1,/data/libero_mem_baseline/a100_local_eval_20260910/evaluations/gradientfix-v1-t6-s1-c1500-e10001/audited_summary.json
ActMem-VLA,6,1,10001,1500,7,1,522,1,/data/libero_mem_baseline/a100_local_eval_20260910/evaluations/gradientfix-v1-t6-s1-c1500-e10001/audited_summary.json
ActMem-VLA,6,1,10001,1500,8,1,578,1,/data/libero_mem_baseline/a100_local_eval_20260910/evaluations/gradientfix-v1-t6-s1-c1500-e10001/audited_summary.json
ActMem-VLA,6,1,10001,1500,9,1,537,1,/data/libero_mem_baseline/a100_local_eval_20260910/evaluations/gradientfix-v1-t6-s1-c1500-e10001/audited_summary.json
ActMem-VLA,6,1,10001,1500,10,1,599,1,/data/libero_mem_baseline/a100_local_eval_20260910/evaluations/gradientfix-v1-t6-s1-c1500-e10001/audited_summary.json
ActMem-VLA,6,1,10001,1500,11,0,600,0,/data/libero_mem_baseline/a100_local_eval_20260910/evaluations/gradientfix-v1-t6-s1-c1500-e10001/audited_summary.json
ActMem-VLA,6,1,10001,1500,12,0,600,0,/data/libero_mem_baseline/a100_local_eval_20260910/evaluations/gradientfix-v1-t6-s1-c1500-e10001/audited_summary.json
ActMem-VLA,6,1,10001,1500,13,1,585,1,/data/libero_mem_baseline/a100_local_eval_20260910/evaluations/gradientfix-v1-t6-s1-c1500-e10001/audited_summary.json
ActMem-VLA,6,1,10001,1500,14,0,600,0,/data/libero_mem_baseline/a100_local_eval_20260910/evaluations/gradientfix-v1-t6-s1-c1500-e10001/audited_summary.json
ActMem-VLA,6,1,10001,1500,15,0,600,0,/data/libero_mem_baseline/a100_local_eval_20260910/evaluations/gradientfix-v1-t6-s1-c1500-e10001/audited_summary.json
ActMem-VLA,6,1,10001,1500,16,1,541,1,/data/libero_mem_baseline/a100_local_eval_20260910/evaluations/gradientfix-v1-t6-s1-c1500-e10001/audited_summary.json
ActMem-VLA,6,1,10001,1500,17,0,600,0,/data/libero_mem_baseline/a100_local_eval_20260910/evaluations/gradientfix-v1-t6-s1-c1500-e10001/audited_summary.json
ActMem-VLA,6,1,10001,1500,18,1,570,1,/data/libero_mem_baseline/a100_local_eval_20260910/evaluations/gradientfix-v1-t6-s1-c1500-e10001/audited_summary.json
ActMem-VLA,6,1,10001,1500,19,1,502,1,/data/libero_mem_baseline/a100_local_eval_20260910/evaluations/gradientfix-v1-t6-s1-c1500-e10001/audited_summary.json
ActMem-VLA,6,1,10002,1500,0,1,516,1,/data/libero_mem_baseline/a100_local_eval_20260910/evaluations/gradientfix-v1-t6-s1-c1500-e10002/audited_summary.json
ActMem-VLA,6,1,10002,1500,1,1,558,1,/data/libero_mem_baseline/a100_local_eval_20260910/evaluations/gradientfix-v1-t6-s1-c1500-e10002/audited_summary.json
ActMem-VLA,6,1,10002,1500,2,1,513,1,/data/libero_mem_baseline/a100_local_eval_20260910/evaluations/gradientfix-v1-t6-s1-c1500-e10002/audited_summary.json
ActMem-VLA,6,1,10002,1500,3,1,540,1,/data/libero_mem_baseline/a100_local_eval_20260910/evaluations/gradientfix-v1-t6-s1-c1500-e10002/audited_summary.json
ActMem-VLA,6,1,10002,1500,4,1,539,1,/data/libero_mem_baseline/a100_local_eval_20260910/evaluations/gradientfix-v1-t6-s1-c1500-e10002/audited_summary.json
ActMem-VLA,6,1,10002,1500,5,1,543,1,/data/libero_mem_baseline/a100_local_eval_20260910/evaluations/gradientfix-v1-t6-s1-c1500-e10002/audited_summary.json
ActMem-VLA,6,1,10002,1500,6,1,531,1,/data/libero_mem_baseline/a100_local_eval_20260910/evaluations/gradientfix-v1-t6-s1-c1500-e10002/audited_summary.json
ActMem-VLA,6,1,10002,1500,7,1,597,1,/data/libero_mem_baseline/a100_local_eval_20260910/evaluations/gradientfix-v1-t6-s1-c1500-e10002/audited_summary.json
ActMem-VLA,6,1,10002,1500,8,1,540,1,/data/libero_mem_baseline/a100_local_eval_20260910/evaluations/gradientfix-v1-t6-s1-c1500-e10002/audited_summary.json
ActMem-VLA,6,1,10002,1500,9,1,517,1,/data/libero_mem_baseline/a100_local_eval_20260910/evaluations/gradientfix-v1-t6-s1-c1500-e10002/audited_summary.json
ActMem-VLA,6,1,10002,1500,10,0,600,0,/data/libero_mem_baseline/a100_local_eval_20260910/evaluations/gradientfix-v1-t6-s1-c1500-e10002/audited_summary.json
ActMem-VLA,6,1,10002,1500,11,0,600,0,/data/libero_mem_baseline/a100_local_eval_20260910/evaluations/gradientfix-v1-t6-s1-c1500-e10002/audited_summary.json
ActMem-VLA,6,1,10002,1500,12,1,591,1,/data/libero_mem_baseline/a100_local_eval_20260910/evaluations/gradientfix-v1-t6-s1-c1500-e10002/audited_summary.json
ActMem-VLA,6,1,10002,1500,13,1,546,1,/data/libero_mem_baseline/a100_local_eval_20260910/evaluations/gradientfix-v1-t6-s1-c1500-e10002/audited_summary.json
ActMem-VLA,6,1,10002,1500,14,1,551,1,/data/libero_mem_baseline/a100_local_eval_20260910/evaluations/gradientfix-v1-t6-s1-c1500-e10002/audited_summary.json
ActMem-VLA,6,1,10002,1500,15,0,600,0,/data/libero_mem_baseline/a100_local_eval_20260910/evaluations/gradientfix-v1-t6-s1-c1500-e10002/audited_summary.json
ActMem-VLA,6,1,10002,1500,16,1,597,1,/data/libero_mem_baseline/a100_local_eval_20260910/evaluations/gradientfix-v1-t6-s1-c1500-e10002/audited_summary.json
ActMem-VLA,6,1,10002,1500,17,1,584,1,/data/libero_mem_baseline/a100_local_eval_20260910/evaluations/gradientfix-v1-t6-s1-c1500-e10002/audited_summary.json
ActMem-VLA,6,1,10002,1500,18,0,600,0,/data/libero_mem_baseline/a100_local_eval_20260910/evaluations/gradientfix-v1-t6-s1-c1500-e10002/audited_summary.json
ActMem-VLA,6,1,10002,1500,19,1,519,1,/data/libero_mem_baseline/a100_local_eval_20260910/evaluations/gradientfix-v1-t6-s1-c1500-e10002/audited_summary.json
ActMem-VLA,6,1,10003,1500,0,1,542,1,/data/libero_mem_baseline/a100_local_eval_20260910/evaluations/gradientfix-v1-t6-s1-c1500-e10003/audited_summary.json
ActMem-VLA,6,1,10003,1500,1,1,548,1,/data/libero_mem_baseline/a100_local_eval_20260910/evaluations/gradientfix-v1-t6-s1-c1500-e10003/audited_summary.json
ActMem-VLA,6,1,10003,1500,2,1,522,1,/data/libero_mem_baseline/a100_local_eval_20260910/evaluations/gradientfix-v1-t6-s1-c1500-e10003/audited_summary.json
ActMem-VLA,6,1,10003,1500,3,0,600,0,/data/libero_mem_baseline/a100_local_eval_20260910/evaluations/gradientfix-v1-t6-s1-c1500-e10003/audited_summary.json
ActMem-VLA,6,1,10003,1500,4,0,600,0,/data/libero_mem_baseline/a100_local_eval_20260910/evaluations/gradientfix-v1-t6-s1-c1500-e10003/audited_summary.json
ActMem-VLA,6,1,10003,1500,5,1,511,1,/data/libero_mem_baseline/a100_local_eval_20260910/evaluations/gradientfix-v1-t6-s1-c1500-e10003/audited_summary.json
ActMem-VLA,6,1,10003,1500,6,1,572,1,/data/libero_mem_baseline/a100_local_eval_20260910/evaluations/gradientfix-v1-t6-s1-c1500-e10003/audited_summary.json
ActMem-VLA,6,1,10003,1500,7,1,512,1,/data/libero_mem_baseline/a100_local_eval_20260910/evaluations/gradientfix-v1-t6-s1-c1500-e10003/audited_summary.json
ActMem-VLA,6,1,10003,1500,8,0,600,0,/data/libero_mem_baseline/a100_local_eval_20260910/evaluations/gradientfix-v1-t6-s1-c1500-e10003/audited_summary.json
ActMem-VLA,6,1,10003,1500,9,1,517,1,/data/libero_mem_baseline/a100_local_eval_20260910/evaluations/gradientfix-v1-t6-s1-c1500-e10003/audited_summary.json
ActMem-VLA,6,1,10003,1500,10,1,559,1,/data/libero_mem_baseline/a100_local_eval_20260910/evaluations/gradientfix-v1-t6-s1-c1500-e10003/audited_summary.json
ActMem-VLA,6,1,10003,1500,11,0,600,0,/data/libero_mem_baseline/a100_local_eval_20260910/evaluations/gradientfix-v1-t6-s1-c1500-e10003/audited_summary.json
ActMem-VLA,6,1,10003,1500,12,1,585,1,/data/libero_mem_baseline/a100_local_eval_20260910/evaluations/gradientfix-v1-t6-s1-c1500-e10003/audited_summary.json
ActMem-VLA,6,1,10003,1500,13,1,578,1,/data/libero_mem_baseline/a100_local_eval_20260910/evaluations/gradientfix-v1-t6-s1-c1500-e10003/audited_summary.json
ActMem-VLA,6,1,10003,1500,14,1,595,1,/data/libero_mem_baseline/a100_local_eval_20260910/evaluations/gradientfix-v1-t6-s1-c1500-e10003/audited_summary.json
ActMem-VLA,6,1,10003,1500,15,0,600,0,/data/libero_mem_baseline/a100_local_eval_20260910/evaluations/gradientfix-v1-t6-s1-c1500-e10003/audited_summary.json
ActMem-VLA,6,1,10003,1500,16,0,600,0,/data/libero_mem_baseline/a100_local_eval_20260910/evaluations/gradientfix-v1-t6-s1-c1500-e10003/audited_summary.json
ActMem-VLA,6,1,10003,1500,17,1,584,1,/data/libero_mem_baseline/a100_local_eval_20260910/evaluations/gradientfix-v1-t6-s1-c1500-e10003/audited_summary.json
ActMem-VLA,6,1,10003,1500,18,1,548,1,/data/libero_mem_baseline/a100_local_eval_20260910/evaluations/gradientfix-v1-t6-s1-c1500-e10003/audited_summary.json
ActMem-VLA,6,1,10003,1500,19,1,574,1,/data/libero_mem_baseline/a100_local_eval_20260910/evaluations/gradientfix-v1-t6-s1-c1500-e10003/audited_summary.json
ActMem-VLA,6,42,10001,1500,0,1,569,1,/data/libero_mem_baseline/a100_local_eval_20260910/evaluations/gradientfix-v1-t6-s42-c1500-e10001/audited_summary.json
ActMem-VLA,6,42,10001,1500,1,1,548,1,/data/libero_mem_baseline/a100_local_eval_20260910/evaluations/gradientfix-v1-t6-s42-c1500-e10001/audited_summary.json
ActMem-VLA,6,42,10001,1500,2,1,581,1,/data/libero_mem_baseline/a100_local_eval_20260910/evaluations/gradientfix-v1-t6-s42-c1500-e10001/audited_summary.json
ActMem-VLA,6,42,10001,1500,3,1,539,1,/data/libero_mem_baseline/a100_local_eval_20260910/evaluations/gradientfix-v1-t6-s42-c1500-e10001/audited_summary.json
ActMem-VLA,6,42,10001,1500,4,1,502,1,/data/libero_mem_baseline/a100_local_eval_20260910/evaluations/gradientfix-v1-t6-s42-c1500-e10001/audited_summary.json
ActMem-VLA,6,42,10001,1500,5,1,483,1,/data/libero_mem_baseline/a100_local_eval_20260910/evaluations/gradientfix-v1-t6-s42-c1500-e10001/audited_summary.json
ActMem-VLA,6,42,10001,1500,6,1,519,1,/data/libero_mem_baseline/a100_local_eval_20260910/evaluations/gradientfix-v1-t6-s42-c1500-e10001/audited_summary.json
ActMem-VLA,6,42,10001,1500,7,1,575,1,/data/libero_mem_baseline/a100_local_eval_20260910/evaluations/gradientfix-v1-t6-s42-c1500-e10001/audited_summary.json
ActMem-VLA,6,42,10001,1500,8,1,545,1,/data/libero_mem_baseline/a100_local_eval_20260910/evaluations/gradientfix-v1-t6-s42-c1500-e10001/audited_summary.json
ActMem-VLA,6,42,10001,1500,9,0,600,0,/data/libero_mem_baseline/a100_local_eval_20260910/evaluations/gradientfix-v1-t6-s42-c1500-e10001/audited_summary.json
ActMem-VLA,6,42,10001,1500,10,0,600,0,/data/libero_mem_baseline/a100_local_eval_20260910/evaluations/gradientfix-v1-t6-s42-c1500-e10001/audited_summary.json
ActMem-VLA,6,42,10001,1500,11,0,600,0,/data/libero_mem_baseline/a100_local_eval_20260910/evaluations/gradientfix-v1-t6-s42-c1500-e10001/audited_summary.json
ActMem-VLA,6,42,10001,1500,12,1,577,1,/data/libero_mem_baseline/a100_local_eval_20260910/evaluations/gradientfix-v1-t6-s42-c1500-e10001/audited_summary.json
ActMem-VLA,6,42,10001,1500,13,1,584,1,/data/libero_mem_baseline/a100_local_eval_20260910/evaluations/gradientfix-v1-t6-s42-c1500-e10001/audited_summary.json
ActMem-VLA,6,42,10001,1500,14,1,567,1,/data/libero_mem_baseline/a100_local_eval_20260910/evaluations/gradientfix-v1-t6-s42-c1500-e10001/audited_summary.json
ActMem-VLA,6,42,10001,1500,15,1,511,1,/data/libero_mem_baseline/a100_local_eval_20260910/evaluations/gradientfix-v1-t6-s42-c1500-e10001/audited_summary.json
ActMem-VLA,6,42,10001,1500,16,1,513,1,/data/libero_mem_baseline/a100_local_eval_20260910/evaluations/gradientfix-v1-t6-s42-c1500-e10001/audited_summary.json
ActMem-VLA,6,42,10001,1500,17,0,600,0,/data/libero_mem_baseline/a100_local_eval_20260910/evaluations/gradientfix-v1-t6-s42-c1500-e10001/audited_summary.json
ActMem-VLA,6,42,10001,1500,18,1,583,1,/data/libero_mem_baseline/a100_local_eval_20260910/evaluations/gradientfix-v1-t6-s42-c1500-e10001/audited_summary.json
ActMem-VLA,6,42,10001,1500,19,1,501,1,/data/libero_mem_baseline/a100_local_eval_20260910/evaluations/gradientfix-v1-t6-s42-c1500-e10001/audited_summary.json
ActMem-VLA,6,42,10002,1500,0,1,521,1,/data/libero_mem_baseline/a100_local_eval_20260910/evaluations/gradientfix-v1-t6-s42-c1500-e10002/audited_summary.json
ActMem-VLA,6,42,10002,1500,1,1,552,1,/data/libero_mem_baseline/a100_local_eval_20260910/evaluations/gradientfix-v1-t6-s42-c1500-e10002/audited_summary.json
ActMem-VLA,6,42,10002,1500,2,1,549,1,/data/libero_mem_baseline/a100_local_eval_20260910/evaluations/gradientfix-v1-t6-s42-c1500-e10002/audited_summary.json
ActMem-VLA,6,42,10002,1500,3,1,513,1,/data/libero_mem_baseline/a100_local_eval_20260910/evaluations/gradientfix-v1-t6-s42-c1500-e10002/audited_summary.json
ActMem-VLA,6,42,10002,1500,4,1,585,1,/data/libero_mem_baseline/a100_local_eval_20260910/evaluations/gradientfix-v1-t6-s42-c1500-e10002/audited_summary.json
ActMem-VLA,6,42,10002,1500,5,1,522,1,/data/libero_mem_baseline/a100_local_eval_20260910/evaluations/gradientfix-v1-t6-s42-c1500-e10002/audited_summary.json
ActMem-VLA,6,42,10002,1500,6,1,569,1,/data/libero_mem_baseline/a100_local_eval_20260910/evaluations/gradientfix-v1-t6-s42-c1500-e10002/audited_summary.json
ActMem-VLA,6,42,10002,1500,7,1,563,1,/data/libero_mem_baseline/a100_local_eval_20260910/evaluations/gradientfix-v1-t6-s42-c1500-e10002/audited_summary.json
ActMem-VLA,6,42,10002,1500,8,1,543,1,/data/libero_mem_baseline/a100_local_eval_20260910/evaluations/gradientfix-v1-t6-s42-c1500-e10002/audited_summary.json
ActMem-VLA,6,42,10002,1500,9,1,542,1,/data/libero_mem_baseline/a100_local_eval_20260910/evaluations/gradientfix-v1-t6-s42-c1500-e10002/audited_summary.json
ActMem-VLA,6,42,10002,1500,10,1,596,1,/data/libero_mem_baseline/a100_local_eval_20260910/evaluations/gradientfix-v1-t6-s42-c1500-e10002/audited_summary.json
ActMem-VLA,6,42,10002,1500,11,0,600,0,/data/libero_mem_baseline/a100_local_eval_20260910/evaluations/gradientfix-v1-t6-s42-c1500-e10002/audited_summary.json
ActMem-VLA,6,42,10002,1500,12,1,567,1,/data/libero_mem_baseline/a100_local_eval_20260910/evaluations/gradientfix-v1-t6-s42-c1500-e10002/audited_summary.json
ActMem-VLA,6,42,10002,1500,13,1,598,1,/data/libero_mem_baseline/a100_local_eval_20260910/evaluations/gradientfix-v1-t6-s42-c1500-e10002/audited_summary.json
ActMem-VLA,6,42,10002,1500,14,0,600,0,/data/libero_mem_baseline/a100_local_eval_20260910/evaluations/gradientfix-v1-t6-s42-c1500-e10002/audited_summary.json
ActMem-VLA,6,42,10002,1500,15,0,600,0,/data/libero_mem_baseline/a100_local_eval_20260910/evaluations/gradientfix-v1-t6-s42-c1500-e10002/audited_summary.json
ActMem-VLA,6,42,10002,1500,16,1,532,1,/data/libero_mem_baseline/a100_local_eval_20260910/evaluations/gradientfix-v1-t6-s42-c1500-e10002/audited_summary.json
ActMem-VLA,6,42,10002,1500,17,0,600,0,/data/libero_mem_baseline/a100_local_eval_20260910/evaluations/gradientfix-v1-t6-s42-c1500-e10002/audited_summary.json
ActMem-VLA,6,42,10002,1500,18,1,525,1,/data/libero_mem_baseline/a100_local_eval_20260910/evaluations/gradientfix-v1-t6-s42-c1500-e10002/audited_summary.json
ActMem-VLA,6,42,10002,1500,19,1,532,1,/data/libero_mem_baseline/a100_local_eval_20260910/evaluations/gradientfix-v1-t6-s42-c1500-e10002/audited_summary.json
ActMem-VLA,6,42,10003,1500,0,0,600,0,/data/libero_mem_baseline/a100_local_eval_20260910/evaluations/gradientfix-v1-t6-s42-c1500-e10003/audited_summary.json
ActMem-VLA,6,42,10003,1500,1,1,595,1,/data/libero_mem_baseline/a100_local_eval_20260910/evaluations/gradientfix-v1-t6-s42-c1500-e10003/audited_summary.json
ActMem-VLA,6,42,10003,1500,2,1,517,1,/data/libero_mem_baseline/a100_local_eval_20260910/evaluations/gradientfix-v1-t6-s42-c1500-e10003/audited_summary.json
ActMem-VLA,6,42,10003,1500,3,1,600,1,/data/libero_mem_baseline/a100_local_eval_20260910/evaluations/gradientfix-v1-t6-s42-c1500-e10003/audited_summary.json
ActMem-VLA,6,42,10003,1500,4,1,600,1,/data/libero_mem_baseline/a100_local_eval_20260910/evaluations/gradientfix-v1-t6-s42-c1500-e10003/audited_summary.json
ActMem-VLA,6,42,10003,1500,5,1,553,1,/data/libero_mem_baseline/a100_local_eval_20260910/evaluations/gradientfix-v1-t6-s42-c1500-e10003/audited_summary.json
ActMem-VLA,6,42,10003,1500,6,1,579,1,/data/libero_mem_baseline/a100_local_eval_20260910/evaluations/gradientfix-v1-t6-s42-c1500-e10003/audited_summary.json
ActMem-VLA,6,42,10003,1500,7,1,558,1,/data/libero_mem_baseline/a100_local_eval_20260910/evaluations/gradientfix-v1-t6-s42-c1500-e10003/audited_summary.json
ActMem-VLA,6,42,10003,1500,8,0,600,0,/data/libero_mem_baseline/a100_local_eval_20260910/evaluations/gradientfix-v1-t6-s42-c1500-e10003/audited_summary.json
ActMem-VLA,6,42,10003,1500,9,1,569,1,/data/libero_mem_baseline/a100_local_eval_20260910/evaluations/gradientfix-v1-t6-s42-c1500-e10003/audited_summary.json
ActMem-VLA,6,42,10003,1500,10,1,524,1,/data/libero_mem_baseline/a100_local_eval_20260910/evaluations/gradientfix-v1-t6-s42-c1500-e10003/audited_summary.json
ActMem-VLA,6,42,10003,1500,11,0,600,0,/data/libero_mem_baseline/a100_local_eval_20260910/evaluations/gradientfix-v1-t6-s42-c1500-e10003/audited_summary.json
ActMem-VLA,6,42,10003,1500,12,1,573,1,/data/libero_mem_baseline/a100_local_eval_20260910/evaluations/gradientfix-v1-t6-s42-c1500-e10003/audited_summary.json
ActMem-VLA,6,42,10003,1500,13,1,561,1,/data/libero_mem_baseline/a100_local_eval_20260910/evaluations/gradientfix-v1-t6-s42-c1500-e10003/audited_summary.json
ActMem-VLA,6,42,10003,1500,14,0,600,0,/data/libero_mem_baseline/a100_local_eval_20260910/evaluations/gradientfix-v1-t6-s42-c1500-e10003/audited_summary.json
ActMem-VLA,6,42,10003,1500,15,1,577,1,/data/libero_mem_baseline/a100_local_eval_20260910/evaluations/gradientfix-v1-t6-s42-c1500-e10003/audited_summary.json
ActMem-VLA,6,42,10003,1500,16,1,577,1,/data/libero_mem_baseline/a100_local_eval_20260910/evaluations/gradientfix-v1-t6-s42-c1500-e10003/audited_summary.json
ActMem-VLA,6,42,10003,1500,17,1,561,1,/data/libero_mem_baseline/a100_local_eval_20260910/evaluations/gradientfix-v1-t6-s42-c1500-e10003/audited_summary.json
ActMem-VLA,6,42,10003,1500,18,1,597,1,/data/libero_mem_baseline/a100_local_eval_20260910/evaluations/gradientfix-v1-t6-s42-c1500-e10003/audited_summary.json
ActMem-VLA,6,42,10003,1500,19,1,544,1,/data/libero_mem_baseline/a100_local_eval_20260910/evaluations/gradientfix-v1-t6-s42-c1500-e10003/audited_summary.json
ActMem-VLA,7,0,10001,2000,0,0,600,0,/data/libero_mem_baseline/a100_local_eval_20260910/evaluations/gradientfix-v1-t7-s0-c2000-e10001/audited_summary.json
ActMem-VLA,7,0,10001,2000,1,1,500,1,/data/libero_mem_baseline/a100_local_eval_20260910/evaluations/gradientfix-v1-t7-s0-c2000-e10001/audited_summary.json
ActMem-VLA,7,0,10001,2000,2,0,600,0,/data/libero_mem_baseline/a100_local_eval_20260910/evaluations/gradientfix-v1-t7-s0-c2000-e10001/audited_summary.json
ActMem-VLA,7,0,10001,2000,3,0,600,0,/data/libero_mem_baseline/a100_local_eval_20260910/evaluations/gradientfix-v1-t7-s0-c2000-e10001/audited_summary.json
ActMem-VLA,7,0,10001,2000,4,1,364,1,/data/libero_mem_baseline/a100_local_eval_20260910/evaluations/gradientfix-v1-t7-s0-c2000-e10001/audited_summary.json
ActMem-VLA,7,0,10001,2000,5,0,600,0,/data/libero_mem_baseline/a100_local_eval_20260910/evaluations/gradientfix-v1-t7-s0-c2000-e10001/audited_summary.json
ActMem-VLA,7,0,10001,2000,6,1,499,1,/data/libero_mem_baseline/a100_local_eval_20260910/evaluations/gradientfix-v1-t7-s0-c2000-e10001/audited_summary.json
ActMem-VLA,7,0,10001,2000,7,0,600,0,/data/libero_mem_baseline/a100_local_eval_20260910/evaluations/gradientfix-v1-t7-s0-c2000-e10001/audited_summary.json
ActMem-VLA,7,0,10001,2000,8,0,600,0,/data/libero_mem_baseline/a100_local_eval_20260910/evaluations/gradientfix-v1-t7-s0-c2000-e10001/audited_summary.json
ActMem-VLA,7,0,10001,2000,9,0,600,0,/data/libero_mem_baseline/a100_local_eval_20260910/evaluations/gradientfix-v1-t7-s0-c2000-e10001/audited_summary.json
ActMem-VLA,7,0,10001,2000,10,1,328,1,/data/libero_mem_baseline/a100_local_eval_20260910/evaluations/gradientfix-v1-t7-s0-c2000-e10001/audited_summary.json
ActMem-VLA,7,0,10001,2000,11,1,413,1,/data/libero_mem_baseline/a100_local_eval_20260910/evaluations/gradientfix-v1-t7-s0-c2000-e10001/audited_summary.json
ActMem-VLA,7,0,10001,2000,12,1,349,1,/data/libero_mem_baseline/a100_local_eval_20260910/evaluations/gradientfix-v1-t7-s0-c2000-e10001/audited_summary.json
ActMem-VLA,7,0,10001,2000,13,0,600,0,/data/libero_mem_baseline/a100_local_eval_20260910/evaluations/gradientfix-v1-t7-s0-c2000-e10001/audited_summary.json
ActMem-VLA,7,0,10001,2000,14,1,574,1,/data/libero_mem_baseline/a100_local_eval_20260910/evaluations/gradientfix-v1-t7-s0-c2000-e10001/audited_summary.json
ActMem-VLA,7,0,10001,2000,15,0,600,0,/data/libero_mem_baseline/a100_local_eval_20260910/evaluations/gradientfix-v1-t7-s0-c2000-e10001/audited_summary.json
ActMem-VLA,7,0,10001,2000,16,0,600,0,/data/libero_mem_baseline/a100_local_eval_20260910/evaluations/gradientfix-v1-t7-s0-c2000-e10001/audited_summary.json
ActMem-VLA,7,0,10001,2000,17,0,600,0,/data/libero_mem_baseline/a100_local_eval_20260910/evaluations/gradientfix-v1-t7-s0-c2000-e10001/audited_summary.json
ActMem-VLA,7,0,10001,2000,18,0,600,0,/data/libero_mem_baseline/a100_local_eval_20260910/evaluations/gradientfix-v1-t7-s0-c2000-e10001/audited_summary.json
ActMem-VLA,7,0,10001,2000,19,1,360,1,/data/libero_mem_baseline/a100_local_eval_20260910/evaluations/gradientfix-v1-t7-s0-c2000-e10001/audited_summary.json
ActMem-VLA,7,0,10002,2000,0,0,600,0,/data/libero_mem_baseline/a100_local_eval_20260910/evaluations/gradientfix-v1-t7-s0-c2000-e10002/audited_summary.json
ActMem-VLA,7,0,10002,2000,1,1,352,1,/data/libero_mem_baseline/a100_local_eval_20260910/evaluations/gradientfix-v1-t7-s0-c2000-e10002/audited_summary.json
ActMem-VLA,7,0,10002,2000,2,0,600,0,/data/libero_mem_baseline/a100_local_eval_20260910/evaluations/gradientfix-v1-t7-s0-c2000-e10002/audited_summary.json
ActMem-VLA,7,0,10002,2000,3,1,420,1,/data/libero_mem_baseline/a100_local_eval_20260910/evaluations/gradientfix-v1-t7-s0-c2000-e10002/audited_summary.json
ActMem-VLA,7,0,10002,2000,4,0,600,0,/data/libero_mem_baseline/a100_local_eval_20260910/evaluations/gradientfix-v1-t7-s0-c2000-e10002/audited_summary.json
ActMem-VLA,7,0,10002,2000,5,0,600,0,/data/libero_mem_baseline/a100_local_eval_20260910/evaluations/gradientfix-v1-t7-s0-c2000-e10002/audited_summary.json
ActMem-VLA,7,0,10002,2000,6,0,600,0,/data/libero_mem_baseline/a100_local_eval_20260910/evaluations/gradientfix-v1-t7-s0-c2000-e10002/audited_summary.json
ActMem-VLA,7,0,10002,2000,7,0,600,0,/data/libero_mem_baseline/a100_local_eval_20260910/evaluations/gradientfix-v1-t7-s0-c2000-e10002/audited_summary.json
ActMem-VLA,7,0,10002,2000,8,0,600,0,/data/libero_mem_baseline/a100_local_eval_20260910/evaluations/gradientfix-v1-t7-s0-c2000-e10002/audited_summary.json
ActMem-VLA,7,0,10002,2000,9,1,403,1,/data/libero_mem_baseline/a100_local_eval_20260910/evaluations/gradientfix-v1-t7-s0-c2000-e10002/audited_summary.json
ActMem-VLA,7,0,10002,2000,10,0,600,0,/data/libero_mem_baseline/a100_local_eval_20260910/evaluations/gradientfix-v1-t7-s0-c2000-e10002/audited_summary.json
ActMem-VLA,7,0,10002,2000,11,1,410,1,/data/libero_mem_baseline/a100_local_eval_20260910/evaluations/gradientfix-v1-t7-s0-c2000-e10002/audited_summary.json
ActMem-VLA,7,0,10002,2000,12,1,365,1,/data/libero_mem_baseline/a100_local_eval_20260910/evaluations/gradientfix-v1-t7-s0-c2000-e10002/audited_summary.json
ActMem-VLA,7,0,10002,2000,13,0,600,0,/data/libero_mem_baseline/a100_local_eval_20260910/evaluations/gradientfix-v1-t7-s0-c2000-e10002/audited_summary.json
ActMem-VLA,7,0,10002,2000,14,1,577,1,/data/libero_mem_baseline/a100_local_eval_20260910/evaluations/gradientfix-v1-t7-s0-c2000-e10002/audited_summary.json
ActMem-VLA,7,0,10002,2000,15,0,600,0,/data/libero_mem_baseline/a100_local_eval_20260910/evaluations/gradientfix-v1-t7-s0-c2000-e10002/audited_summary.json
ActMem-VLA,7,0,10002,2000,16,1,515,1,/data/libero_mem_baseline/a100_local_eval_20260910/evaluations/gradientfix-v1-t7-s0-c2000-e10002/audited_summary.json
ActMem-VLA,7,0,10002,2000,17,1,465,1,/data/libero_mem_baseline/a100_local_eval_20260910/evaluations/gradientfix-v1-t7-s0-c2000-e10002/audited_summary.json
ActMem-VLA,7,0,10002,2000,18,0,600,0,/data/libero_mem_baseline/a100_local_eval_20260910/evaluations/gradientfix-v1-t7-s0-c2000-e10002/audited_summary.json
ActMem-VLA,7,0,10002,2000,19,0,600,0,/data/libero_mem_baseline/a100_local_eval_20260910/evaluations/gradientfix-v1-t7-s0-c2000-e10002/audited_summary.json
ActMem-VLA,7,0,10003,2000,0,0,600,0,/data/libero_mem_baseline/a100_local_eval_20260910/evaluations/gradientfix-v1-t7-s0-c2000-e10003/audited_summary.json
ActMem-VLA,7,0,10003,2000,1,1,417,1,/data/libero_mem_baseline/a100_local_eval_20260910/evaluations/gradientfix-v1-t7-s0-c2000-e10003/audited_summary.json
ActMem-VLA,7,0,10003,2000,2,0,600,0,/data/libero_mem_baseline/a100_local_eval_20260910/evaluations/gradientfix-v1-t7-s0-c2000-e10003/audited_summary.json
ActMem-VLA,7,0,10003,2000,3,0,600,0,/data/libero_mem_baseline/a100_local_eval_20260910/evaluations/gradientfix-v1-t7-s0-c2000-e10003/audited_summary.json
ActMem-VLA,7,0,10003,2000,4,1,355,1,/data/libero_mem_baseline/a100_local_eval_20260910/evaluations/gradientfix-v1-t7-s0-c2000-e10003/audited_summary.json
ActMem-VLA,7,0,10003,2000,5,0,600,0,/data/libero_mem_baseline/a100_local_eval_20260910/evaluations/gradientfix-v1-t7-s0-c2000-e10003/audited_summary.json
ActMem-VLA,7,0,10003,2000,6,0,600,0,/data/libero_mem_baseline/a100_local_eval_20260910/evaluations/gradientfix-v1-t7-s0-c2000-e10003/audited_summary.json
ActMem-VLA,7,0,10003,2000,7,1,549,1,/data/libero_mem_baseline/a100_local_eval_20260910/evaluations/gradientfix-v1-t7-s0-c2000-e10003/audited_summary.json
ActMem-VLA,7,0,10003,2000,8,1,492,1,/data/libero_mem_baseline/a100_local_eval_20260910/evaluations/gradientfix-v1-t7-s0-c2000-e10003/audited_summary.json
ActMem-VLA,7,0,10003,2000,9,0,600,0,/data/libero_mem_baseline/a100_local_eval_20260910/evaluations/gradientfix-v1-t7-s0-c2000-e10003/audited_summary.json
ActMem-VLA,7,0,10003,2000,10,1,325,1,/data/libero_mem_baseline/a100_local_eval_20260910/evaluations/gradientfix-v1-t7-s0-c2000-e10003/audited_summary.json
ActMem-VLA,7,0,10003,2000,11,1,403,1,/data/libero_mem_baseline/a100_local_eval_20260910/evaluations/gradientfix-v1-t7-s0-c2000-e10003/audited_summary.json
ActMem-VLA,7,0,10003,2000,12,0,600,0,/data/libero_mem_baseline/a100_local_eval_20260910/evaluations/gradientfix-v1-t7-s0-c2000-e10003/audited_summary.json
ActMem-VLA,7,0,10003,2000,13,0,600,0,/data/libero_mem_baseline/a100_local_eval_20260910/evaluations/gradientfix-v1-t7-s0-c2000-e10003/audited_summary.json
ActMem-VLA,7,0,10003,2000,14,1,523,1,/data/libero_mem_baseline/a100_local_eval_20260910/evaluations/gradientfix-v1-t7-s0-c2000-e10003/audited_summary.json
ActMem-VLA,7,0,10003,2000,15,0,600,0,/data/libero_mem_baseline/a100_local_eval_20260910/evaluations/gradientfix-v1-t7-s0-c2000-e10003/audited_summary.json
ActMem-VLA,7,0,10003,2000,16,1,571,1,/data/libero_mem_baseline/a100_local_eval_20260910/evaluations/gradientfix-v1-t7-s0-c2000-e10003/audited_summary.json
ActMem-VLA,7,0,10003,2000,17,1,448,1,/data/libero_mem_baseline/a100_local_eval_20260910/evaluations/gradientfix-v1-t7-s0-c2000-e10003/audited_summary.json
ActMem-VLA,7,0,10003,2000,18,1,321,1,/data/libero_mem_baseline/a100_local_eval_20260910/evaluations/gradientfix-v1-t7-s0-c2000-e10003/audited_summary.json
ActMem-VLA,7,0,10003,2000,19,1,376,1,/data/libero_mem_baseline/a100_local_eval_20260910/evaluations/gradientfix-v1-t7-s0-c2000-e10003/audited_summary.json
ActMem-VLA,7,1,10001,1500,0,0,600,0,/pfs/pfs-7jnepv/lgd/libero_fullmatrix_20260909/evaluations/gradientfix-lgd-t7-s1-c1500-e10001/audited_summary.json
ActMem-VLA,7,1,10001,1500,1,1,356,1,/pfs/pfs-7jnepv/lgd/libero_fullmatrix_20260909/evaluations/gradientfix-lgd-t7-s1-c1500-e10001/audited_summary.json
ActMem-VLA,7,1,10001,1500,2,0,600,0,/pfs/pfs-7jnepv/lgd/libero_fullmatrix_20260909/evaluations/gradientfix-lgd-t7-s1-c1500-e10001/audited_summary.json
ActMem-VLA,7,1,10001,1500,3,0,600,0,/pfs/pfs-7jnepv/lgd/libero_fullmatrix_20260909/evaluations/gradientfix-lgd-t7-s1-c1500-e10001/audited_summary.json
ActMem-VLA,7,1,10001,1500,4,1,350,1,/pfs/pfs-7jnepv/lgd/libero_fullmatrix_20260909/evaluations/gradientfix-lgd-t7-s1-c1500-e10001/audited_summary.json
ActMem-VLA,7,1,10001,1500,5,0,600,0,/pfs/pfs-7jnepv/lgd/libero_fullmatrix_20260909/evaluations/gradientfix-lgd-t7-s1-c1500-e10001/audited_summary.json
ActMem-VLA,7,1,10001,1500,6,0,600,0,/pfs/pfs-7jnepv/lgd/libero_fullmatrix_20260909/evaluations/gradientfix-lgd-t7-s1-c1500-e10001/audited_summary.json
ActMem-VLA,7,1,10001,1500,7,0,600,0,/pfs/pfs-7jnepv/lgd/libero_fullmatrix_20260909/evaluations/gradientfix-lgd-t7-s1-c1500-e10001/audited_summary.json
ActMem-VLA,7,1,10001,1500,8,1,494,1,/pfs/pfs-7jnepv/lgd/libero_fullmatrix_20260909/evaluations/gradientfix-lgd-t7-s1-c1500-e10001/audited_summary.json
ActMem-VLA,7,1,10001,1500,9,0,600,0,/pfs/pfs-7jnepv/lgd/libero_fullmatrix_20260909/evaluations/gradientfix-lgd-t7-s1-c1500-e10001/audited_summary.json
ActMem-VLA,7,1,10001,1500,10,1,328,1,/pfs/pfs-7jnepv/lgd/libero_fullmatrix_20260909/evaluations/gradientfix-lgd-t7-s1-c1500-e10001/audited_summary.json
ActMem-VLA,7,1,10001,1500,11,0,600,0,/pfs/pfs-7jnepv/lgd/libero_fullmatrix_20260909/evaluations/gradientfix-lgd-t7-s1-c1500-e10001/audited_summary.json
ActMem-VLA,7,1,10001,1500,12,1,338,1,/pfs/pfs-7jnepv/lgd/libero_fullmatrix_20260909/evaluations/gradientfix-lgd-t7-s1-c1500-e10001/audited_summary.json
ActMem-VLA,7,1,10001,1500,13,1,351,1,/pfs/pfs-7jnepv/lgd/libero_fullmatrix_20260909/evaluations/gradientfix-lgd-t7-s1-c1500-e10001/audited_summary.json
ActMem-VLA,7,1,10001,1500,14,1,450,1,/pfs/pfs-7jnepv/lgd/libero_fullmatrix_20260909/evaluations/gradientfix-lgd-t7-s1-c1500-e10001/audited_summary.json
ActMem-VLA,7,1,10001,1500,15,0,600,0,/pfs/pfs-7jnepv/lgd/libero_fullmatrix_20260909/evaluations/gradientfix-lgd-t7-s1-c1500-e10001/audited_summary.json
ActMem-VLA,7,1,10001,1500,16,0,600,0,/pfs/pfs-7jnepv/lgd/libero_fullmatrix_20260909/evaluations/gradientfix-lgd-t7-s1-c1500-e10001/audited_summary.json
ActMem-VLA,7,1,10001,1500,17,0,600,0,/pfs/pfs-7jnepv/lgd/libero_fullmatrix_20260909/evaluations/gradientfix-lgd-t7-s1-c1500-e10001/audited_summary.json
ActMem-VLA,7,1,10001,1500,18,0,600,0,/pfs/pfs-7jnepv/lgd/libero_fullmatrix_20260909/evaluations/gradientfix-lgd-t7-s1-c1500-e10001/audited_summary.json
ActMem-VLA,7,1,10001,1500,19,0,600,0,/pfs/pfs-7jnepv/lgd/libero_fullmatrix_20260909/evaluations/gradientfix-lgd-t7-s1-c1500-e10001/audited_summary.json
ActMem-VLA,7,1,10002,1500,0,0,600,0,/pfs/pfs-7jnepv/lgd/libero_fullmatrix_20260909/evaluations/gradientfix-lgd-t7-s1-c1500-e10002/audited_summary.json
ActMem-VLA,7,1,10002,1500,1,1,356,1,/pfs/pfs-7jnepv/lgd/libero_fullmatrix_20260909/evaluations/gradientfix-lgd-t7-s1-c1500-e10002/audited_summary.json
ActMem-VLA,7,1,10002,1500,2,0,600,0,/pfs/pfs-7jnepv/lgd/libero_fullmatrix_20260909/evaluations/gradientfix-lgd-t7-s1-c1500-e10002/audited_summary.json
ActMem-VLA,7,1,10002,1500,3,1,425,1,/pfs/pfs-7jnepv/lgd/libero_fullmatrix_20260909/evaluations/gradientfix-lgd-t7-s1-c1500-e10002/audited_summary.json
ActMem-VLA,7,1,10002,1500,4,0,600,0,/pfs/pfs-7jnepv/lgd/libero_fullmatrix_20260909/evaluations/gradientfix-lgd-t7-s1-c1500-e10002/audited_summary.json
ActMem-VLA,7,1,10002,1500,5,1,398,1,/pfs/pfs-7jnepv/lgd/libero_fullmatrix_20260909/evaluations/gradientfix-lgd-t7-s1-c1500-e10002/audited_summary.json
ActMem-VLA,7,1,10002,1500,6,0,600,0,/pfs/pfs-7jnepv/lgd/libero_fullmatrix_20260909/evaluations/gradientfix-lgd-t7-s1-c1500-e10002/audited_summary.json
ActMem-VLA,7,1,10002,1500,7,0,600,0,/pfs/pfs-7jnepv/lgd/libero_fullmatrix_20260909/evaluations/gradientfix-lgd-t7-s1-c1500-e10002/audited_summary.json
ActMem-VLA,7,1,10002,1500,8,0,600,0,/pfs/pfs-7jnepv/lgd/libero_fullmatrix_20260909/evaluations/gradientfix-lgd-t7-s1-c1500-e10002/audited_summary.json
ActMem-VLA,7,1,10002,1500,9,1,522,1,/pfs/pfs-7jnepv/lgd/libero_fullmatrix_20260909/evaluations/gradientfix-lgd-t7-s1-c1500-e10002/audited_summary.json
ActMem-VLA,7,1,10002,1500,10,1,324,1,/pfs/pfs-7jnepv/lgd/libero_fullmatrix_20260909/evaluations/gradientfix-lgd-t7-s1-c1500-e10002/audited_summary.json
ActMem-VLA,7,1,10002,1500,11,1,408,1,/pfs/pfs-7jnepv/lgd/libero_fullmatrix_20260909/evaluations/gradientfix-lgd-t7-s1-c1500-e10002/audited_summary.json
ActMem-VLA,7,1,10002,1500,12,1,560,1,/pfs/pfs-7jnepv/lgd/libero_fullmatrix_20260909/evaluations/gradientfix-lgd-t7-s1-c1500-e10002/audited_summary.json
ActMem-VLA,7,1,10002,1500,13,0,600,0,/pfs/pfs-7jnepv/lgd/libero_fullmatrix_20260909/evaluations/gradientfix-lgd-t7-s1-c1500-e10002/audited_summary.json
ActMem-VLA,7,1,10002,1500,14,0,600,0,/pfs/pfs-7jnepv/lgd/libero_fullmatrix_20260909/evaluations/gradientfix-lgd-t7-s1-c1500-e10002/audited_summary.json
ActMem-VLA,7,1,10002,1500,15,0,600,0,/pfs/pfs-7jnepv/lgd/libero_fullmatrix_20260909/evaluations/gradientfix-lgd-t7-s1-c1500-e10002/audited_summary.json
ActMem-VLA,7,1,10002,1500,16,1,371,1,/pfs/pfs-7jnepv/lgd/libero_fullmatrix_20260909/evaluations/gradientfix-lgd-t7-s1-c1500-e10002/audited_summary.json
ActMem-VLA,7,1,10002,1500,17,0,600,0,/pfs/pfs-7jnepv/lgd/libero_fullmatrix_20260909/evaluations/gradientfix-lgd-t7-s1-c1500-e10002/audited_summary.json
ActMem-VLA,7,1,10002,1500,18,1,333,1,/pfs/pfs-7jnepv/lgd/libero_fullmatrix_20260909/evaluations/gradientfix-lgd-t7-s1-c1500-e10002/audited_summary.json
ActMem-VLA,7,1,10002,1500,19,1,409,1,/pfs/pfs-7jnepv/lgd/libero_fullmatrix_20260909/evaluations/gradientfix-lgd-t7-s1-c1500-e10002/audited_summary.json
ActMem-VLA,7,1,10003,1500,0,0,600,0,/pfs/pfs-7jnepv/lgd/libero_fullmatrix_20260909/evaluations/gradientfix-lgd-t7-s1-c1500-e10003/audited_summary.json
ActMem-VLA,7,1,10003,1500,1,1,357,1,/pfs/pfs-7jnepv/lgd/libero_fullmatrix_20260909/evaluations/gradientfix-lgd-t7-s1-c1500-e10003/audited_summary.json
ActMem-VLA,7,1,10003,1500,2,0,600,0,/pfs/pfs-7jnepv/lgd/libero_fullmatrix_20260909/evaluations/gradientfix-lgd-t7-s1-c1500-e10003/audited_summary.json
ActMem-VLA,7,1,10003,1500,3,0,600,0,/pfs/pfs-7jnepv/lgd/libero_fullmatrix_20260909/evaluations/gradientfix-lgd-t7-s1-c1500-e10003/audited_summary.json
ActMem-VLA,7,1,10003,1500,4,1,354,1,/pfs/pfs-7jnepv/lgd/libero_fullmatrix_20260909/evaluations/gradientfix-lgd-t7-s1-c1500-e10003/audited_summary.json
ActMem-VLA,7,1,10003,1500,5,1,436,1,/pfs/pfs-7jnepv/lgd/libero_fullmatrix_20260909/evaluations/gradientfix-lgd-t7-s1-c1500-e10003/audited_summary.json
ActMem-VLA,7,1,10003,1500,6,0,600,0,/pfs/pfs-7jnepv/lgd/libero_fullmatrix_20260909/evaluations/gradientfix-lgd-t7-s1-c1500-e10003/audited_summary.json
ActMem-VLA,7,1,10003,1500,7,0,600,0,/pfs/pfs-7jnepv/lgd/libero_fullmatrix_20260909/evaluations/gradientfix-lgd-t7-s1-c1500-e10003/audited_summary.json
ActMem-VLA,7,1,10003,1500,8,0,600,0,/pfs/pfs-7jnepv/lgd/libero_fullmatrix_20260909/evaluations/gradientfix-lgd-t7-s1-c1500-e10003/audited_summary.json
ActMem-VLA,7,1,10003,1500,9,1,479,1,/pfs/pfs-7jnepv/lgd/libero_fullmatrix_20260909/evaluations/gradientfix-lgd-t7-s1-c1500-e10003/audited_summary.json
ActMem-VLA,7,1,10003,1500,10,1,321,1,/pfs/pfs-7jnepv/lgd/libero_fullmatrix_20260909/evaluations/gradientfix-lgd-t7-s1-c1500-e10003/audited_summary.json
ActMem-VLA,7,1,10003,1500,11,1,402,1,/pfs/pfs-7jnepv/lgd/libero_fullmatrix_20260909/evaluations/gradientfix-lgd-t7-s1-c1500-e10003/audited_summary.json
ActMem-VLA,7,1,10003,1500,12,1,542,1,/pfs/pfs-7jnepv/lgd/libero_fullmatrix_20260909/evaluations/gradientfix-lgd-t7-s1-c1500-e10003/audited_summary.json
ActMem-VLA,7,1,10003,1500,13,0,600,0,/pfs/pfs-7jnepv/lgd/libero_fullmatrix_20260909/evaluations/gradientfix-lgd-t7-s1-c1500-e10003/audited_summary.json
ActMem-VLA,7,1,10003,1500,14,0,600,0,/pfs/pfs-7jnepv/lgd/libero_fullmatrix_20260909/evaluations/gradientfix-lgd-t7-s1-c1500-e10003/audited_summary.json
ActMem-VLA,7,1,10003,1500,15,0,600,0,/pfs/pfs-7jnepv/lgd/libero_fullmatrix_20260909/evaluations/gradientfix-lgd-t7-s1-c1500-e10003/audited_summary.json
ActMem-VLA,7,1,10003,1500,16,0,600,0,/pfs/pfs-7jnepv/lgd/libero_fullmatrix_20260909/evaluations/gradientfix-lgd-t7-s1-c1500-e10003/audited_summary.json
ActMem-VLA,7,1,10003,1500,17,0,600,0,/pfs/pfs-7jnepv/lgd/libero_fullmatrix_20260909/evaluations/gradientfix-lgd-t7-s1-c1500-e10003/audited_summary.json
ActMem-VLA,7,1,10003,1500,18,1,331,1,/pfs/pfs-7jnepv/lgd/libero_fullmatrix_20260909/evaluations/gradientfix-lgd-t7-s1-c1500-e10003/audited_summary.json
ActMem-VLA,7,1,10003,1500,19,1,368,1,/pfs/pfs-7jnepv/lgd/libero_fullmatrix_20260909/evaluations/gradientfix-lgd-t7-s1-c1500-e10003/audited_summary.json
ActMem-VLA,7,42,10001,1500,0,0,600,0,/data/libero_mem_baseline/a100_local_eval_20260910/evaluations/gradientfix-v1-t7-s42-c1500-e10001/audited_summary.json
ActMem-VLA,7,42,10001,1500,1,1,391,1,/data/libero_mem_baseline/a100_local_eval_20260910/evaluations/gradientfix-v1-t7-s42-c1500-e10001/audited_summary.json
ActMem-VLA,7,42,10001,1500,2,1,422,1,/data/libero_mem_baseline/a100_local_eval_20260910/evaluations/gradientfix-v1-t7-s42-c1500-e10001/audited_summary.json
ActMem-VLA,7,42,10001,1500,3,0,600,0,/data/libero_mem_baseline/a100_local_eval_20260910/evaluations/gradientfix-v1-t7-s42-c1500-e10001/audited_summary.json
ActMem-VLA,7,42,10001,1500,4,0,600,0,/data/libero_mem_baseline/a100_local_eval_20260910/evaluations/gradientfix-v1-t7-s42-c1500-e10001/audited_summary.json
ActMem-VLA,7,42,10001,1500,5,0,600,0,/data/libero_mem_baseline/a100_local_eval_20260910/evaluations/gradientfix-v1-t7-s42-c1500-e10001/audited_summary.json
ActMem-VLA,7,42,10001,1500,6,0,600,0,/data/libero_mem_baseline/a100_local_eval_20260910/evaluations/gradientfix-v1-t7-s42-c1500-e10001/audited_summary.json
ActMem-VLA,7,42,10001,1500,7,0,600,0,/data/libero_mem_baseline/a100_local_eval_20260910/evaluations/gradientfix-v1-t7-s42-c1500-e10001/audited_summary.json
ActMem-VLA,7,42,10001,1500,8,0,600,0,/data/libero_mem_baseline/a100_local_eval_20260910/evaluations/gradientfix-v1-t7-s42-c1500-e10001/audited_summary.json
ActMem-VLA,7,42,10001,1500,9,1,405,1,/data/libero_mem_baseline/a100_local_eval_20260910/evaluations/gradientfix-v1-t7-s42-c1500-e10001/audited_summary.json
ActMem-VLA,7,42,10001,1500,10,0,600,0,/data/libero_mem_baseline/a100_local_eval_20260910/evaluations/gradientfix-v1-t7-s42-c1500-e10001/audited_summary.json
ActMem-VLA,7,42,10001,1500,11,1,408,1,/data/libero_mem_baseline/a100_local_eval_20260910/evaluations/gradientfix-v1-t7-s42-c1500-e10001/audited_summary.json
ActMem-VLA,7,42,10001,1500,12,1,471,1,/data/libero_mem_baseline/a100_local_eval_20260910/evaluations/gradientfix-v1-t7-s42-c1500-e10001/audited_summary.json
ActMem-VLA,7,42,10001,1500,13,0,600,0,/data/libero_mem_baseline/a100_local_eval_20260910/evaluations/gradientfix-v1-t7-s42-c1500-e10001/audited_summary.json
ActMem-VLA,7,42,10001,1500,14,0,600,0,/data/libero_mem_baseline/a100_local_eval_20260910/evaluations/gradientfix-v1-t7-s42-c1500-e10001/audited_summary.json
ActMem-VLA,7,42,10001,1500,15,0,600,0,/data/libero_mem_baseline/a100_local_eval_20260910/evaluations/gradientfix-v1-t7-s42-c1500-e10001/audited_summary.json
ActMem-VLA,7,42,10001,1500,16,0,600,0,/data/libero_mem_baseline/a100_local_eval_20260910/evaluations/gradientfix-v1-t7-s42-c1500-e10001/audited_summary.json
ActMem-VLA,7,42,10001,1500,17,0,600,0,/data/libero_mem_baseline/a100_local_eval_20260910/evaluations/gradientfix-v1-t7-s42-c1500-e10001/audited_summary.json
ActMem-VLA,7,42,10001,1500,18,1,573,1,/data/libero_mem_baseline/a100_local_eval_20260910/evaluations/gradientfix-v1-t7-s42-c1500-e10001/audited_summary.json
ActMem-VLA,7,42,10001,1500,19,1,377,1,/data/libero_mem_baseline/a100_local_eval_20260910/evaluations/gradientfix-v1-t7-s42-c1500-e10001/audited_summary.json
ActMem-VLA,7,42,10002,1500,0,0,600,0,/data/libero_mem_baseline/a100_local_eval_20260910/evaluations/gradientfix-v1-t7-s42-c1500-e10002/audited_summary.json
ActMem-VLA,7,42,10002,1500,1,0,600,0,/data/libero_mem_baseline/a100_local_eval_20260910/evaluations/gradientfix-v1-t7-s42-c1500-e10002/audited_summary.json
ActMem-VLA,7,42,10002,1500,2,0,600,0,/data/libero_mem_baseline/a100_local_eval_20260910/evaluations/gradientfix-v1-t7-s42-c1500-e10002/audited_summary.json
ActMem-VLA,7,42,10002,1500,3,0,600,0,/data/libero_mem_baseline/a100_local_eval_20260910/evaluations/gradientfix-v1-t7-s42-c1500-e10002/audited_summary.json
ActMem-VLA,7,42,10002,1500,4,0,600,0,/data/libero_mem_baseline/a100_local_eval_20260910/evaluations/gradientfix-v1-t7-s42-c1500-e10002/audited_summary.json
ActMem-VLA,7,42,10002,1500,5,1,435,1,/data/libero_mem_baseline/a100_local_eval_20260910/evaluations/gradientfix-v1-t7-s42-c1500-e10002/audited_summary.json
ActMem-VLA,7,42,10002,1500,6,0,600,0,/data/libero_mem_baseline/a100_local_eval_20260910/evaluations/gradientfix-v1-t7-s42-c1500-e10002/audited_summary.json
ActMem-VLA,7,42,10002,1500,7,0,600,0,/data/libero_mem_baseline/a100_local_eval_20260910/evaluations/gradientfix-v1-t7-s42-c1500-e10002/audited_summary.json
ActMem-VLA,7,42,10002,1500,8,0,600,0,/data/libero_mem_baseline/a100_local_eval_20260910/evaluations/gradientfix-v1-t7-s42-c1500-e10002/audited_summary.json
ActMem-VLA,7,42,10002,1500,9,1,397,1,/data/libero_mem_baseline/a100_local_eval_20260910/evaluations/gradientfix-v1-t7-s42-c1500-e10002/audited_summary.json
ActMem-VLA,7,42,10002,1500,10,1,329,1,/data/libero_mem_baseline/a100_local_eval_20260910/evaluations/gradientfix-v1-t7-s42-c1500-e10002/audited_summary.json
ActMem-VLA,7,42,10002,1500,11,0,600,0,/data/libero_mem_baseline/a100_local_eval_20260910/evaluations/gradientfix-v1-t7-s42-c1500-e10002/audited_summary.json
ActMem-VLA,7,42,10002,1500,12,1,381,1,/data/libero_mem_baseline/a100_local_eval_20260910/evaluations/gradientfix-v1-t7-s42-c1500-e10002/audited_summary.json
ActMem-VLA,7,42,10002,1500,13,0,600,0,/data/libero_mem_baseline/a100_local_eval_20260910/evaluations/gradientfix-v1-t7-s42-c1500-e10002/audited_summary.json
ActMem-VLA,7,42,10002,1500,14,0,600,0,/data/libero_mem_baseline/a100_local_eval_20260910/evaluations/gradientfix-v1-t7-s42-c1500-e10002/audited_summary.json
ActMem-VLA,7,42,10002,1500,15,0,600,0,/data/libero_mem_baseline/a100_local_eval_20260910/evaluations/gradientfix-v1-t7-s42-c1500-e10002/audited_summary.json
ActMem-VLA,7,42,10002,1500,16,0,600,0,/data/libero_mem_baseline/a100_local_eval_20260910/evaluations/gradientfix-v1-t7-s42-c1500-e10002/audited_summary.json
ActMem-VLA,7,42,10002,1500,17,0,600,0,/data/libero_mem_baseline/a100_local_eval_20260910/evaluations/gradientfix-v1-t7-s42-c1500-e10002/audited_summary.json
ActMem-VLA,7,42,10002,1500,18,1,479,1,/data/libero_mem_baseline/a100_local_eval_20260910/evaluations/gradientfix-v1-t7-s42-c1500-e10002/audited_summary.json
ActMem-VLA,7,42,10002,1500,19,1,377,1,/data/libero_mem_baseline/a100_local_eval_20260910/evaluations/gradientfix-v1-t7-s42-c1500-e10002/audited_summary.json
ActMem-VLA,7,42,10003,1500,0,0,600,0,/data/libero_mem_baseline/a100_local_eval_20260910/evaluations/gradientfix-v1-t7-s42-c1500-e10003/audited_summary.json
ActMem-VLA,7,42,10003,1500,1,1,351,1,/data/libero_mem_baseline/a100_local_eval_20260910/evaluations/gradientfix-v1-t7-s42-c1500-e10003/audited_summary.json
ActMem-VLA,7,42,10003,1500,2,1,434,1,/data/libero_mem_baseline/a100_local_eval_20260910/evaluations/gradientfix-v1-t7-s42-c1500-e10003/audited_summary.json
ActMem-VLA,7,42,10003,1500,3,1,387,1,/data/libero_mem_baseline/a100_local_eval_20260910/evaluations/gradientfix-v1-t7-s42-c1500-e10003/audited_summary.json
ActMem-VLA,7,42,10003,1500,4,1,339,1,/data/libero_mem_baseline/a100_local_eval_20260910/evaluations/gradientfix-v1-t7-s42-c1500-e10003/audited_summary.json
ActMem-VLA,7,42,10003,1500,5,1,500,1,/data/libero_mem_baseline/a100_local_eval_20260910/evaluations/gradientfix-v1-t7-s42-c1500-e10003/audited_summary.json
ActMem-VLA,7,42,10003,1500,6,0,600,0,/data/libero_mem_baseline/a100_local_eval_20260910/evaluations/gradientfix-v1-t7-s42-c1500-e10003/audited_summary.json
ActMem-VLA,7,42,10003,1500,7,0,600,0,/data/libero_mem_baseline/a100_local_eval_20260910/evaluations/gradientfix-v1-t7-s42-c1500-e10003/audited_summary.json
ActMem-VLA,7,42,10003,1500,8,1,438,1,/data/libero_mem_baseline/a100_local_eval_20260910/evaluations/gradientfix-v1-t7-s42-c1500-e10003/audited_summary.json
ActMem-VLA,7,42,10003,1500,9,0,600,0,/data/libero_mem_baseline/a100_local_eval_20260910/evaluations/gradientfix-v1-t7-s42-c1500-e10003/audited_summary.json
ActMem-VLA,7,42,10003,1500,10,0,600,0,/data/libero_mem_baseline/a100_local_eval_20260910/evaluations/gradientfix-v1-t7-s42-c1500-e10003/audited_summary.json
ActMem-VLA,7,42,10003,1500,11,1,413,1,/data/libero_mem_baseline/a100_local_eval_20260910/evaluations/gradientfix-v1-t7-s42-c1500-e10003/audited_summary.json
ActMem-VLA,7,42,10003,1500,12,1,570,1,/data/libero_mem_baseline/a100_local_eval_20260910/evaluations/gradientfix-v1-t7-s42-c1500-e10003/audited_summary.json
ActMem-VLA,7,42,10003,1500,13,1,489,1,/data/libero_mem_baseline/a100_local_eval_20260910/evaluations/gradientfix-v1-t7-s42-c1500-e10003/audited_summary.json
ActMem-VLA,7,42,10003,1500,14,0,600,0,/data/libero_mem_baseline/a100_local_eval_20260910/evaluations/gradientfix-v1-t7-s42-c1500-e10003/audited_summary.json
ActMem-VLA,7,42,10003,1500,15,0,600,0,/data/libero_mem_baseline/a100_local_eval_20260910/evaluations/gradientfix-v1-t7-s42-c1500-e10003/audited_summary.json
ActMem-VLA,7,42,10003,1500,16,0,600,0,/data/libero_mem_baseline/a100_local_eval_20260910/evaluations/gradientfix-v1-t7-s42-c1500-e10003/audited_summary.json
ActMem-VLA,7,42,10003,1500,17,1,453,1,/data/libero_mem_baseline/a100_local_eval_20260910/evaluations/gradientfix-v1-t7-s42-c1500-e10003/audited_summary.json
ActMem-VLA,7,42,10003,1500,18,0,600,0,/data/libero_mem_baseline/a100_local_eval_20260910/evaluations/gradientfix-v1-t7-s42-c1500-e10003/audited_summary.json
ActMem-VLA,7,42,10003,1500,19,1,383,1,/data/libero_mem_baseline/a100_local_eval_20260910/evaluations/gradientfix-v1-t7-s42-c1500-e10003/audited_summary.json
ActMem-VLA,8,0,10001,3000,0,0,600,0,/data/libero_mem_baseline/a100_local_eval_20260910/evaluations/gradientfix-v1-t8-s0-c3000-e10001/audited_summary.json
ActMem-VLA,8,0,10001,3000,1,1,502,1,/data/libero_mem_baseline/a100_local_eval_20260910/evaluations/gradientfix-v1-t8-s0-c3000-e10001/audited_summary.json
ActMem-VLA,8,0,10001,3000,2,1,517,1,/data/libero_mem_baseline/a100_local_eval_20260910/evaluations/gradientfix-v1-t8-s0-c3000-e10001/audited_summary.json
ActMem-VLA,8,0,10001,3000,3,0,600,0,/data/libero_mem_baseline/a100_local_eval_20260910/evaluations/gradientfix-v1-t8-s0-c3000-e10001/audited_summary.json
ActMem-VLA,8,0,10001,3000,4,1,599,1,/data/libero_mem_baseline/a100_local_eval_20260910/evaluations/gradientfix-v1-t8-s0-c3000-e10001/audited_summary.json
ActMem-VLA,8,0,10001,3000,5,1,597,1,/data/libero_mem_baseline/a100_local_eval_20260910/evaluations/gradientfix-v1-t8-s0-c3000-e10001/audited_summary.json
ActMem-VLA,8,0,10001,3000,6,0,600,0,/data/libero_mem_baseline/a100_local_eval_20260910/evaluations/gradientfix-v1-t8-s0-c3000-e10001/audited_summary.json
ActMem-VLA,8,0,10001,3000,7,0,600,0,/data/libero_mem_baseline/a100_local_eval_20260910/evaluations/gradientfix-v1-t8-s0-c3000-e10001/audited_summary.json
ActMem-VLA,8,0,10001,3000,8,1,534,1,/data/libero_mem_baseline/a100_local_eval_20260910/evaluations/gradientfix-v1-t8-s0-c3000-e10001/audited_summary.json
ActMem-VLA,8,0,10001,3000,9,1,507,1,/data/libero_mem_baseline/a100_local_eval_20260910/evaluations/gradientfix-v1-t8-s0-c3000-e10001/audited_summary.json
ActMem-VLA,8,0,10001,3000,10,0,600,0,/data/libero_mem_baseline/a100_local_eval_20260910/evaluations/gradientfix-v1-t8-s0-c3000-e10001/audited_summary.json
ActMem-VLA,8,0,10001,3000,11,0,600,0,/data/libero_mem_baseline/a100_local_eval_20260910/evaluations/gradientfix-v1-t8-s0-c3000-e10001/audited_summary.json
ActMem-VLA,8,0,10001,3000,12,1,519,1,/data/libero_mem_baseline/a100_local_eval_20260910/evaluations/gradientfix-v1-t8-s0-c3000-e10001/audited_summary.json
ActMem-VLA,8,0,10001,3000,13,0,600,0,/data/libero_mem_baseline/a100_local_eval_20260910/evaluations/gradientfix-v1-t8-s0-c3000-e10001/audited_summary.json
ActMem-VLA,8,0,10001,3000,14,0,600,0,/data/libero_mem_baseline/a100_local_eval_20260910/evaluations/gradientfix-v1-t8-s0-c3000-e10001/audited_summary.json
ActMem-VLA,8,0,10001,3000,15,1,447,1,/data/libero_mem_baseline/a100_local_eval_20260910/evaluations/gradientfix-v1-t8-s0-c3000-e10001/audited_summary.json
ActMem-VLA,8,0,10001,3000,16,1,469,1,/data/libero_mem_baseline/a100_local_eval_20260910/evaluations/gradientfix-v1-t8-s0-c3000-e10001/audited_summary.json
ActMem-VLA,8,0,10001,3000,17,0,600,0,/data/libero_mem_baseline/a100_local_eval_20260910/evaluations/gradientfix-v1-t8-s0-c3000-e10001/audited_summary.json
ActMem-VLA,8,0,10001,3000,18,1,501,1,/data/libero_mem_baseline/a100_local_eval_20260910/evaluations/gradientfix-v1-t8-s0-c3000-e10001/audited_summary.json
ActMem-VLA,8,0,10001,3000,19,1,510,1,/data/libero_mem_baseline/a100_local_eval_20260910/evaluations/gradientfix-v1-t8-s0-c3000-e10001/audited_summary.json
ActMem-VLA,8,0,10002,3000,0,0,600,0,/data/libero_mem_baseline/a100_local_eval_20260910/evaluations/gradientfix-v1-t8-s0-c3000-e10002/audited_summary.json
ActMem-VLA,8,0,10002,3000,1,0,600,0,/data/libero_mem_baseline/a100_local_eval_20260910/evaluations/gradientfix-v1-t8-s0-c3000-e10002/audited_summary.json
ActMem-VLA,8,0,10002,3000,2,0,600,0,/data/libero_mem_baseline/a100_local_eval_20260910/evaluations/gradientfix-v1-t8-s0-c3000-e10002/audited_summary.json
ActMem-VLA,8,0,10002,3000,3,0,600,0,/data/libero_mem_baseline/a100_local_eval_20260910/evaluations/gradientfix-v1-t8-s0-c3000-e10002/audited_summary.json
ActMem-VLA,8,0,10002,3000,4,1,527,1,/data/libero_mem_baseline/a100_local_eval_20260910/evaluations/gradientfix-v1-t8-s0-c3000-e10002/audited_summary.json
ActMem-VLA,8,0,10002,3000,5,1,577,1,/data/libero_mem_baseline/a100_local_eval_20260910/evaluations/gradientfix-v1-t8-s0-c3000-e10002/audited_summary.json
ActMem-VLA,8,0,10002,3000,6,0,600,0,/data/libero_mem_baseline/a100_local_eval_20260910/evaluations/gradientfix-v1-t8-s0-c3000-e10002/audited_summary.json
ActMem-VLA,8,0,10002,3000,7,1,565,1,/data/libero_mem_baseline/a100_local_eval_20260910/evaluations/gradientfix-v1-t8-s0-c3000-e10002/audited_summary.json
ActMem-VLA,8,0,10002,3000,8,0,600,0,/data/libero_mem_baseline/a100_local_eval_20260910/evaluations/gradientfix-v1-t8-s0-c3000-e10002/audited_summary.json
ActMem-VLA,8,0,10002,3000,9,1,507,1,/data/libero_mem_baseline/a100_local_eval_20260910/evaluations/gradientfix-v1-t8-s0-c3000-e10002/audited_summary.json
ActMem-VLA,8,0,10002,3000,10,0,600,0,/data/libero_mem_baseline/a100_local_eval_20260910/evaluations/gradientfix-v1-t8-s0-c3000-e10002/audited_summary.json
ActMem-VLA,8,0,10002,3000,11,1,489,1,/data/libero_mem_baseline/a100_local_eval_20260910/evaluations/gradientfix-v1-t8-s0-c3000-e10002/audited_summary.json
ActMem-VLA,8,0,10002,3000,12,1,512,1,/data/libero_mem_baseline/a100_local_eval_20260910/evaluations/gradientfix-v1-t8-s0-c3000-e10002/audited_summary.json
ActMem-VLA,8,0,10002,3000,13,0,600,0,/data/libero_mem_baseline/a100_local_eval_20260910/evaluations/gradientfix-v1-t8-s0-c3000-e10002/audited_summary.json
ActMem-VLA,8,0,10002,3000,14,0,600,0,/data/libero_mem_baseline/a100_local_eval_20260910/evaluations/gradientfix-v1-t8-s0-c3000-e10002/audited_summary.json
ActMem-VLA,8,0,10002,3000,15,1,491,1,/data/libero_mem_baseline/a100_local_eval_20260910/evaluations/gradientfix-v1-t8-s0-c3000-e10002/audited_summary.json
ActMem-VLA,8,0,10002,3000,16,1,474,1,/data/libero_mem_baseline/a100_local_eval_20260910/evaluations/gradientfix-v1-t8-s0-c3000-e10002/audited_summary.json
ActMem-VLA,8,0,10002,3000,17,1,481,1,/data/libero_mem_baseline/a100_local_eval_20260910/evaluations/gradientfix-v1-t8-s0-c3000-e10002/audited_summary.json
ActMem-VLA,8,0,10002,3000,18,1,515,1,/data/libero_mem_baseline/a100_local_eval_20260910/evaluations/gradientfix-v1-t8-s0-c3000-e10002/audited_summary.json
ActMem-VLA,8,0,10002,3000,19,1,507,1,/data/libero_mem_baseline/a100_local_eval_20260910/evaluations/gradientfix-v1-t8-s0-c3000-e10002/audited_summary.json
ActMem-VLA,8,0,10003,3000,0,1,524,1,/data/libero_mem_baseline/a100_local_eval_20260910/evaluations/gradientfix-v1-t8-s0-c3000-e10003/audited_summary.json
ActMem-VLA,8,0,10003,3000,1,1,504,1,/data/libero_mem_baseline/a100_local_eval_20260910/evaluations/gradientfix-v1-t8-s0-c3000-e10003/audited_summary.json
ActMem-VLA,8,0,10003,3000,2,1,477,1,/data/libero_mem_baseline/a100_local_eval_20260910/evaluations/gradientfix-v1-t8-s0-c3000-e10003/audited_summary.json
ActMem-VLA,8,0,10003,3000,3,0,600,0,/data/libero_mem_baseline/a100_local_eval_20260910/evaluations/gradientfix-v1-t8-s0-c3000-e10003/audited_summary.json
ActMem-VLA,8,0,10003,3000,4,1,525,1,/data/libero_mem_baseline/a100_local_eval_20260910/evaluations/gradientfix-v1-t8-s0-c3000-e10003/audited_summary.json
ActMem-VLA,8,0,10003,3000,5,0,600,0,/data/libero_mem_baseline/a100_local_eval_20260910/evaluations/gradientfix-v1-t8-s0-c3000-e10003/audited_summary.json
ActMem-VLA,8,0,10003,3000,6,0,600,0,/data/libero_mem_baseline/a100_local_eval_20260910/evaluations/gradientfix-v1-t8-s0-c3000-e10003/audited_summary.json
ActMem-VLA,8,0,10003,3000,7,0,600,0,/data/libero_mem_baseline/a100_local_eval_20260910/evaluations/gradientfix-v1-t8-s0-c3000-e10003/audited_summary.json
ActMem-VLA,8,0,10003,3000,8,1,550,1,/data/libero_mem_baseline/a100_local_eval_20260910/evaluations/gradientfix-v1-t8-s0-c3000-e10003/audited_summary.json
ActMem-VLA,8,0,10003,3000,9,1,505,1,/data/libero_mem_baseline/a100_local_eval_20260910/evaluations/gradientfix-v1-t8-s0-c3000-e10003/audited_summary.json
ActMem-VLA,8,0,10003,3000,10,0,600,0,/data/libero_mem_baseline/a100_local_eval_20260910/evaluations/gradientfix-v1-t8-s0-c3000-e10003/audited_summary.json
ActMem-VLA,8,0,10003,3000,11,0,600,0,/data/libero_mem_baseline/a100_local_eval_20260910/evaluations/gradientfix-v1-t8-s0-c3000-e10003/audited_summary.json
ActMem-VLA,8,0,10003,3000,12,1,519,1,/data/libero_mem_baseline/a100_local_eval_20260910/evaluations/gradientfix-v1-t8-s0-c3000-e10003/audited_summary.json
ActMem-VLA,8,0,10003,3000,13,0,600,0,/data/libero_mem_baseline/a100_local_eval_20260910/evaluations/gradientfix-v1-t8-s0-c3000-e10003/audited_summary.json
ActMem-VLA,8,0,10003,3000,14,0,600,0,/data/libero_mem_baseline/a100_local_eval_20260910/evaluations/gradientfix-v1-t8-s0-c3000-e10003/audited_summary.json
ActMem-VLA,8,0,10003,3000,15,1,426,1,/data/libero_mem_baseline/a100_local_eval_20260910/evaluations/gradientfix-v1-t8-s0-c3000-e10003/audited_summary.json
ActMem-VLA,8,0,10003,3000,16,1,479,1,/data/libero_mem_baseline/a100_local_eval_20260910/evaluations/gradientfix-v1-t8-s0-c3000-e10003/audited_summary.json
ActMem-VLA,8,0,10003,3000,17,1,478,1,/data/libero_mem_baseline/a100_local_eval_20260910/evaluations/gradientfix-v1-t8-s0-c3000-e10003/audited_summary.json
ActMem-VLA,8,0,10003,3000,18,1,499,1,/data/libero_mem_baseline/a100_local_eval_20260910/evaluations/gradientfix-v1-t8-s0-c3000-e10003/audited_summary.json
ActMem-VLA,8,0,10003,3000,19,1,507,1,/data/libero_mem_baseline/a100_local_eval_20260910/evaluations/gradientfix-v1-t8-s0-c3000-e10003/audited_summary.json
ActMem-VLA,8,1,10001,2500,0,0,600,0,/pfs/pfs-7jnepv/lgd/libero_fullmatrix_20260909/evaluations/gradientfix-lgd-t8-s1-c2500-e10001/audited_summary.json
ActMem-VLA,8,1,10001,2500,1,1,510,1,/pfs/pfs-7jnepv/lgd/libero_fullmatrix_20260909/evaluations/gradientfix-lgd-t8-s1-c2500-e10001/audited_summary.json
ActMem-VLA,8,1,10001,2500,2,1,503,1,/pfs/pfs-7jnepv/lgd/libero_fullmatrix_20260909/evaluations/gradientfix-lgd-t8-s1-c2500-e10001/audited_summary.json
ActMem-VLA,8,1,10001,2500,3,0,600,0,/pfs/pfs-7jnepv/lgd/libero_fullmatrix_20260909/evaluations/gradientfix-lgd-t8-s1-c2500-e10001/audited_summary.json
ActMem-VLA,8,1,10001,2500,4,0,600,0,/pfs/pfs-7jnepv/lgd/libero_fullmatrix_20260909/evaluations/gradientfix-lgd-t8-s1-c2500-e10001/audited_summary.json
ActMem-VLA,8,1,10001,2500,5,1,596,1,/pfs/pfs-7jnepv/lgd/libero_fullmatrix_20260909/evaluations/gradientfix-lgd-t8-s1-c2500-e10001/audited_summary.json
ActMem-VLA,8,1,10001,2500,6,0,600,0,/pfs/pfs-7jnepv/lgd/libero_fullmatrix_20260909/evaluations/gradientfix-lgd-t8-s1-c2500-e10001/audited_summary.json
ActMem-VLA,8,1,10001,2500,7,0,600,0,/pfs/pfs-7jnepv/lgd/libero_fullmatrix_20260909/evaluations/gradientfix-lgd-t8-s1-c2500-e10001/audited_summary.json
ActMem-VLA,8,1,10001,2500,8,1,535,1,/pfs/pfs-7jnepv/lgd/libero_fullmatrix_20260909/evaluations/gradientfix-lgd-t8-s1-c2500-e10001/audited_summary.json
ActMem-VLA,8,1,10001,2500,9,1,509,1,/pfs/pfs-7jnepv/lgd/libero_fullmatrix_20260909/evaluations/gradientfix-lgd-t8-s1-c2500-e10001/audited_summary.json
ActMem-VLA,8,1,10001,2500,10,1,509,1,/pfs/pfs-7jnepv/lgd/libero_fullmatrix_20260909/evaluations/gradientfix-lgd-t8-s1-c2500-e10001/audited_summary.json
ActMem-VLA,8,1,10001,2500,11,0,600,0,/pfs/pfs-7jnepv/lgd/libero_fullmatrix_20260909/evaluations/gradientfix-lgd-t8-s1-c2500-e10001/audited_summary.json
ActMem-VLA,8,1,10001,2500,12,0,600,0,/pfs/pfs-7jnepv/lgd/libero_fullmatrix_20260909/evaluations/gradientfix-lgd-t8-s1-c2500-e10001/audited_summary.json
ActMem-VLA,8,1,10001,2500,13,1,531,1,/pfs/pfs-7jnepv/lgd/libero_fullmatrix_20260909/evaluations/gradientfix-lgd-t8-s1-c2500-e10001/audited_summary.json
ActMem-VLA,8,1,10001,2500,14,0,600,0,/pfs/pfs-7jnepv/lgd/libero_fullmatrix_20260909/evaluations/gradientfix-lgd-t8-s1-c2500-e10001/audited_summary.json
ActMem-VLA,8,1,10001,2500,15,1,449,1,/pfs/pfs-7jnepv/lgd/libero_fullmatrix_20260909/evaluations/gradientfix-lgd-t8-s1-c2500-e10001/audited_summary.json
ActMem-VLA,8,1,10001,2500,16,1,457,1,/pfs/pfs-7jnepv/lgd/libero_fullmatrix_20260909/evaluations/gradientfix-lgd-t8-s1-c2500-e10001/audited_summary.json
ActMem-VLA,8,1,10001,2500,17,0,600,0,/pfs/pfs-7jnepv/lgd/libero_fullmatrix_20260909/evaluations/gradientfix-lgd-t8-s1-c2500-e10001/audited_summary.json
ActMem-VLA,8,1,10001,2500,18,1,509,1,/pfs/pfs-7jnepv/lgd/libero_fullmatrix_20260909/evaluations/gradientfix-lgd-t8-s1-c2500-e10001/audited_summary.json
ActMem-VLA,8,1,10001,2500,19,1,495,1,/pfs/pfs-7jnepv/lgd/libero_fullmatrix_20260909/evaluations/gradientfix-lgd-t8-s1-c2500-e10001/audited_summary.json
ActMem-VLA,8,1,10002,2500,0,0,600,0,/pfs/pfs-7jnepv/lgd/libero_fullmatrix_20260909/evaluations/gradientfix-lgd-t8-s1-c2500-e10002/audited_summary.json
ActMem-VLA,8,1,10002,2500,1,0,600,0,/pfs/pfs-7jnepv/lgd/libero_fullmatrix_20260909/evaluations/gradientfix-lgd-t8-s1-c2500-e10002/audited_summary.json
ActMem-VLA,8,1,10002,2500,2,0,600,0,/pfs/pfs-7jnepv/lgd/libero_fullmatrix_20260909/evaluations/gradientfix-lgd-t8-s1-c2500-e10002/audited_summary.json
ActMem-VLA,8,1,10002,2500,3,0,600,0,/pfs/pfs-7jnepv/lgd/libero_fullmatrix_20260909/evaluations/gradientfix-lgd-t8-s1-c2500-e10002/audited_summary.json
ActMem-VLA,8,1,10002,2500,4,1,539,1,/pfs/pfs-7jnepv/lgd/libero_fullmatrix_20260909/evaluations/gradientfix-lgd-t8-s1-c2500-e10002/audited_summary.json
ActMem-VLA,8,1,10002,2500,5,1,589,1,/pfs/pfs-7jnepv/lgd/libero_fullmatrix_20260909/evaluations/gradientfix-lgd-t8-s1-c2500-e10002/audited_summary.json
ActMem-VLA,8,1,10002,2500,6,1,495,1,/pfs/pfs-7jnepv/lgd/libero_fullmatrix_20260909/evaluations/gradientfix-lgd-t8-s1-c2500-e10002/audited_summary.json
ActMem-VLA,8,1,10002,2500,7,1,539,1,/pfs/pfs-7jnepv/lgd/libero_fullmatrix_20260909/evaluations/gradientfix-lgd-t8-s1-c2500-e10002/audited_summary.json
ActMem-VLA,8,1,10002,2500,8,1,544,1,/pfs/pfs-7jnepv/lgd/libero_fullmatrix_20260909/evaluations/gradientfix-lgd-t8-s1-c2500-e10002/audited_summary.json
ActMem-VLA,8,1,10002,2500,9,0,600,0,/pfs/pfs-7jnepv/lgd/libero_fullmatrix_20260909/evaluations/gradientfix-lgd-t8-s1-c2500-e10002/audited_summary.json
ActMem-VLA,8,1,10002,2500,10,1,499,1,/pfs/pfs-7jnepv/lgd/libero_fullmatrix_20260909/evaluations/gradientfix-lgd-t8-s1-c2500-e10002/audited_summary.json
ActMem-VLA,8,1,10002,2500,11,0,600,0,/pfs/pfs-7jnepv/lgd/libero_fullmatrix_20260909/evaluations/gradientfix-lgd-t8-s1-c2500-e10002/audited_summary.json
ActMem-VLA,8,1,10002,2500,12,1,521,1,/pfs/pfs-7jnepv/lgd/libero_fullmatrix_20260909/evaluations/gradientfix-lgd-t8-s1-c2500-e10002/audited_summary.json
ActMem-VLA,8,1,10002,2500,13,1,527,1,/pfs/pfs-7jnepv/lgd/libero_fullmatrix_20260909/evaluations/gradientfix-lgd-t8-s1-c2500-e10002/audited_summary.json
ActMem-VLA,8,1,10002,2500,14,0,600,0,/pfs/pfs-7jnepv/lgd/libero_fullmatrix_20260909/evaluations/gradientfix-lgd-t8-s1-c2500-e10002/audited_summary.json
ActMem-VLA,8,1,10002,2500,15,0,600,0,/pfs/pfs-7jnepv/lgd/libero_fullmatrix_20260909/evaluations/gradientfix-lgd-t8-s1-c2500-e10002/audited_summary.json
ActMem-VLA,8,1,10002,2500,16,1,466,1,/pfs/pfs-7jnepv/lgd/libero_fullmatrix_20260909/evaluations/gradientfix-lgd-t8-s1-c2500-e10002/audited_summary.json
ActMem-VLA,8,1,10002,2500,17,1,590,1,/pfs/pfs-7jnepv/lgd/libero_fullmatrix_20260909/evaluations/gradientfix-lgd-t8-s1-c2500-e10002/audited_summary.json
ActMem-VLA,8,1,10002,2500,18,1,505,1,/pfs/pfs-7jnepv/lgd/libero_fullmatrix_20260909/evaluations/gradientfix-lgd-t8-s1-c2500-e10002/audited_summary.json
ActMem-VLA,8,1,10002,2500,19,0,600,0,/pfs/pfs-7jnepv/lgd/libero_fullmatrix_20260909/evaluations/gradientfix-lgd-t8-s1-c2500-e10002/audited_summary.json
ActMem-VLA,8,1,10003,2500,0,1,526,1,/pfs/pfs-7jnepv/lgd/libero_fullmatrix_20260909/evaluations/gradientfix-lgd-t8-s1-c2500-e10003/audited_summary.json
ActMem-VLA,8,1,10003,2500,1,1,503,1,/pfs/pfs-7jnepv/lgd/libero_fullmatrix_20260909/evaluations/gradientfix-lgd-t8-s1-c2500-e10003/audited_summary.json
ActMem-VLA,8,1,10003,2500,2,1,491,1,/pfs/pfs-7jnepv/lgd/libero_fullmatrix_20260909/evaluations/gradientfix-lgd-t8-s1-c2500-e10003/audited_summary.json
ActMem-VLA,8,1,10003,2500,3,0,600,0,/pfs/pfs-7jnepv/lgd/libero_fullmatrix_20260909/evaluations/gradientfix-lgd-t8-s1-c2500-e10003/audited_summary.json
ActMem-VLA,8,1,10003,2500,4,1,490,1,/pfs/pfs-7jnepv/lgd/libero_fullmatrix_20260909/evaluations/gradientfix-lgd-t8-s1-c2500-e10003/audited_summary.json
ActMem-VLA,8,1,10003,2500,5,0,600,0,/pfs/pfs-7jnepv/lgd/libero_fullmatrix_20260909/evaluations/gradientfix-lgd-t8-s1-c2500-e10003/audited_summary.json
ActMem-VLA,8,1,10003,2500,6,0,600,0,/pfs/pfs-7jnepv/lgd/libero_fullmatrix_20260909/evaluations/gradientfix-lgd-t8-s1-c2500-e10003/audited_summary.json
ActMem-VLA,8,1,10003,2500,7,0,600,0,/pfs/pfs-7jnepv/lgd/libero_fullmatrix_20260909/evaluations/gradientfix-lgd-t8-s1-c2500-e10003/audited_summary.json
ActMem-VLA,8,1,10003,2500,8,1,548,1,/pfs/pfs-7jnepv/lgd/libero_fullmatrix_20260909/evaluations/gradientfix-lgd-t8-s1-c2500-e10003/audited_summary.json
ActMem-VLA,8,1,10003,2500,9,0,600,0,/pfs/pfs-7jnepv/lgd/libero_fullmatrix_20260909/evaluations/gradientfix-lgd-t8-s1-c2500-e10003/audited_summary.json
ActMem-VLA,8,1,10003,2500,10,1,492,1,/pfs/pfs-7jnepv/lgd/libero_fullmatrix_20260909/evaluations/gradientfix-lgd-t8-s1-c2500-e10003/audited_summary.json
ActMem-VLA,8,1,10003,2500,11,0,600,0,/pfs/pfs-7jnepv/lgd/libero_fullmatrix_20260909/evaluations/gradientfix-lgd-t8-s1-c2500-e10003/audited_summary.json
ActMem-VLA,8,1,10003,2500,12,0,600,0,/pfs/pfs-7jnepv/lgd/libero_fullmatrix_20260909/evaluations/gradientfix-lgd-t8-s1-c2500-e10003/audited_summary.json
ActMem-VLA,8,1,10003,2500,13,0,600,0,/pfs/pfs-7jnepv/lgd/libero_fullmatrix_20260909/evaluations/gradientfix-lgd-t8-s1-c2500-e10003/audited_summary.json
ActMem-VLA,8,1,10003,2500,14,0,600,0,/pfs/pfs-7jnepv/lgd/libero_fullmatrix_20260909/evaluations/gradientfix-lgd-t8-s1-c2500-e10003/audited_summary.json
ActMem-VLA,8,1,10003,2500,15,1,438,1,/pfs/pfs-7jnepv/lgd/libero_fullmatrix_20260909/evaluations/gradientfix-lgd-t8-s1-c2500-e10003/audited_summary.json
ActMem-VLA,8,1,10003,2500,16,1,456,1,/pfs/pfs-7jnepv/lgd/libero_fullmatrix_20260909/evaluations/gradientfix-lgd-t8-s1-c2500-e10003/audited_summary.json
ActMem-VLA,8,1,10003,2500,17,0,600,0,/pfs/pfs-7jnepv/lgd/libero_fullmatrix_20260909/evaluations/gradientfix-lgd-t8-s1-c2500-e10003/audited_summary.json
ActMem-VLA,8,1,10003,2500,18,1,526,1,/pfs/pfs-7jnepv/lgd/libero_fullmatrix_20260909/evaluations/gradientfix-lgd-t8-s1-c2500-e10003/audited_summary.json
ActMem-VLA,8,1,10003,2500,19,1,496,1,/pfs/pfs-7jnepv/lgd/libero_fullmatrix_20260909/evaluations/gradientfix-lgd-t8-s1-c2500-e10003/audited_summary.json
ActMem-VLA,8,42,10001,1000,0,1,562,1,/data/libero_mem_baseline/a100_local_eval_20260910/evaluations/gradientfix-v1-t8-s42-c1000-e10001/audited_summary.json
ActMem-VLA,8,42,10001,1000,1,0,600,0,/data/libero_mem_baseline/a100_local_eval_20260910/evaluations/gradientfix-v1-t8-s42-c1000-e10001/audited_summary.json
ActMem-VLA,8,42,10001,1000,2,1,508,1,/data/libero_mem_baseline/a100_local_eval_20260910/evaluations/gradientfix-v1-t8-s42-c1000-e10001/audited_summary.json
ActMem-VLA,8,42,10001,1000,3,0,600,0,/data/libero_mem_baseline/a100_local_eval_20260910/evaluations/gradientfix-v1-t8-s42-c1000-e10001/audited_summary.json
ActMem-VLA,8,42,10001,1000,4,0,600,0,/data/libero_mem_baseline/a100_local_eval_20260910/evaluations/gradientfix-v1-t8-s42-c1000-e10001/audited_summary.json
ActMem-VLA,8,42,10001,1000,5,1,591,1,/data/libero_mem_baseline/a100_local_eval_20260910/evaluations/gradientfix-v1-t8-s42-c1000-e10001/audited_summary.json
ActMem-VLA,8,42,10001,1000,6,1,565,1,/data/libero_mem_baseline/a100_local_eval_20260910/evaluations/gradientfix-v1-t8-s42-c1000-e10001/audited_summary.json
ActMem-VLA,8,42,10001,1000,7,0,600,0,/data/libero_mem_baseline/a100_local_eval_20260910/evaluations/gradientfix-v1-t8-s42-c1000-e10001/audited_summary.json
ActMem-VLA,8,42,10001,1000,8,1,538,1,/data/libero_mem_baseline/a100_local_eval_20260910/evaluations/gradientfix-v1-t8-s42-c1000-e10001/audited_summary.json
ActMem-VLA,8,42,10001,1000,9,0,600,0,/data/libero_mem_baseline/a100_local_eval_20260910/evaluations/gradientfix-v1-t8-s42-c1000-e10001/audited_summary.json
ActMem-VLA,8,42,10001,1000,10,0,600,0,/data/libero_mem_baseline/a100_local_eval_20260910/evaluations/gradientfix-v1-t8-s42-c1000-e10001/audited_summary.json
ActMem-VLA,8,42,10001,1000,11,0,600,0,/data/libero_mem_baseline/a100_local_eval_20260910/evaluations/gradientfix-v1-t8-s42-c1000-e10001/audited_summary.json
ActMem-VLA,8,42,10001,1000,12,1,518,1,/data/libero_mem_baseline/a100_local_eval_20260910/evaluations/gradientfix-v1-t8-s42-c1000-e10001/audited_summary.json
ActMem-VLA,8,42,10001,1000,13,0,600,0,/data/libero_mem_baseline/a100_local_eval_20260910/evaluations/gradientfix-v1-t8-s42-c1000-e10001/audited_summary.json
ActMem-VLA,8,42,10001,1000,14,1,552,1,/data/libero_mem_baseline/a100_local_eval_20260910/evaluations/gradientfix-v1-t8-s42-c1000-e10001/audited_summary.json
ActMem-VLA,8,42,10001,1000,15,1,463,1,/data/libero_mem_baseline/a100_local_eval_20260910/evaluations/gradientfix-v1-t8-s42-c1000-e10001/audited_summary.json
ActMem-VLA,8,42,10001,1000,16,0,600,0,/data/libero_mem_baseline/a100_local_eval_20260910/evaluations/gradientfix-v1-t8-s42-c1000-e10001/audited_summary.json
ActMem-VLA,8,42,10001,1000,17,0,600,0,/data/libero_mem_baseline/a100_local_eval_20260910/evaluations/gradientfix-v1-t8-s42-c1000-e10001/audited_summary.json
ActMem-VLA,8,42,10001,1000,18,0,600,0,/data/libero_mem_baseline/a100_local_eval_20260910/evaluations/gradientfix-v1-t8-s42-c1000-e10001/audited_summary.json
ActMem-VLA,8,42,10001,1000,19,1,498,1,/data/libero_mem_baseline/a100_local_eval_20260910/evaluations/gradientfix-v1-t8-s42-c1000-e10001/audited_summary.json
ActMem-VLA,8,42,10002,1000,0,0,600,0,/data/libero_mem_baseline/a100_local_eval_20260910/evaluations/gradientfix-v1-t8-s42-c1000-e10002/audited_summary.json
ActMem-VLA,8,42,10002,1000,1,0,600,0,/data/libero_mem_baseline/a100_local_eval_20260910/evaluations/gradientfix-v1-t8-s42-c1000-e10002/audited_summary.json
ActMem-VLA,8,42,10002,1000,2,0,600,0,/data/libero_mem_baseline/a100_local_eval_20260910/evaluations/gradientfix-v1-t8-s42-c1000-e10002/audited_summary.json
ActMem-VLA,8,42,10002,1000,3,0,600,0,/data/libero_mem_baseline/a100_local_eval_20260910/evaluations/gradientfix-v1-t8-s42-c1000-e10002/audited_summary.json
ActMem-VLA,8,42,10002,1000,4,1,542,1,/data/libero_mem_baseline/a100_local_eval_20260910/evaluations/gradientfix-v1-t8-s42-c1000-e10002/audited_summary.json
ActMem-VLA,8,42,10002,1000,5,1,596,1,/data/libero_mem_baseline/a100_local_eval_20260910/evaluations/gradientfix-v1-t8-s42-c1000-e10002/audited_summary.json
ActMem-VLA,8,42,10002,1000,6,0,600,0,/data/libero_mem_baseline/a100_local_eval_20260910/evaluations/gradientfix-v1-t8-s42-c1000-e10002/audited_summary.json
ActMem-VLA,8,42,10002,1000,7,1,562,1,/data/libero_mem_baseline/a100_local_eval_20260910/evaluations/gradientfix-v1-t8-s42-c1000-e10002/audited_summary.json
ActMem-VLA,8,42,10002,1000,8,1,548,1,/data/libero_mem_baseline/a100_local_eval_20260910/evaluations/gradientfix-v1-t8-s42-c1000-e10002/audited_summary.json
ActMem-VLA,8,42,10002,1000,9,1,524,1,/data/libero_mem_baseline/a100_local_eval_20260910/evaluations/gradientfix-v1-t8-s42-c1000-e10002/audited_summary.json
ActMem-VLA,8,42,10002,1000,10,1,502,1,/data/libero_mem_baseline/a100_local_eval_20260910/evaluations/gradientfix-v1-t8-s42-c1000-e10002/audited_summary.json
ActMem-VLA,8,42,10002,1000,11,0,600,0,/data/libero_mem_baseline/a100_local_eval_20260910/evaluations/gradientfix-v1-t8-s42-c1000-e10002/audited_summary.json
ActMem-VLA,8,42,10002,1000,12,1,515,1,/data/libero_mem_baseline/a100_local_eval_20260910/evaluations/gradientfix-v1-t8-s42-c1000-e10002/audited_summary.json
ActMem-VLA,8,42,10002,1000,13,0,600,0,/data/libero_mem_baseline/a100_local_eval_20260910/evaluations/gradientfix-v1-t8-s42-c1000-e10002/audited_summary.json
ActMem-VLA,8,42,10002,1000,14,1,535,1,/data/libero_mem_baseline/a100_local_eval_20260910/evaluations/gradientfix-v1-t8-s42-c1000-e10002/audited_summary.json
ActMem-VLA,8,42,10002,1000,15,1,443,1,/data/libero_mem_baseline/a100_local_eval_20260910/evaluations/gradientfix-v1-t8-s42-c1000-e10002/audited_summary.json
ActMem-VLA,8,42,10002,1000,16,1,472,1,/data/libero_mem_baseline/a100_local_eval_20260910/evaluations/gradientfix-v1-t8-s42-c1000-e10002/audited_summary.json
ActMem-VLA,8,42,10002,1000,17,0,600,0,/data/libero_mem_baseline/a100_local_eval_20260910/evaluations/gradientfix-v1-t8-s42-c1000-e10002/audited_summary.json
ActMem-VLA,8,42,10002,1000,18,1,527,1,/data/libero_mem_baseline/a100_local_eval_20260910/evaluations/gradientfix-v1-t8-s42-c1000-e10002/audited_summary.json
ActMem-VLA,8,42,10002,1000,19,1,506,1,/data/libero_mem_baseline/a100_local_eval_20260910/evaluations/gradientfix-v1-t8-s42-c1000-e10002/audited_summary.json
ActMem-VLA,8,42,10003,1000,0,0,600,0,/data/libero_mem_baseline/a100_local_eval_20260910/evaluations/gradientfix-v1-t8-s42-c1000-e10003/audited_summary.json
ActMem-VLA,8,42,10003,1000,1,0,600,0,/data/libero_mem_baseline/a100_local_eval_20260910/evaluations/gradientfix-v1-t8-s42-c1000-e10003/audited_summary.json
ActMem-VLA,8,42,10003,1000,2,1,495,1,/data/libero_mem_baseline/a100_local_eval_20260910/evaluations/gradientfix-v1-t8-s42-c1000-e10003/audited_summary.json
ActMem-VLA,8,42,10003,1000,3,1,581,1,/data/libero_mem_baseline/a100_local_eval_20260910/evaluations/gradientfix-v1-t8-s42-c1000-e10003/audited_summary.json
ActMem-VLA,8,42,10003,1000,4,1,537,1,/data/libero_mem_baseline/a100_local_eval_20260910/evaluations/gradientfix-v1-t8-s42-c1000-e10003/audited_summary.json
ActMem-VLA,8,42,10003,1000,5,0,600,0,/data/libero_mem_baseline/a100_local_eval_20260910/evaluations/gradientfix-v1-t8-s42-c1000-e10003/audited_summary.json
ActMem-VLA,8,42,10003,1000,6,0,600,0,/data/libero_mem_baseline/a100_local_eval_20260910/evaluations/gradientfix-v1-t8-s42-c1000-e10003/audited_summary.json
ActMem-VLA,8,42,10003,1000,7,1,592,1,/data/libero_mem_baseline/a100_local_eval_20260910/evaluations/gradientfix-v1-t8-s42-c1000-e10003/audited_summary.json
ActMem-VLA,8,42,10003,1000,8,0,600,0,/data/libero_mem_baseline/a100_local_eval_20260910/evaluations/gradientfix-v1-t8-s42-c1000-e10003/audited_summary.json
ActMem-VLA,8,42,10003,1000,9,1,509,1,/data/libero_mem_baseline/a100_local_eval_20260910/evaluations/gradientfix-v1-t8-s42-c1000-e10003/audited_summary.json
ActMem-VLA,8,42,10003,1000,10,1,503,1,/data/libero_mem_baseline/a100_local_eval_20260910/evaluations/gradientfix-v1-t8-s42-c1000-e10003/audited_summary.json
ActMem-VLA,8,42,10003,1000,11,0,600,0,/data/libero_mem_baseline/a100_local_eval_20260910/evaluations/gradientfix-v1-t8-s42-c1000-e10003/audited_summary.json
ActMem-VLA,8,42,10003,1000,12,0,600,0,/data/libero_mem_baseline/a100_local_eval_20260910/evaluations/gradientfix-v1-t8-s42-c1000-e10003/audited_summary.json
ActMem-VLA,8,42,10003,1000,13,0,600,0,/data/libero_mem_baseline/a100_local_eval_20260910/evaluations/gradientfix-v1-t8-s42-c1000-e10003/audited_summary.json
ActMem-VLA,8,42,10003,1000,14,1,518,1,/data/libero_mem_baseline/a100_local_eval_20260910/evaluations/gradientfix-v1-t8-s42-c1000-e10003/audited_summary.json
ActMem-VLA,8,42,10003,1000,15,1,438,1,/data/libero_mem_baseline/a100_local_eval_20260910/evaluations/gradientfix-v1-t8-s42-c1000-e10003/audited_summary.json
ActMem-VLA,8,42,10003,1000,16,1,459,1,/data/libero_mem_baseline/a100_local_eval_20260910/evaluations/gradientfix-v1-t8-s42-c1000-e10003/audited_summary.json
ActMem-VLA,8,42,10003,1000,17,1,569,1,/data/libero_mem_baseline/a100_local_eval_20260910/evaluations/gradientfix-v1-t8-s42-c1000-e10003/audited_summary.json
ActMem-VLA,8,42,10003,1000,18,1,508,1,/data/libero_mem_baseline/a100_local_eval_20260910/evaluations/gradientfix-v1-t8-s42-c1000-e10003/audited_summary.json
ActMem-VLA,8,42,10003,1000,19,1,497,1,/data/libero_mem_baseline/a100_local_eval_20260910/evaluations/gradientfix-v1-t8-s42-c1000-e10003/audited_summary.json
ActMem-VLA,9,0,10001,500,0,1,316,1,/pfs/pfs-7jnepv/lgd/libero_fullmatrix_20260909/evaluations/gradientfix-lgd-t9-s0-c500-e10001/audited_summary.json
ActMem-VLA,9,0,10001,500,1,1,296,1,/pfs/pfs-7jnepv/lgd/libero_fullmatrix_20260909/evaluations/gradientfix-lgd-t9-s0-c500-e10001/audited_summary.json
ActMem-VLA,9,0,10001,500,2,1,291,1,/pfs/pfs-7jnepv/lgd/libero_fullmatrix_20260909/evaluations/gradientfix-lgd-t9-s0-c500-e10001/audited_summary.json
ActMem-VLA,9,0,10001,500,3,1,280,1,/pfs/pfs-7jnepv/lgd/libero_fullmatrix_20260909/evaluations/gradientfix-lgd-t9-s0-c500-e10001/audited_summary.json
ActMem-VLA,9,0,10001,500,4,1,282,1,/pfs/pfs-7jnepv/lgd/libero_fullmatrix_20260909/evaluations/gradientfix-lgd-t9-s0-c500-e10001/audited_summary.json
ActMem-VLA,9,0,10001,500,5,1,289,1,/pfs/pfs-7jnepv/lgd/libero_fullmatrix_20260909/evaluations/gradientfix-lgd-t9-s0-c500-e10001/audited_summary.json
ActMem-VLA,9,0,10001,500,6,1,280,1,/pfs/pfs-7jnepv/lgd/libero_fullmatrix_20260909/evaluations/gradientfix-lgd-t9-s0-c500-e10001/audited_summary.json
ActMem-VLA,9,0,10001,500,7,1,283,1,/pfs/pfs-7jnepv/lgd/libero_fullmatrix_20260909/evaluations/gradientfix-lgd-t9-s0-c500-e10001/audited_summary.json
ActMem-VLA,9,0,10001,500,8,1,300,1,/pfs/pfs-7jnepv/lgd/libero_fullmatrix_20260909/evaluations/gradientfix-lgd-t9-s0-c500-e10001/audited_summary.json
ActMem-VLA,9,0,10001,500,9,1,300,1,/pfs/pfs-7jnepv/lgd/libero_fullmatrix_20260909/evaluations/gradientfix-lgd-t9-s0-c500-e10001/audited_summary.json
ActMem-VLA,9,0,10001,500,10,1,286,1,/pfs/pfs-7jnepv/lgd/libero_fullmatrix_20260909/evaluations/gradientfix-lgd-t9-s0-c500-e10001/audited_summary.json
ActMem-VLA,9,0,10001,500,11,1,313,1,/pfs/pfs-7jnepv/lgd/libero_fullmatrix_20260909/evaluations/gradientfix-lgd-t9-s0-c500-e10001/audited_summary.json
ActMem-VLA,9,0,10001,500,12,1,309,1,/pfs/pfs-7jnepv/lgd/libero_fullmatrix_20260909/evaluations/gradientfix-lgd-t9-s0-c500-e10001/audited_summary.json
ActMem-VLA,9,0,10001,500,13,1,305,1,/pfs/pfs-7jnepv/lgd/libero_fullmatrix_20260909/evaluations/gradientfix-lgd-t9-s0-c500-e10001/audited_summary.json
ActMem-VLA,9,0,10001,500,14,1,280,1,/pfs/pfs-7jnepv/lgd/libero_fullmatrix_20260909/evaluations/gradientfix-lgd-t9-s0-c500-e10001/audited_summary.json
ActMem-VLA,9,0,10001,500,15,1,278,1,/pfs/pfs-7jnepv/lgd/libero_fullmatrix_20260909/evaluations/gradientfix-lgd-t9-s0-c500-e10001/audited_summary.json
ActMem-VLA,9,0,10001,500,16,1,282,1,/pfs/pfs-7jnepv/lgd/libero_fullmatrix_20260909/evaluations/gradientfix-lgd-t9-s0-c500-e10001/audited_summary.json
ActMem-VLA,9,0,10001,500,17,1,300,1,/pfs/pfs-7jnepv/lgd/libero_fullmatrix_20260909/evaluations/gradientfix-lgd-t9-s0-c500-e10001/audited_summary.json
ActMem-VLA,9,0,10001,500,18,1,286,1,/pfs/pfs-7jnepv/lgd/libero_fullmatrix_20260909/evaluations/gradientfix-lgd-t9-s0-c500-e10001/audited_summary.json
ActMem-VLA,9,0,10001,500,19,1,290,1,/pfs/pfs-7jnepv/lgd/libero_fullmatrix_20260909/evaluations/gradientfix-lgd-t9-s0-c500-e10001/audited_summary.json
ActMem-VLA,9,0,10002,500,0,1,292,1,/pfs/pfs-7jnepv/lgd/libero_fullmatrix_20260909/evaluations/gradientfix-lgd-t9-s0-c500-e10002/audited_summary.json
ActMem-VLA,9,0,10002,500,1,1,293,1,/pfs/pfs-7jnepv/lgd/libero_fullmatrix_20260909/evaluations/gradientfix-lgd-t9-s0-c500-e10002/audited_summary.json
ActMem-VLA,9,0,10002,500,2,1,313,1,/pfs/pfs-7jnepv/lgd/libero_fullmatrix_20260909/evaluations/gradientfix-lgd-t9-s0-c500-e10002/audited_summary.json
ActMem-VLA,9,0,10002,500,3,1,312,1,/pfs/pfs-7jnepv/lgd/libero_fullmatrix_20260909/evaluations/gradientfix-lgd-t9-s0-c500-e10002/audited_summary.json
ActMem-VLA,9,0,10002,500,4,1,319,1,/pfs/pfs-7jnepv/lgd/libero_fullmatrix_20260909/evaluations/gradientfix-lgd-t9-s0-c500-e10002/audited_summary.json
ActMem-VLA,9,0,10002,500,5,1,273,1,/pfs/pfs-7jnepv/lgd/libero_fullmatrix_20260909/evaluations/gradientfix-lgd-t9-s0-c500-e10002/audited_summary.json
ActMem-VLA,9,0,10002,500,6,1,289,1,/pfs/pfs-7jnepv/lgd/libero_fullmatrix_20260909/evaluations/gradientfix-lgd-t9-s0-c500-e10002/audited_summary.json
ActMem-VLA,9,0,10002,500,7,1,294,1,/pfs/pfs-7jnepv/lgd/libero_fullmatrix_20260909/evaluations/gradientfix-lgd-t9-s0-c500-e10002/audited_summary.json
ActMem-VLA,9,0,10002,500,8,1,318,1,/pfs/pfs-7jnepv/lgd/libero_fullmatrix_20260909/evaluations/gradientfix-lgd-t9-s0-c500-e10002/audited_summary.json
ActMem-VLA,9,0,10002,500,9,1,326,1,/pfs/pfs-7jnepv/lgd/libero_fullmatrix_20260909/evaluations/gradientfix-lgd-t9-s0-c500-e10002/audited_summary.json
ActMem-VLA,9,0,10002,500,10,1,293,1,/pfs/pfs-7jnepv/lgd/libero_fullmatrix_20260909/evaluations/gradientfix-lgd-t9-s0-c500-e10002/audited_summary.json
ActMem-VLA,9,0,10002,500,11,1,316,1,/pfs/pfs-7jnepv/lgd/libero_fullmatrix_20260909/evaluations/gradientfix-lgd-t9-s0-c500-e10002/audited_summary.json
ActMem-VLA,9,0,10002,500,12,1,290,1,/pfs/pfs-7jnepv/lgd/libero_fullmatrix_20260909/evaluations/gradientfix-lgd-t9-s0-c500-e10002/audited_summary.json
ActMem-VLA,9,0,10002,500,13,1,305,1,/pfs/pfs-7jnepv/lgd/libero_fullmatrix_20260909/evaluations/gradientfix-lgd-t9-s0-c500-e10002/audited_summary.json
ActMem-VLA,9,0,10002,500,14,1,287,1,/pfs/pfs-7jnepv/lgd/libero_fullmatrix_20260909/evaluations/gradientfix-lgd-t9-s0-c500-e10002/audited_summary.json
ActMem-VLA,9,0,10002,500,15,1,279,1,/pfs/pfs-7jnepv/lgd/libero_fullmatrix_20260909/evaluations/gradientfix-lgd-t9-s0-c500-e10002/audited_summary.json
ActMem-VLA,9,0,10002,500,16,1,277,1,/pfs/pfs-7jnepv/lgd/libero_fullmatrix_20260909/evaluations/gradientfix-lgd-t9-s0-c500-e10002/audited_summary.json
ActMem-VLA,9,0,10002,500,17,1,304,1,/pfs/pfs-7jnepv/lgd/libero_fullmatrix_20260909/evaluations/gradientfix-lgd-t9-s0-c500-e10002/audited_summary.json
ActMem-VLA,9,0,10002,500,18,1,301,1,/pfs/pfs-7jnepv/lgd/libero_fullmatrix_20260909/evaluations/gradientfix-lgd-t9-s0-c500-e10002/audited_summary.json
ActMem-VLA,9,0,10002,500,19,1,295,1,/pfs/pfs-7jnepv/lgd/libero_fullmatrix_20260909/evaluations/gradientfix-lgd-t9-s0-c500-e10002/audited_summary.json
ActMem-VLA,9,0,10003,500,0,1,303,1,/pfs/pfs-7jnepv/lgd/libero_fullmatrix_20260909/evaluations/gradientfix-lgd-t9-s0-c500-e10003/audited_summary.json
ActMem-VLA,9,0,10003,500,1,1,277,1,/pfs/pfs-7jnepv/lgd/libero_fullmatrix_20260909/evaluations/gradientfix-lgd-t9-s0-c500-e10003/audited_summary.json
ActMem-VLA,9,0,10003,500,2,1,314,1,/pfs/pfs-7jnepv/lgd/libero_fullmatrix_20260909/evaluations/gradientfix-lgd-t9-s0-c500-e10003/audited_summary.json
ActMem-VLA,9,0,10003,500,3,1,298,1,/pfs/pfs-7jnepv/lgd/libero_fullmatrix_20260909/evaluations/gradientfix-lgd-t9-s0-c500-e10003/audited_summary.json
ActMem-VLA,9,0,10003,500,4,1,298,1,/pfs/pfs-7jnepv/lgd/libero_fullmatrix_20260909/evaluations/gradientfix-lgd-t9-s0-c500-e10003/audited_summary.json
ActMem-VLA,9,0,10003,500,5,1,283,1,/pfs/pfs-7jnepv/lgd/libero_fullmatrix_20260909/evaluations/gradientfix-lgd-t9-s0-c500-e10003/audited_summary.json
ActMem-VLA,9,0,10003,500,6,1,303,1,/pfs/pfs-7jnepv/lgd/libero_fullmatrix_20260909/evaluations/gradientfix-lgd-t9-s0-c500-e10003/audited_summary.json
ActMem-VLA,9,0,10003,500,7,1,386,1,/pfs/pfs-7jnepv/lgd/libero_fullmatrix_20260909/evaluations/gradientfix-lgd-t9-s0-c500-e10003/audited_summary.json
ActMem-VLA,9,0,10003,500,8,1,314,1,/pfs/pfs-7jnepv/lgd/libero_fullmatrix_20260909/evaluations/gradientfix-lgd-t9-s0-c500-e10003/audited_summary.json
ActMem-VLA,9,0,10003,500,9,1,311,1,/pfs/pfs-7jnepv/lgd/libero_fullmatrix_20260909/evaluations/gradientfix-lgd-t9-s0-c500-e10003/audited_summary.json
ActMem-VLA,9,0,10003,500,10,1,291,1,/pfs/pfs-7jnepv/lgd/libero_fullmatrix_20260909/evaluations/gradientfix-lgd-t9-s0-c500-e10003/audited_summary.json
ActMem-VLA,9,0,10003,500,11,1,298,1,/pfs/pfs-7jnepv/lgd/libero_fullmatrix_20260909/evaluations/gradientfix-lgd-t9-s0-c500-e10003/audited_summary.json
ActMem-VLA,9,0,10003,500,12,1,281,1,/pfs/pfs-7jnepv/lgd/libero_fullmatrix_20260909/evaluations/gradientfix-lgd-t9-s0-c500-e10003/audited_summary.json
ActMem-VLA,9,0,10003,500,13,1,335,1,/pfs/pfs-7jnepv/lgd/libero_fullmatrix_20260909/evaluations/gradientfix-lgd-t9-s0-c500-e10003/audited_summary.json
ActMem-VLA,9,0,10003,500,14,1,516,1,/pfs/pfs-7jnepv/lgd/libero_fullmatrix_20260909/evaluations/gradientfix-lgd-t9-s0-c500-e10003/audited_summary.json
ActMem-VLA,9,0,10003,500,15,1,285,1,/pfs/pfs-7jnepv/lgd/libero_fullmatrix_20260909/evaluations/gradientfix-lgd-t9-s0-c500-e10003/audited_summary.json
ActMem-VLA,9,0,10003,500,16,1,305,1,/pfs/pfs-7jnepv/lgd/libero_fullmatrix_20260909/evaluations/gradientfix-lgd-t9-s0-c500-e10003/audited_summary.json
ActMem-VLA,9,0,10003,500,17,1,308,1,/pfs/pfs-7jnepv/lgd/libero_fullmatrix_20260909/evaluations/gradientfix-lgd-t9-s0-c500-e10003/audited_summary.json
ActMem-VLA,9,0,10003,500,18,1,285,1,/pfs/pfs-7jnepv/lgd/libero_fullmatrix_20260909/evaluations/gradientfix-lgd-t9-s0-c500-e10003/audited_summary.json
ActMem-VLA,9,0,10003,500,19,1,283,1,/pfs/pfs-7jnepv/lgd/libero_fullmatrix_20260909/evaluations/gradientfix-lgd-t9-s0-c500-e10003/audited_summary.json
ActMem-VLA,9,1,10001,1500,0,1,310,1,/pfs/pfs-7jnepv/lgd/libero_fullmatrix_20260909/evaluations/gradientfix-lgd-t9-s1-c1500-e10001/audited_summary.json
ActMem-VLA,9,1,10001,1500,1,1,307,1,/pfs/pfs-7jnepv/lgd/libero_fullmatrix_20260909/evaluations/gradientfix-lgd-t9-s1-c1500-e10001/audited_summary.json
ActMem-VLA,9,1,10001,1500,2,1,297,1,/pfs/pfs-7jnepv/lgd/libero_fullmatrix_20260909/evaluations/gradientfix-lgd-t9-s1-c1500-e10001/audited_summary.json
ActMem-VLA,9,1,10001,1500,3,1,374,1,/pfs/pfs-7jnepv/lgd/libero_fullmatrix_20260909/evaluations/gradientfix-lgd-t9-s1-c1500-e10001/audited_summary.json
ActMem-VLA,9,1,10001,1500,4,1,305,1,/pfs/pfs-7jnepv/lgd/libero_fullmatrix_20260909/evaluations/gradientfix-lgd-t9-s1-c1500-e10001/audited_summary.json
ActMem-VLA,9,1,10001,1500,5,1,293,1,/pfs/pfs-7jnepv/lgd/libero_fullmatrix_20260909/evaluations/gradientfix-lgd-t9-s1-c1500-e10001/audited_summary.json
ActMem-VLA,9,1,10001,1500,6,1,307,1,/pfs/pfs-7jnepv/lgd/libero_fullmatrix_20260909/evaluations/gradientfix-lgd-t9-s1-c1500-e10001/audited_summary.json
ActMem-VLA,9,1,10001,1500,7,1,315,1,/pfs/pfs-7jnepv/lgd/libero_fullmatrix_20260909/evaluations/gradientfix-lgd-t9-s1-c1500-e10001/audited_summary.json
ActMem-VLA,9,1,10001,1500,8,1,301,1,/pfs/pfs-7jnepv/lgd/libero_fullmatrix_20260909/evaluations/gradientfix-lgd-t9-s1-c1500-e10001/audited_summary.json
ActMem-VLA,9,1,10001,1500,9,1,318,1,/pfs/pfs-7jnepv/lgd/libero_fullmatrix_20260909/evaluations/gradientfix-lgd-t9-s1-c1500-e10001/audited_summary.json
ActMem-VLA,9,1,10001,1500,10,1,405,1,/pfs/pfs-7jnepv/lgd/libero_fullmatrix_20260909/evaluations/gradientfix-lgd-t9-s1-c1500-e10001/audited_summary.json
ActMem-VLA,9,1,10001,1500,11,1,306,1,/pfs/pfs-7jnepv/lgd/libero_fullmatrix_20260909/evaluations/gradientfix-lgd-t9-s1-c1500-e10001/audited_summary.json
ActMem-VLA,9,1,10001,1500,12,1,298,1,/pfs/pfs-7jnepv/lgd/libero_fullmatrix_20260909/evaluations/gradientfix-lgd-t9-s1-c1500-e10001/audited_summary.json
ActMem-VLA,9,1,10001,1500,13,1,345,1,/pfs/pfs-7jnepv/lgd/libero_fullmatrix_20260909/evaluations/gradientfix-lgd-t9-s1-c1500-e10001/audited_summary.json
ActMem-VLA,9,1,10001,1500,14,1,277,1,/pfs/pfs-7jnepv/lgd/libero_fullmatrix_20260909/evaluations/gradientfix-lgd-t9-s1-c1500-e10001/audited_summary.json
ActMem-VLA,9,1,10001,1500,15,1,285,1,/pfs/pfs-7jnepv/lgd/libero_fullmatrix_20260909/evaluations/gradientfix-lgd-t9-s1-c1500-e10001/audited_summary.json
ActMem-VLA,9,1,10001,1500,16,1,301,1,/pfs/pfs-7jnepv/lgd/libero_fullmatrix_20260909/evaluations/gradientfix-lgd-t9-s1-c1500-e10001/audited_summary.json
ActMem-VLA,9,1,10001,1500,17,1,316,1,/pfs/pfs-7jnepv/lgd/libero_fullmatrix_20260909/evaluations/gradientfix-lgd-t9-s1-c1500-e10001/audited_summary.json
ActMem-VLA,9,1,10001,1500,18,1,278,1,/pfs/pfs-7jnepv/lgd/libero_fullmatrix_20260909/evaluations/gradientfix-lgd-t9-s1-c1500-e10001/audited_summary.json
ActMem-VLA,9,1,10001,1500,19,1,292,1,/pfs/pfs-7jnepv/lgd/libero_fullmatrix_20260909/evaluations/gradientfix-lgd-t9-s1-c1500-e10001/audited_summary.json
ActMem-VLA,9,1,10002,1500,0,1,286,1,/pfs/pfs-7jnepv/lgd/libero_fullmatrix_20260909/evaluations/gradientfix-lgd-t9-s1-c1500-e10002/audited_summary.json
ActMem-VLA,9,1,10002,1500,1,1,283,1,/pfs/pfs-7jnepv/lgd/libero_fullmatrix_20260909/evaluations/gradientfix-lgd-t9-s1-c1500-e10002/audited_summary.json
ActMem-VLA,9,1,10002,1500,2,1,306,1,/pfs/pfs-7jnepv/lgd/libero_fullmatrix_20260909/evaluations/gradientfix-lgd-t9-s1-c1500-e10002/audited_summary.json
ActMem-VLA,9,1,10002,1500,3,1,299,1,/pfs/pfs-7jnepv/lgd/libero_fullmatrix_20260909/evaluations/gradientfix-lgd-t9-s1-c1500-e10002/audited_summary.json
ActMem-VLA,9,1,10002,1500,4,1,294,1,/pfs/pfs-7jnepv/lgd/libero_fullmatrix_20260909/evaluations/gradientfix-lgd-t9-s1-c1500-e10002/audited_summary.json
ActMem-VLA,9,1,10002,1500,5,1,290,1,/pfs/pfs-7jnepv/lgd/libero_fullmatrix_20260909/evaluations/gradientfix-lgd-t9-s1-c1500-e10002/audited_summary.json
ActMem-VLA,9,1,10002,1500,6,1,298,1,/pfs/pfs-7jnepv/lgd/libero_fullmatrix_20260909/evaluations/gradientfix-lgd-t9-s1-c1500-e10002/audited_summary.json
ActMem-VLA,9,1,10002,1500,7,1,275,1,/pfs/pfs-7jnepv/lgd/libero_fullmatrix_20260909/evaluations/gradientfix-lgd-t9-s1-c1500-e10002/audited_summary.json
ActMem-VLA,9,1,10002,1500,8,1,301,1,/pfs/pfs-7jnepv/lgd/libero_fullmatrix_20260909/evaluations/gradientfix-lgd-t9-s1-c1500-e10002/audited_summary.json
ActMem-VLA,9,1,10002,1500,9,1,318,1,/pfs/pfs-7jnepv/lgd/libero_fullmatrix_20260909/evaluations/gradientfix-lgd-t9-s1-c1500-e10002/audited_summary.json
ActMem-VLA,9,1,10002,1500,10,1,291,1,/pfs/pfs-7jnepv/lgd/libero_fullmatrix_20260909/evaluations/gradientfix-lgd-t9-s1-c1500-e10002/audited_summary.json
ActMem-VLA,9,1,10002,1500,11,1,300,1,/pfs/pfs-7jnepv/lgd/libero_fullmatrix_20260909/evaluations/gradientfix-lgd-t9-s1-c1500-e10002/audited_summary.json
ActMem-VLA,9,1,10002,1500,12,1,273,1,/pfs/pfs-7jnepv/lgd/libero_fullmatrix_20260909/evaluations/gradientfix-lgd-t9-s1-c1500-e10002/audited_summary.json
ActMem-VLA,9,1,10002,1500,13,1,308,1,/pfs/pfs-7jnepv/lgd/libero_fullmatrix_20260909/evaluations/gradientfix-lgd-t9-s1-c1500-e10002/audited_summary.json
ActMem-VLA,9,1,10002,1500,14,1,297,1,/pfs/pfs-7jnepv/lgd/libero_fullmatrix_20260909/evaluations/gradientfix-lgd-t9-s1-c1500-e10002/audited_summary.json
ActMem-VLA,9,1,10002,1500,15,1,280,1,/pfs/pfs-7jnepv/lgd/libero_fullmatrix_20260909/evaluations/gradientfix-lgd-t9-s1-c1500-e10002/audited_summary.json
ActMem-VLA,9,1,10002,1500,16,1,286,1,/pfs/pfs-7jnepv/lgd/libero_fullmatrix_20260909/evaluations/gradientfix-lgd-t9-s1-c1500-e10002/audited_summary.json
ActMem-VLA,9,1,10002,1500,17,1,328,1,/pfs/pfs-7jnepv/lgd/libero_fullmatrix_20260909/evaluations/gradientfix-lgd-t9-s1-c1500-e10002/audited_summary.json
ActMem-VLA,9,1,10002,1500,18,1,310,1,/pfs/pfs-7jnepv/lgd/libero_fullmatrix_20260909/evaluations/gradientfix-lgd-t9-s1-c1500-e10002/audited_summary.json
ActMem-VLA,9,1,10002,1500,19,1,309,1,/pfs/pfs-7jnepv/lgd/libero_fullmatrix_20260909/evaluations/gradientfix-lgd-t9-s1-c1500-e10002/audited_summary.json
ActMem-VLA,9,1,10003,1500,0,1,297,1,/pfs/pfs-7jnepv/lgd/libero_fullmatrix_20260909/evaluations/gradientfix-lgd-t9-s1-c1500-e10003/audited_summary.json
ActMem-VLA,9,1,10003,1500,1,1,281,1,/pfs/pfs-7jnepv/lgd/libero_fullmatrix_20260909/evaluations/gradientfix-lgd-t9-s1-c1500-e10003/audited_summary.json
ActMem-VLA,9,1,10003,1500,2,1,311,1,/pfs/pfs-7jnepv/lgd/libero_fullmatrix_20260909/evaluations/gradientfix-lgd-t9-s1-c1500-e10003/audited_summary.json
ActMem-VLA,9,1,10003,1500,3,1,299,1,/pfs/pfs-7jnepv/lgd/libero_fullmatrix_20260909/evaluations/gradientfix-lgd-t9-s1-c1500-e10003/audited_summary.json
ActMem-VLA,9,1,10003,1500,4,1,290,1,/pfs/pfs-7jnepv/lgd/libero_fullmatrix_20260909/evaluations/gradientfix-lgd-t9-s1-c1500-e10003/audited_summary.json
ActMem-VLA,9,1,10003,1500,5,1,279,1,/pfs/pfs-7jnepv/lgd/libero_fullmatrix_20260909/evaluations/gradientfix-lgd-t9-s1-c1500-e10003/audited_summary.json
ActMem-VLA,9,1,10003,1500,6,1,277,1,/pfs/pfs-7jnepv/lgd/libero_fullmatrix_20260909/evaluations/gradientfix-lgd-t9-s1-c1500-e10003/audited_summary.json
ActMem-VLA,9,1,10003,1500,7,1,315,1,/pfs/pfs-7jnepv/lgd/libero_fullmatrix_20260909/evaluations/gradientfix-lgd-t9-s1-c1500-e10003/audited_summary.json
ActMem-VLA,9,1,10003,1500,8,1,330,1,/pfs/pfs-7jnepv/lgd/libero_fullmatrix_20260909/evaluations/gradientfix-lgd-t9-s1-c1500-e10003/audited_summary.json
ActMem-VLA,9,1,10003,1500,9,1,301,1,/pfs/pfs-7jnepv/lgd/libero_fullmatrix_20260909/evaluations/gradientfix-lgd-t9-s1-c1500-e10003/audited_summary.json
ActMem-VLA,9,1,10003,1500,10,1,295,1,/pfs/pfs-7jnepv/lgd/libero_fullmatrix_20260909/evaluations/gradientfix-lgd-t9-s1-c1500-e10003/audited_summary.json
ActMem-VLA,9,1,10003,1500,11,1,298,1,/pfs/pfs-7jnepv/lgd/libero_fullmatrix_20260909/evaluations/gradientfix-lgd-t9-s1-c1500-e10003/audited_summary.json
ActMem-VLA,9,1,10003,1500,12,1,292,1,/pfs/pfs-7jnepv/lgd/libero_fullmatrix_20260909/evaluations/gradientfix-lgd-t9-s1-c1500-e10003/audited_summary.json
ActMem-VLA,9,1,10003,1500,13,1,314,1,/pfs/pfs-7jnepv/lgd/libero_fullmatrix_20260909/evaluations/gradientfix-lgd-t9-s1-c1500-e10003/audited_summary.json
ActMem-VLA,9,1,10003,1500,14,1,294,1,/pfs/pfs-7jnepv/lgd/libero_fullmatrix_20260909/evaluations/gradientfix-lgd-t9-s1-c1500-e10003/audited_summary.json
ActMem-VLA,9,1,10003,1500,15,1,283,1,/pfs/pfs-7jnepv/lgd/libero_fullmatrix_20260909/evaluations/gradientfix-lgd-t9-s1-c1500-e10003/audited_summary.json
ActMem-VLA,9,1,10003,1500,16,1,287,1,/pfs/pfs-7jnepv/lgd/libero_fullmatrix_20260909/evaluations/gradientfix-lgd-t9-s1-c1500-e10003/audited_summary.json
ActMem-VLA,9,1,10003,1500,17,1,296,1,/pfs/pfs-7jnepv/lgd/libero_fullmatrix_20260909/evaluations/gradientfix-lgd-t9-s1-c1500-e10003/audited_summary.json
ActMem-VLA,9,1,10003,1500,18,1,294,1,/pfs/pfs-7jnepv/lgd/libero_fullmatrix_20260909/evaluations/gradientfix-lgd-t9-s1-c1500-e10003/audited_summary.json
ActMem-VLA,9,1,10003,1500,19,1,294,1,/pfs/pfs-7jnepv/lgd/libero_fullmatrix_20260909/evaluations/gradientfix-lgd-t9-s1-c1500-e10003/audited_summary.json
ActMem-VLA,9,42,10001,2500,0,1,302,1,/pfs/pfs-7jnepv/lgd/libero_fullmatrix_20260909/evaluations/gradientfix-lgd-t9-s42-c2500-e10001/audited_summary.json
ActMem-VLA,9,42,10001,2500,1,1,288,1,/pfs/pfs-7jnepv/lgd/libero_fullmatrix_20260909/evaluations/gradientfix-lgd-t9-s42-c2500-e10001/audited_summary.json
ActMem-VLA,9,42,10001,2500,2,1,279,1,/pfs/pfs-7jnepv/lgd/libero_fullmatrix_20260909/evaluations/gradientfix-lgd-t9-s42-c2500-e10001/audited_summary.json
ActMem-VLA,9,42,10001,2500,3,1,297,1,/pfs/pfs-7jnepv/lgd/libero_fullmatrix_20260909/evaluations/gradientfix-lgd-t9-s42-c2500-e10001/audited_summary.json
ActMem-VLA,9,42,10001,2500,4,1,298,1,/pfs/pfs-7jnepv/lgd/libero_fullmatrix_20260909/evaluations/gradientfix-lgd-t9-s42-c2500-e10001/audited_summary.json
ActMem-VLA,9,42,10001,2500,5,1,277,1,/pfs/pfs-7jnepv/lgd/libero_fullmatrix_20260909/evaluations/gradientfix-lgd-t9-s42-c2500-e10001/audited_summary.json
ActMem-VLA,9,42,10001,2500,6,1,277,1,/pfs/pfs-7jnepv/lgd/libero_fullmatrix_20260909/evaluations/gradientfix-lgd-t9-s42-c2500-e10001/audited_summary.json
ActMem-VLA,9,42,10001,2500,7,1,305,1,/pfs/pfs-7jnepv/lgd/libero_fullmatrix_20260909/evaluations/gradientfix-lgd-t9-s42-c2500-e10001/audited_summary.json
ActMem-VLA,9,42,10001,2500,8,1,323,1,/pfs/pfs-7jnepv/lgd/libero_fullmatrix_20260909/evaluations/gradientfix-lgd-t9-s42-c2500-e10001/audited_summary.json
ActMem-VLA,9,42,10001,2500,9,1,290,1,/pfs/pfs-7jnepv/lgd/libero_fullmatrix_20260909/evaluations/gradientfix-lgd-t9-s42-c2500-e10001/audited_summary.json
ActMem-VLA,9,42,10001,2500,10,1,297,1,/pfs/pfs-7jnepv/lgd/libero_fullmatrix_20260909/evaluations/gradientfix-lgd-t9-s42-c2500-e10001/audited_summary.json
ActMem-VLA,9,42,10001,2500,11,1,314,1,/pfs/pfs-7jnepv/lgd/libero_fullmatrix_20260909/evaluations/gradientfix-lgd-t9-s42-c2500-e10001/audited_summary.json
ActMem-VLA,9,42,10001,2500,12,1,384,1,/pfs/pfs-7jnepv/lgd/libero_fullmatrix_20260909/evaluations/gradientfix-lgd-t9-s42-c2500-e10001/audited_summary.json
ActMem-VLA,9,42,10001,2500,13,1,296,1,/pfs/pfs-7jnepv/lgd/libero_fullmatrix_20260909/evaluations/gradientfix-lgd-t9-s42-c2500-e10001/audited_summary.json
ActMem-VLA,9,42,10001,2500,14,1,285,1,/pfs/pfs-7jnepv/lgd/libero_fullmatrix_20260909/evaluations/gradientfix-lgd-t9-s42-c2500-e10001/audited_summary.json
ActMem-VLA,9,42,10001,2500,15,1,281,1,/pfs/pfs-7jnepv/lgd/libero_fullmatrix_20260909/evaluations/gradientfix-lgd-t9-s42-c2500-e10001/audited_summary.json
ActMem-VLA,9,42,10001,2500,16,1,290,1,/pfs/pfs-7jnepv/lgd/libero_fullmatrix_20260909/evaluations/gradientfix-lgd-t9-s42-c2500-e10001/audited_summary.json
ActMem-VLA,9,42,10001,2500,17,1,304,1,/pfs/pfs-7jnepv/lgd/libero_fullmatrix_20260909/evaluations/gradientfix-lgd-t9-s42-c2500-e10001/audited_summary.json
ActMem-VLA,9,42,10001,2500,18,1,281,1,/pfs/pfs-7jnepv/lgd/libero_fullmatrix_20260909/evaluations/gradientfix-lgd-t9-s42-c2500-e10001/audited_summary.json
ActMem-VLA,9,42,10001,2500,19,1,296,1,/pfs/pfs-7jnepv/lgd/libero_fullmatrix_20260909/evaluations/gradientfix-lgd-t9-s42-c2500-e10001/audited_summary.json
ActMem-VLA,9,42,10002,2500,0,1,295,1,/pfs/pfs-7jnepv/lgd/libero_fullmatrix_20260909/evaluations/gradientfix-lgd-t9-s42-c2500-e10002/audited_summary.json
ActMem-VLA,9,42,10002,2500,1,1,305,1,/pfs/pfs-7jnepv/lgd/libero_fullmatrix_20260909/evaluations/gradientfix-lgd-t9-s42-c2500-e10002/audited_summary.json
ActMem-VLA,9,42,10002,2500,2,1,280,1,/pfs/pfs-7jnepv/lgd/libero_fullmatrix_20260909/evaluations/gradientfix-lgd-t9-s42-c2500-e10002/audited_summary.json
ActMem-VLA,9,42,10002,2500,3,1,278,1,/pfs/pfs-7jnepv/lgd/libero_fullmatrix_20260909/evaluations/gradientfix-lgd-t9-s42-c2500-e10002/audited_summary.json
ActMem-VLA,9,42,10002,2500,4,1,296,1,/pfs/pfs-7jnepv/lgd/libero_fullmatrix_20260909/evaluations/gradientfix-lgd-t9-s42-c2500-e10002/audited_summary.json
ActMem-VLA,9,42,10002,2500,5,1,299,1,/pfs/pfs-7jnepv/lgd/libero_fullmatrix_20260909/evaluations/gradientfix-lgd-t9-s42-c2500-e10002/audited_summary.json
ActMem-VLA,9,42,10002,2500,6,1,295,1,/pfs/pfs-7jnepv/lgd/libero_fullmatrix_20260909/evaluations/gradientfix-lgd-t9-s42-c2500-e10002/audited_summary.json
ActMem-VLA,9,42,10002,2500,7,1,298,1,/pfs/pfs-7jnepv/lgd/libero_fullmatrix_20260909/evaluations/gradientfix-lgd-t9-s42-c2500-e10002/audited_summary.json
ActMem-VLA,9,42,10002,2500,8,1,303,1,/pfs/pfs-7jnepv/lgd/libero_fullmatrix_20260909/evaluations/gradientfix-lgd-t9-s42-c2500-e10002/audited_summary.json
ActMem-VLA,9,42,10002,2500,9,1,304,1,/pfs/pfs-7jnepv/lgd/libero_fullmatrix_20260909/evaluations/gradientfix-lgd-t9-s42-c2500-e10002/audited_summary.json
ActMem-VLA,9,42,10002,2500,10,1,291,1,/pfs/pfs-7jnepv/lgd/libero_fullmatrix_20260909/evaluations/gradientfix-lgd-t9-s42-c2500-e10002/audited_summary.json
ActMem-VLA,9,42,10002,2500,11,1,296,1,/pfs/pfs-7jnepv/lgd/libero_fullmatrix_20260909/evaluations/gradientfix-lgd-t9-s42-c2500-e10002/audited_summary.json
ActMem-VLA,9,42,10002,2500,12,1,269,1,/pfs/pfs-7jnepv/lgd/libero_fullmatrix_20260909/evaluations/gradientfix-lgd-t9-s42-c2500-e10002/audited_summary.json
ActMem-VLA,9,42,10002,2500,13,1,296,1,/pfs/pfs-7jnepv/lgd/libero_fullmatrix_20260909/evaluations/gradientfix-lgd-t9-s42-c2500-e10002/audited_summary.json
ActMem-VLA,9,42,10002,2500,14,1,286,1,/pfs/pfs-7jnepv/lgd/libero_fullmatrix_20260909/evaluations/gradientfix-lgd-t9-s42-c2500-e10002/audited_summary.json
ActMem-VLA,9,42,10002,2500,15,1,281,1,/pfs/pfs-7jnepv/lgd/libero_fullmatrix_20260909/evaluations/gradientfix-lgd-t9-s42-c2500-e10002/audited_summary.json
ActMem-VLA,9,42,10002,2500,16,1,293,1,/pfs/pfs-7jnepv/lgd/libero_fullmatrix_20260909/evaluations/gradientfix-lgd-t9-s42-c2500-e10002/audited_summary.json
ActMem-VLA,9,42,10002,2500,17,1,315,1,/pfs/pfs-7jnepv/lgd/libero_fullmatrix_20260909/evaluations/gradientfix-lgd-t9-s42-c2500-e10002/audited_summary.json
ActMem-VLA,9,42,10002,2500,18,1,294,1,/pfs/pfs-7jnepv/lgd/libero_fullmatrix_20260909/evaluations/gradientfix-lgd-t9-s42-c2500-e10002/audited_summary.json
ActMem-VLA,9,42,10002,2500,19,1,298,1,/pfs/pfs-7jnepv/lgd/libero_fullmatrix_20260909/evaluations/gradientfix-lgd-t9-s42-c2500-e10002/audited_summary.json
ActMem-VLA,9,42,10003,2500,0,1,298,1,/pfs/pfs-7jnepv/lgd/libero_fullmatrix_20260909/evaluations/gradientfix-lgd-t9-s42-c2500-e10003/audited_summary.json
ActMem-VLA,9,42,10003,2500,1,1,297,1,/pfs/pfs-7jnepv/lgd/libero_fullmatrix_20260909/evaluations/gradientfix-lgd-t9-s42-c2500-e10003/audited_summary.json
ActMem-VLA,9,42,10003,2500,2,1,297,1,/pfs/pfs-7jnepv/lgd/libero_fullmatrix_20260909/evaluations/gradientfix-lgd-t9-s42-c2500-e10003/audited_summary.json
ActMem-VLA,9,42,10003,2500,3,1,297,1,/pfs/pfs-7jnepv/lgd/libero_fullmatrix_20260909/evaluations/gradientfix-lgd-t9-s42-c2500-e10003/audited_summary.json
ActMem-VLA,9,42,10003,2500,4,1,290,1,/pfs/pfs-7jnepv/lgd/libero_fullmatrix_20260909/evaluations/gradientfix-lgd-t9-s42-c2500-e10003/audited_summary.json
ActMem-VLA,9,42,10003,2500,5,1,294,1,/pfs/pfs-7jnepv/lgd/libero_fullmatrix_20260909/evaluations/gradientfix-lgd-t9-s42-c2500-e10003/audited_summary.json
ActMem-VLA,9,42,10003,2500,6,1,298,1,/pfs/pfs-7jnepv/lgd/libero_fullmatrix_20260909/evaluations/gradientfix-lgd-t9-s42-c2500-e10003/audited_summary.json
ActMem-VLA,9,42,10003,2500,7,1,297,1,/pfs/pfs-7jnepv/lgd/libero_fullmatrix_20260909/evaluations/gradientfix-lgd-t9-s42-c2500-e10003/audited_summary.json
ActMem-VLA,9,42,10003,2500,8,1,302,1,/pfs/pfs-7jnepv/lgd/libero_fullmatrix_20260909/evaluations/gradientfix-lgd-t9-s42-c2500-e10003/audited_summary.json
ActMem-VLA,9,42,10003,2500,9,1,302,1,/pfs/pfs-7jnepv/lgd/libero_fullmatrix_20260909/evaluations/gradientfix-lgd-t9-s42-c2500-e10003/audited_summary.json
ActMem-VLA,9,42,10003,2500,10,1,284,1,/pfs/pfs-7jnepv/lgd/libero_fullmatrix_20260909/evaluations/gradientfix-lgd-t9-s42-c2500-e10003/audited_summary.json
ActMem-VLA,9,42,10003,2500,11,1,289,1,/pfs/pfs-7jnepv/lgd/libero_fullmatrix_20260909/evaluations/gradientfix-lgd-t9-s42-c2500-e10003/audited_summary.json
ActMem-VLA,9,42,10003,2500,12,1,281,1,/pfs/pfs-7jnepv/lgd/libero_fullmatrix_20260909/evaluations/gradientfix-lgd-t9-s42-c2500-e10003/audited_summary.json
ActMem-VLA,9,42,10003,2500,13,1,294,1,/pfs/pfs-7jnepv/lgd/libero_fullmatrix_20260909/evaluations/gradientfix-lgd-t9-s42-c2500-e10003/audited_summary.json
ActMem-VLA,9,42,10003,2500,14,1,275,1,/pfs/pfs-7jnepv/lgd/libero_fullmatrix_20260909/evaluations/gradientfix-lgd-t9-s42-c2500-e10003/audited_summary.json
ActMem-VLA,9,42,10003,2500,15,1,294,1,/pfs/pfs-7jnepv/lgd/libero_fullmatrix_20260909/evaluations/gradientfix-lgd-t9-s42-c2500-e10003/audited_summary.json
ActMem-VLA,9,42,10003,2500,16,1,281,1,/pfs/pfs-7jnepv/lgd/libero_fullmatrix_20260909/evaluations/gradientfix-lgd-t9-s42-c2500-e10003/audited_summary.json
ActMem-VLA,9,42,10003,2500,17,1,312,1,/pfs/pfs-7jnepv/lgd/libero_fullmatrix_20260909/evaluations/gradientfix-lgd-t9-s42-c2500-e10003/audited_summary.json
ActMem-VLA,9,42,10003,2500,18,1,284,1,/pfs/pfs-7jnepv/lgd/libero_fullmatrix_20260909/evaluations/gradientfix-lgd-t9-s42-c2500-e10003/audited_summary.json
ActMem-VLA,9,42,10003,2500,19,1,293,1,/pfs/pfs-7jnepv/lgd/libero_fullmatrix_20260909/evaluations/gradientfix-lgd-t9-s42-c2500-e10003/audited_summary.json
ActMem-VLA,10,0,10001,500,0,1,303,1,/data/libero_mem_baseline/a100_local_eval_20260910/evaluations/gradientfix-v1-t10-s0-c500-e10001/audited_summary.json
ActMem-VLA,10,0,10001,500,1,1,302,1,/data/libero_mem_baseline/a100_local_eval_20260910/evaluations/gradientfix-v1-t10-s0-c500-e10001/audited_summary.json
ActMem-VLA,10,0,10001,500,2,1,285,1,/data/libero_mem_baseline/a100_local_eval_20260910/evaluations/gradientfix-v1-t10-s0-c500-e10001/audited_summary.json
ActMem-VLA,10,0,10001,500,3,1,293,1,/data/libero_mem_baseline/a100_local_eval_20260910/evaluations/gradientfix-v1-t10-s0-c500-e10001/audited_summary.json
ActMem-VLA,10,0,10001,500,4,1,303,1,/data/libero_mem_baseline/a100_local_eval_20260910/evaluations/gradientfix-v1-t10-s0-c500-e10001/audited_summary.json
ActMem-VLA,10,0,10001,500,5,1,260,1,/data/libero_mem_baseline/a100_local_eval_20260910/evaluations/gradientfix-v1-t10-s0-c500-e10001/audited_summary.json
ActMem-VLA,10,0,10001,500,6,1,278,1,/data/libero_mem_baseline/a100_local_eval_20260910/evaluations/gradientfix-v1-t10-s0-c500-e10001/audited_summary.json
ActMem-VLA,10,0,10001,500,7,1,281,1,/data/libero_mem_baseline/a100_local_eval_20260910/evaluations/gradientfix-v1-t10-s0-c500-e10001/audited_summary.json
ActMem-VLA,10,0,10001,500,8,1,282,1,/data/libero_mem_baseline/a100_local_eval_20260910/evaluations/gradientfix-v1-t10-s0-c500-e10001/audited_summary.json
ActMem-VLA,10,0,10001,500,9,1,316,1,/data/libero_mem_baseline/a100_local_eval_20260910/evaluations/gradientfix-v1-t10-s0-c500-e10001/audited_summary.json
ActMem-VLA,10,0,10001,500,10,1,296,1,/data/libero_mem_baseline/a100_local_eval_20260910/evaluations/gradientfix-v1-t10-s0-c500-e10001/audited_summary.json
ActMem-VLA,10,0,10001,500,11,1,314,1,/data/libero_mem_baseline/a100_local_eval_20260910/evaluations/gradientfix-v1-t10-s0-c500-e10001/audited_summary.json
ActMem-VLA,10,0,10001,500,12,1,306,1,/data/libero_mem_baseline/a100_local_eval_20260910/evaluations/gradientfix-v1-t10-s0-c500-e10001/audited_summary.json
ActMem-VLA,10,0,10001,500,13,1,281,1,/data/libero_mem_baseline/a100_local_eval_20260910/evaluations/gradientfix-v1-t10-s0-c500-e10001/audited_summary.json
ActMem-VLA,10,0,10001,500,14,1,295,1,/data/libero_mem_baseline/a100_local_eval_20260910/evaluations/gradientfix-v1-t10-s0-c500-e10001/audited_summary.json
ActMem-VLA,10,0,10001,500,15,1,283,1,/data/libero_mem_baseline/a100_local_eval_20260910/evaluations/gradientfix-v1-t10-s0-c500-e10001/audited_summary.json
ActMem-VLA,10,0,10001,500,16,1,301,1,/data/libero_mem_baseline/a100_local_eval_20260910/evaluations/gradientfix-v1-t10-s0-c500-e10001/audited_summary.json
ActMem-VLA,10,0,10001,500,17,1,276,1,/data/libero_mem_baseline/a100_local_eval_20260910/evaluations/gradientfix-v1-t10-s0-c500-e10001/audited_summary.json
ActMem-VLA,10,0,10001,500,18,1,293,1,/data/libero_mem_baseline/a100_local_eval_20260910/evaluations/gradientfix-v1-t10-s0-c500-e10001/audited_summary.json
ActMem-VLA,10,0,10001,500,19,1,270,1,/data/libero_mem_baseline/a100_local_eval_20260910/evaluations/gradientfix-v1-t10-s0-c500-e10001/audited_summary.json
ActMem-VLA,10,0,10002,500,0,1,298,1,/data/libero_mem_baseline/a100_local_eval_20260910/evaluations/gradientfix-v1-t10-s0-c500-e10002/audited_summary.json
ActMem-VLA,10,0,10002,500,1,1,285,1,/data/libero_mem_baseline/a100_local_eval_20260910/evaluations/gradientfix-v1-t10-s0-c500-e10002/audited_summary.json
ActMem-VLA,10,0,10002,500,2,1,281,1,/data/libero_mem_baseline/a100_local_eval_20260910/evaluations/gradientfix-v1-t10-s0-c500-e10002/audited_summary.json
ActMem-VLA,10,0,10002,500,3,1,293,1,/data/libero_mem_baseline/a100_local_eval_20260910/evaluations/gradientfix-v1-t10-s0-c500-e10002/audited_summary.json
ActMem-VLA,10,0,10002,500,4,1,295,1,/data/libero_mem_baseline/a100_local_eval_20260910/evaluations/gradientfix-v1-t10-s0-c500-e10002/audited_summary.json
ActMem-VLA,10,0,10002,500,5,1,278,1,/data/libero_mem_baseline/a100_local_eval_20260910/evaluations/gradientfix-v1-t10-s0-c500-e10002/audited_summary.json
ActMem-VLA,10,0,10002,500,6,1,273,1,/data/libero_mem_baseline/a100_local_eval_20260910/evaluations/gradientfix-v1-t10-s0-c500-e10002/audited_summary.json
ActMem-VLA,10,0,10002,500,7,1,302,1,/data/libero_mem_baseline/a100_local_eval_20260910/evaluations/gradientfix-v1-t10-s0-c500-e10002/audited_summary.json
ActMem-VLA,10,0,10002,500,8,1,303,1,/data/libero_mem_baseline/a100_local_eval_20260910/evaluations/gradientfix-v1-t10-s0-c500-e10002/audited_summary.json
ActMem-VLA,10,0,10002,500,9,1,334,1,/data/libero_mem_baseline/a100_local_eval_20260910/evaluations/gradientfix-v1-t10-s0-c500-e10002/audited_summary.json
ActMem-VLA,10,0,10002,500,10,1,289,1,/data/libero_mem_baseline/a100_local_eval_20260910/evaluations/gradientfix-v1-t10-s0-c500-e10002/audited_summary.json
ActMem-VLA,10,0,10002,500,11,1,296,1,/data/libero_mem_baseline/a100_local_eval_20260910/evaluations/gradientfix-v1-t10-s0-c500-e10002/audited_summary.json
ActMem-VLA,10,0,10002,500,12,1,272,1,/data/libero_mem_baseline/a100_local_eval_20260910/evaluations/gradientfix-v1-t10-s0-c500-e10002/audited_summary.json
ActMem-VLA,10,0,10002,500,13,1,294,1,/data/libero_mem_baseline/a100_local_eval_20260910/evaluations/gradientfix-v1-t10-s0-c500-e10002/audited_summary.json
ActMem-VLA,10,0,10002,500,14,1,292,1,/data/libero_mem_baseline/a100_local_eval_20260910/evaluations/gradientfix-v1-t10-s0-c500-e10002/audited_summary.json
ActMem-VLA,10,0,10002,500,15,1,291,1,/data/libero_mem_baseline/a100_local_eval_20260910/evaluations/gradientfix-v1-t10-s0-c500-e10002/audited_summary.json
ActMem-VLA,10,0,10002,500,16,1,290,1,/data/libero_mem_baseline/a100_local_eval_20260910/evaluations/gradientfix-v1-t10-s0-c500-e10002/audited_summary.json
ActMem-VLA,10,0,10002,500,17,1,308,1,/data/libero_mem_baseline/a100_local_eval_20260910/evaluations/gradientfix-v1-t10-s0-c500-e10002/audited_summary.json
ActMem-VLA,10,0,10002,500,18,1,278,1,/data/libero_mem_baseline/a100_local_eval_20260910/evaluations/gradientfix-v1-t10-s0-c500-e10002/audited_summary.json
ActMem-VLA,10,0,10002,500,19,1,299,1,/data/libero_mem_baseline/a100_local_eval_20260910/evaluations/gradientfix-v1-t10-s0-c500-e10002/audited_summary.json
ActMem-VLA,10,0,10003,500,0,1,280,1,/data/libero_mem_baseline/a100_local_eval_20260910/evaluations/gradientfix-v1-t10-s0-c500-e10003/audited_summary.json
ActMem-VLA,10,0,10003,500,1,1,282,1,/data/libero_mem_baseline/a100_local_eval_20260910/evaluations/gradientfix-v1-t10-s0-c500-e10003/audited_summary.json
ActMem-VLA,10,0,10003,500,2,1,275,1,/data/libero_mem_baseline/a100_local_eval_20260910/evaluations/gradientfix-v1-t10-s0-c500-e10003/audited_summary.json
ActMem-VLA,10,0,10003,500,3,1,297,1,/data/libero_mem_baseline/a100_local_eval_20260910/evaluations/gradientfix-v1-t10-s0-c500-e10003/audited_summary.json
ActMem-VLA,10,0,10003,500,4,1,274,1,/data/libero_mem_baseline/a100_local_eval_20260910/evaluations/gradientfix-v1-t10-s0-c500-e10003/audited_summary.json
ActMem-VLA,10,0,10003,500,5,1,271,1,/data/libero_mem_baseline/a100_local_eval_20260910/evaluations/gradientfix-v1-t10-s0-c500-e10003/audited_summary.json
ActMem-VLA,10,0,10003,500,6,1,274,1,/data/libero_mem_baseline/a100_local_eval_20260910/evaluations/gradientfix-v1-t10-s0-c500-e10003/audited_summary.json
ActMem-VLA,10,0,10003,500,7,1,279,1,/data/libero_mem_baseline/a100_local_eval_20260910/evaluations/gradientfix-v1-t10-s0-c500-e10003/audited_summary.json
ActMem-VLA,10,0,10003,500,8,1,300,1,/data/libero_mem_baseline/a100_local_eval_20260910/evaluations/gradientfix-v1-t10-s0-c500-e10003/audited_summary.json
ActMem-VLA,10,0,10003,500,9,1,281,1,/data/libero_mem_baseline/a100_local_eval_20260910/evaluations/gradientfix-v1-t10-s0-c500-e10003/audited_summary.json
ActMem-VLA,10,0,10003,500,10,1,300,1,/data/libero_mem_baseline/a100_local_eval_20260910/evaluations/gradientfix-v1-t10-s0-c500-e10003/audited_summary.json
ActMem-VLA,10,0,10003,500,11,1,285,1,/data/libero_mem_baseline/a100_local_eval_20260910/evaluations/gradientfix-v1-t10-s0-c500-e10003/audited_summary.json
ActMem-VLA,10,0,10003,500,12,1,288,1,/data/libero_mem_baseline/a100_local_eval_20260910/evaluations/gradientfix-v1-t10-s0-c500-e10003/audited_summary.json
ActMem-VLA,10,0,10003,500,13,1,311,1,/data/libero_mem_baseline/a100_local_eval_20260910/evaluations/gradientfix-v1-t10-s0-c500-e10003/audited_summary.json
ActMem-VLA,10,0,10003,500,14,1,297,1,/data/libero_mem_baseline/a100_local_eval_20260910/evaluations/gradientfix-v1-t10-s0-c500-e10003/audited_summary.json
ActMem-VLA,10,0,10003,500,15,1,286,1,/data/libero_mem_baseline/a100_local_eval_20260910/evaluations/gradientfix-v1-t10-s0-c500-e10003/audited_summary.json
ActMem-VLA,10,0,10003,500,16,1,297,1,/data/libero_mem_baseline/a100_local_eval_20260910/evaluations/gradientfix-v1-t10-s0-c500-e10003/audited_summary.json
ActMem-VLA,10,0,10003,500,17,1,304,1,/data/libero_mem_baseline/a100_local_eval_20260910/evaluations/gradientfix-v1-t10-s0-c500-e10003/audited_summary.json
ActMem-VLA,10,0,10003,500,18,1,277,1,/data/libero_mem_baseline/a100_local_eval_20260910/evaluations/gradientfix-v1-t10-s0-c500-e10003/audited_summary.json
ActMem-VLA,10,0,10003,500,19,1,289,1,/data/libero_mem_baseline/a100_local_eval_20260910/evaluations/gradientfix-v1-t10-s0-c500-e10003/audited_summary.json
ActMem-VLA,10,1,10001,500,0,1,309,1,/pfs/pfs-7jnepv/lgd/libero_fullmatrix_20260909/evaluations/gradientfix-lgd-t10-s1-c500-e10001/audited_summary.json
ActMem-VLA,10,1,10001,500,1,1,290,1,/pfs/pfs-7jnepv/lgd/libero_fullmatrix_20260909/evaluations/gradientfix-lgd-t10-s1-c500-e10001/audited_summary.json
ActMem-VLA,10,1,10001,500,2,1,256,1,/pfs/pfs-7jnepv/lgd/libero_fullmatrix_20260909/evaluations/gradientfix-lgd-t10-s1-c500-e10001/audited_summary.json
ActMem-VLA,10,1,10001,500,3,1,296,1,/pfs/pfs-7jnepv/lgd/libero_fullmatrix_20260909/evaluations/gradientfix-lgd-t10-s1-c500-e10001/audited_summary.json
ActMem-VLA,10,1,10001,500,4,1,290,1,/pfs/pfs-7jnepv/lgd/libero_fullmatrix_20260909/evaluations/gradientfix-lgd-t10-s1-c500-e10001/audited_summary.json
ActMem-VLA,10,1,10001,500,5,1,297,1,/pfs/pfs-7jnepv/lgd/libero_fullmatrix_20260909/evaluations/gradientfix-lgd-t10-s1-c500-e10001/audited_summary.json
ActMem-VLA,10,1,10001,500,6,1,269,1,/pfs/pfs-7jnepv/lgd/libero_fullmatrix_20260909/evaluations/gradientfix-lgd-t10-s1-c500-e10001/audited_summary.json
ActMem-VLA,10,1,10001,500,7,1,288,1,/pfs/pfs-7jnepv/lgd/libero_fullmatrix_20260909/evaluations/gradientfix-lgd-t10-s1-c500-e10001/audited_summary.json
ActMem-VLA,10,1,10001,500,8,1,275,1,/pfs/pfs-7jnepv/lgd/libero_fullmatrix_20260909/evaluations/gradientfix-lgd-t10-s1-c500-e10001/audited_summary.json
ActMem-VLA,10,1,10001,500,9,1,281,1,/pfs/pfs-7jnepv/lgd/libero_fullmatrix_20260909/evaluations/gradientfix-lgd-t10-s1-c500-e10001/audited_summary.json
ActMem-VLA,10,1,10001,500,10,1,296,1,/pfs/pfs-7jnepv/lgd/libero_fullmatrix_20260909/evaluations/gradientfix-lgd-t10-s1-c500-e10001/audited_summary.json
ActMem-VLA,10,1,10001,500,11,1,283,1,/pfs/pfs-7jnepv/lgd/libero_fullmatrix_20260909/evaluations/gradientfix-lgd-t10-s1-c500-e10001/audited_summary.json
ActMem-VLA,10,1,10001,500,12,1,352,1,/pfs/pfs-7jnepv/lgd/libero_fullmatrix_20260909/evaluations/gradientfix-lgd-t10-s1-c500-e10001/audited_summary.json
ActMem-VLA,10,1,10001,500,13,1,302,1,/pfs/pfs-7jnepv/lgd/libero_fullmatrix_20260909/evaluations/gradientfix-lgd-t10-s1-c500-e10001/audited_summary.json
ActMem-VLA,10,1,10001,500,14,1,380,1,/pfs/pfs-7jnepv/lgd/libero_fullmatrix_20260909/evaluations/gradientfix-lgd-t10-s1-c500-e10001/audited_summary.json
ActMem-VLA,10,1,10001,500,15,1,262,1,/pfs/pfs-7jnepv/lgd/libero_fullmatrix_20260909/evaluations/gradientfix-lgd-t10-s1-c500-e10001/audited_summary.json
ActMem-VLA,10,1,10001,500,16,1,290,1,/pfs/pfs-7jnepv/lgd/libero_fullmatrix_20260909/evaluations/gradientfix-lgd-t10-s1-c500-e10001/audited_summary.json
ActMem-VLA,10,1,10001,500,17,1,276,1,/pfs/pfs-7jnepv/lgd/libero_fullmatrix_20260909/evaluations/gradientfix-lgd-t10-s1-c500-e10001/audited_summary.json
ActMem-VLA,10,1,10001,500,18,1,302,1,/pfs/pfs-7jnepv/lgd/libero_fullmatrix_20260909/evaluations/gradientfix-lgd-t10-s1-c500-e10001/audited_summary.json
ActMem-VLA,10,1,10001,500,19,1,310,1,/pfs/pfs-7jnepv/lgd/libero_fullmatrix_20260909/evaluations/gradientfix-lgd-t10-s1-c500-e10001/audited_summary.json
ActMem-VLA,10,1,10002,500,0,1,304,1,/pfs/pfs-7jnepv/lgd/libero_fullmatrix_20260909/evaluations/gradientfix-lgd-t10-s1-c500-e10002/audited_summary.json
ActMem-VLA,10,1,10002,500,1,1,280,1,/pfs/pfs-7jnepv/lgd/libero_fullmatrix_20260909/evaluations/gradientfix-lgd-t10-s1-c500-e10002/audited_summary.json
ActMem-VLA,10,1,10002,500,2,1,283,1,/pfs/pfs-7jnepv/lgd/libero_fullmatrix_20260909/evaluations/gradientfix-lgd-t10-s1-c500-e10002/audited_summary.json
ActMem-VLA,10,1,10002,500,3,1,281,1,/pfs/pfs-7jnepv/lgd/libero_fullmatrix_20260909/evaluations/gradientfix-lgd-t10-s1-c500-e10002/audited_summary.json
ActMem-VLA,10,1,10002,500,4,1,285,1,/pfs/pfs-7jnepv/lgd/libero_fullmatrix_20260909/evaluations/gradientfix-lgd-t10-s1-c500-e10002/audited_summary.json
ActMem-VLA,10,1,10002,500,5,1,287,1,/pfs/pfs-7jnepv/lgd/libero_fullmatrix_20260909/evaluations/gradientfix-lgd-t10-s1-c500-e10002/audited_summary.json
ActMem-VLA,10,1,10002,500,6,1,282,1,/pfs/pfs-7jnepv/lgd/libero_fullmatrix_20260909/evaluations/gradientfix-lgd-t10-s1-c500-e10002/audited_summary.json
ActMem-VLA,10,1,10002,500,7,1,271,1,/pfs/pfs-7jnepv/lgd/libero_fullmatrix_20260909/evaluations/gradientfix-lgd-t10-s1-c500-e10002/audited_summary.json
ActMem-VLA,10,1,10002,500,8,1,273,1,/pfs/pfs-7jnepv/lgd/libero_fullmatrix_20260909/evaluations/gradientfix-lgd-t10-s1-c500-e10002/audited_summary.json
ActMem-VLA,10,1,10002,500,9,1,293,1,/pfs/pfs-7jnepv/lgd/libero_fullmatrix_20260909/evaluations/gradientfix-lgd-t10-s1-c500-e10002/audited_summary.json
ActMem-VLA,10,1,10002,500,10,1,283,1,/pfs/pfs-7jnepv/lgd/libero_fullmatrix_20260909/evaluations/gradientfix-lgd-t10-s1-c500-e10002/audited_summary.json
ActMem-VLA,10,1,10002,500,11,1,279,1,/pfs/pfs-7jnepv/lgd/libero_fullmatrix_20260909/evaluations/gradientfix-lgd-t10-s1-c500-e10002/audited_summary.json
ActMem-VLA,10,1,10002,500,12,1,283,1,/pfs/pfs-7jnepv/lgd/libero_fullmatrix_20260909/evaluations/gradientfix-lgd-t10-s1-c500-e10002/audited_summary.json
ActMem-VLA,10,1,10002,500,13,1,292,1,/pfs/pfs-7jnepv/lgd/libero_fullmatrix_20260909/evaluations/gradientfix-lgd-t10-s1-c500-e10002/audited_summary.json
ActMem-VLA,10,1,10002,500,14,1,308,1,/pfs/pfs-7jnepv/lgd/libero_fullmatrix_20260909/evaluations/gradientfix-lgd-t10-s1-c500-e10002/audited_summary.json
ActMem-VLA,10,1,10002,500,15,1,288,1,/pfs/pfs-7jnepv/lgd/libero_fullmatrix_20260909/evaluations/gradientfix-lgd-t10-s1-c500-e10002/audited_summary.json
ActMem-VLA,10,1,10002,500,16,1,287,1,/pfs/pfs-7jnepv/lgd/libero_fullmatrix_20260909/evaluations/gradientfix-lgd-t10-s1-c500-e10002/audited_summary.json
ActMem-VLA,10,1,10002,500,17,1,296,1,/pfs/pfs-7jnepv/lgd/libero_fullmatrix_20260909/evaluations/gradientfix-lgd-t10-s1-c500-e10002/audited_summary.json
ActMem-VLA,10,1,10002,500,18,1,270,1,/pfs/pfs-7jnepv/lgd/libero_fullmatrix_20260909/evaluations/gradientfix-lgd-t10-s1-c500-e10002/audited_summary.json
ActMem-VLA,10,1,10002,500,19,1,274,1,/pfs/pfs-7jnepv/lgd/libero_fullmatrix_20260909/evaluations/gradientfix-lgd-t10-s1-c500-e10002/audited_summary.json
ActMem-VLA,10,1,10003,500,0,1,280,1,/pfs/pfs-7jnepv/lgd/libero_fullmatrix_20260909/evaluations/gradientfix-lgd-t10-s1-c500-e10003/audited_summary.json
ActMem-VLA,10,1,10003,500,1,1,304,1,/pfs/pfs-7jnepv/lgd/libero_fullmatrix_20260909/evaluations/gradientfix-lgd-t10-s1-c500-e10003/audited_summary.json
ActMem-VLA,10,1,10003,500,2,1,279,1,/pfs/pfs-7jnepv/lgd/libero_fullmatrix_20260909/evaluations/gradientfix-lgd-t10-s1-c500-e10003/audited_summary.json
ActMem-VLA,10,1,10003,500,3,1,276,1,/pfs/pfs-7jnepv/lgd/libero_fullmatrix_20260909/evaluations/gradientfix-lgd-t10-s1-c500-e10003/audited_summary.json
ActMem-VLA,10,1,10003,500,4,1,282,1,/pfs/pfs-7jnepv/lgd/libero_fullmatrix_20260909/evaluations/gradientfix-lgd-t10-s1-c500-e10003/audited_summary.json
ActMem-VLA,10,1,10003,500,5,1,291,1,/pfs/pfs-7jnepv/lgd/libero_fullmatrix_20260909/evaluations/gradientfix-lgd-t10-s1-c500-e10003/audited_summary.json
ActMem-VLA,10,1,10003,500,6,1,303,1,/pfs/pfs-7jnepv/lgd/libero_fullmatrix_20260909/evaluations/gradientfix-lgd-t10-s1-c500-e10003/audited_summary.json
ActMem-VLA,10,1,10003,500,7,1,297,1,/pfs/pfs-7jnepv/lgd/libero_fullmatrix_20260909/evaluations/gradientfix-lgd-t10-s1-c500-e10003/audited_summary.json
ActMem-VLA,10,1,10003,500,8,1,300,1,/pfs/pfs-7jnepv/lgd/libero_fullmatrix_20260909/evaluations/gradientfix-lgd-t10-s1-c500-e10003/audited_summary.json
ActMem-VLA,10,1,10003,500,9,1,310,1,/pfs/pfs-7jnepv/lgd/libero_fullmatrix_20260909/evaluations/gradientfix-lgd-t10-s1-c500-e10003/audited_summary.json
ActMem-VLA,10,1,10003,500,10,1,279,1,/pfs/pfs-7jnepv/lgd/libero_fullmatrix_20260909/evaluations/gradientfix-lgd-t10-s1-c500-e10003/audited_summary.json
ActMem-VLA,10,1,10003,500,11,1,293,1,/pfs/pfs-7jnepv/lgd/libero_fullmatrix_20260909/evaluations/gradientfix-lgd-t10-s1-c500-e10003/audited_summary.json
ActMem-VLA,10,1,10003,500,12,1,299,1,/pfs/pfs-7jnepv/lgd/libero_fullmatrix_20260909/evaluations/gradientfix-lgd-t10-s1-c500-e10003/audited_summary.json
ActMem-VLA,10,1,10003,500,13,1,283,1,/pfs/pfs-7jnepv/lgd/libero_fullmatrix_20260909/evaluations/gradientfix-lgd-t10-s1-c500-e10003/audited_summary.json
ActMem-VLA,10,1,10003,500,14,1,291,1,/pfs/pfs-7jnepv/lgd/libero_fullmatrix_20260909/evaluations/gradientfix-lgd-t10-s1-c500-e10003/audited_summary.json
ActMem-VLA,10,1,10003,500,15,1,281,1,/pfs/pfs-7jnepv/lgd/libero_fullmatrix_20260909/evaluations/gradientfix-lgd-t10-s1-c500-e10003/audited_summary.json
ActMem-VLA,10,1,10003,500,16,1,288,1,/pfs/pfs-7jnepv/lgd/libero_fullmatrix_20260909/evaluations/gradientfix-lgd-t10-s1-c500-e10003/audited_summary.json
ActMem-VLA,10,1,10003,500,17,1,301,1,/pfs/pfs-7jnepv/lgd/libero_fullmatrix_20260909/evaluations/gradientfix-lgd-t10-s1-c500-e10003/audited_summary.json
ActMem-VLA,10,1,10003,500,18,1,284,1,/pfs/pfs-7jnepv/lgd/libero_fullmatrix_20260909/evaluations/gradientfix-lgd-t10-s1-c500-e10003/audited_summary.json
ActMem-VLA,10,1,10003,500,19,1,284,1,/pfs/pfs-7jnepv/lgd/libero_fullmatrix_20260909/evaluations/gradientfix-lgd-t10-s1-c500-e10003/audited_summary.json
ActMem-VLA,10,42,10001,500,0,1,281,1,/pfs/pfs-7jnepv/lgd/libero_fullmatrix_20260909/evaluations/gradientfix-lgd-t10-s42-c500-e10001/audited_summary.json
ActMem-VLA,10,42,10001,500,1,1,301,1,/pfs/pfs-7jnepv/lgd/libero_fullmatrix_20260909/evaluations/gradientfix-lgd-t10-s42-c500-e10001/audited_summary.json
ActMem-VLA,10,42,10001,500,2,1,267,1,/pfs/pfs-7jnepv/lgd/libero_fullmatrix_20260909/evaluations/gradientfix-lgd-t10-s42-c500-e10001/audited_summary.json
ActMem-VLA,10,42,10001,500,3,1,277,1,/pfs/pfs-7jnepv/lgd/libero_fullmatrix_20260909/evaluations/gradientfix-lgd-t10-s42-c500-e10001/audited_summary.json
ActMem-VLA,10,42,10001,500,4,1,308,1,/pfs/pfs-7jnepv/lgd/libero_fullmatrix_20260909/evaluations/gradientfix-lgd-t10-s42-c500-e10001/audited_summary.json
ActMem-VLA,10,42,10001,500,5,1,287,1,/pfs/pfs-7jnepv/lgd/libero_fullmatrix_20260909/evaluations/gradientfix-lgd-t10-s42-c500-e10001/audited_summary.json
ActMem-VLA,10,42,10001,500,6,1,284,1,/pfs/pfs-7jnepv/lgd/libero_fullmatrix_20260909/evaluations/gradientfix-lgd-t10-s42-c500-e10001/audited_summary.json
ActMem-VLA,10,42,10001,500,7,1,278,1,/pfs/pfs-7jnepv/lgd/libero_fullmatrix_20260909/evaluations/gradientfix-lgd-t10-s42-c500-e10001/audited_summary.json
ActMem-VLA,10,42,10001,500,8,1,278,1,/pfs/pfs-7jnepv/lgd/libero_fullmatrix_20260909/evaluations/gradientfix-lgd-t10-s42-c500-e10001/audited_summary.json
ActMem-VLA,10,42,10001,500,9,1,275,1,/pfs/pfs-7jnepv/lgd/libero_fullmatrix_20260909/evaluations/gradientfix-lgd-t10-s42-c500-e10001/audited_summary.json
ActMem-VLA,10,42,10001,500,10,1,294,1,/pfs/pfs-7jnepv/lgd/libero_fullmatrix_20260909/evaluations/gradientfix-lgd-t10-s42-c500-e10001/audited_summary.json
ActMem-VLA,10,42,10001,500,11,1,285,1,/pfs/pfs-7jnepv/lgd/libero_fullmatrix_20260909/evaluations/gradientfix-lgd-t10-s42-c500-e10001/audited_summary.json
ActMem-VLA,10,42,10001,500,12,1,286,1,/pfs/pfs-7jnepv/lgd/libero_fullmatrix_20260909/evaluations/gradientfix-lgd-t10-s42-c500-e10001/audited_summary.json
ActMem-VLA,10,42,10001,500,13,1,285,1,/pfs/pfs-7jnepv/lgd/libero_fullmatrix_20260909/evaluations/gradientfix-lgd-t10-s42-c500-e10001/audited_summary.json
ActMem-VLA,10,42,10001,500,14,1,302,1,/pfs/pfs-7jnepv/lgd/libero_fullmatrix_20260909/evaluations/gradientfix-lgd-t10-s42-c500-e10001/audited_summary.json
ActMem-VLA,10,42,10001,500,15,1,265,1,/pfs/pfs-7jnepv/lgd/libero_fullmatrix_20260909/evaluations/gradientfix-lgd-t10-s42-c500-e10001/audited_summary.json
ActMem-VLA,10,42,10001,500,16,1,279,1,/pfs/pfs-7jnepv/lgd/libero_fullmatrix_20260909/evaluations/gradientfix-lgd-t10-s42-c500-e10001/audited_summary.json
ActMem-VLA,10,42,10001,500,17,1,282,1,/pfs/pfs-7jnepv/lgd/libero_fullmatrix_20260909/evaluations/gradientfix-lgd-t10-s42-c500-e10001/audited_summary.json
ActMem-VLA,10,42,10001,500,18,1,295,1,/pfs/pfs-7jnepv/lgd/libero_fullmatrix_20260909/evaluations/gradientfix-lgd-t10-s42-c500-e10001/audited_summary.json
ActMem-VLA,10,42,10001,500,19,1,282,1,/pfs/pfs-7jnepv/lgd/libero_fullmatrix_20260909/evaluations/gradientfix-lgd-t10-s42-c500-e10001/audited_summary.json
ActMem-VLA,10,42,10002,500,0,1,278,1,/pfs/pfs-7jnepv/lgd/libero_fullmatrix_20260909/evaluations/gradientfix-lgd-t10-s42-c500-e10002/audited_summary.json
ActMem-VLA,10,42,10002,500,1,1,301,1,/pfs/pfs-7jnepv/lgd/libero_fullmatrix_20260909/evaluations/gradientfix-lgd-t10-s42-c500-e10002/audited_summary.json
ActMem-VLA,10,42,10002,500,2,1,289,1,/pfs/pfs-7jnepv/lgd/libero_fullmatrix_20260909/evaluations/gradientfix-lgd-t10-s42-c500-e10002/audited_summary.json
ActMem-VLA,10,42,10002,500,3,1,297,1,/pfs/pfs-7jnepv/lgd/libero_fullmatrix_20260909/evaluations/gradientfix-lgd-t10-s42-c500-e10002/audited_summary.json
ActMem-VLA,10,42,10002,500,4,1,291,1,/pfs/pfs-7jnepv/lgd/libero_fullmatrix_20260909/evaluations/gradientfix-lgd-t10-s42-c500-e10002/audited_summary.json
ActMem-VLA,10,42,10002,500,5,1,284,1,/pfs/pfs-7jnepv/lgd/libero_fullmatrix_20260909/evaluations/gradientfix-lgd-t10-s42-c500-e10002/audited_summary.json
ActMem-VLA,10,42,10002,500,6,1,278,1,/pfs/pfs-7jnepv/lgd/libero_fullmatrix_20260909/evaluations/gradientfix-lgd-t10-s42-c500-e10002/audited_summary.json
ActMem-VLA,10,42,10002,500,7,1,292,1,/pfs/pfs-7jnepv/lgd/libero_fullmatrix_20260909/evaluations/gradientfix-lgd-t10-s42-c500-e10002/audited_summary.json
ActMem-VLA,10,42,10002,500,8,1,286,1,/pfs/pfs-7jnepv/lgd/libero_fullmatrix_20260909/evaluations/gradientfix-lgd-t10-s42-c500-e10002/audited_summary.json
ActMem-VLA,10,42,10002,500,9,1,307,1,/pfs/pfs-7jnepv/lgd/libero_fullmatrix_20260909/evaluations/gradientfix-lgd-t10-s42-c500-e10002/audited_summary.json
ActMem-VLA,10,42,10002,500,10,1,403,1,/pfs/pfs-7jnepv/lgd/libero_fullmatrix_20260909/evaluations/gradientfix-lgd-t10-s42-c500-e10002/audited_summary.json
ActMem-VLA,10,42,10002,500,11,1,256,1,/pfs/pfs-7jnepv/lgd/libero_fullmatrix_20260909/evaluations/gradientfix-lgd-t10-s42-c500-e10002/audited_summary.json
ActMem-VLA,10,42,10002,500,12,1,280,1,/pfs/pfs-7jnepv/lgd/libero_fullmatrix_20260909/evaluations/gradientfix-lgd-t10-s42-c500-e10002/audited_summary.json
ActMem-VLA,10,42,10002,500,13,1,293,1,/pfs/pfs-7jnepv/lgd/libero_fullmatrix_20260909/evaluations/gradientfix-lgd-t10-s42-c500-e10002/audited_summary.json
ActMem-VLA,10,42,10002,500,14,1,287,1,/pfs/pfs-7jnepv/lgd/libero_fullmatrix_20260909/evaluations/gradientfix-lgd-t10-s42-c500-e10002/audited_summary.json
ActMem-VLA,10,42,10002,500,15,1,281,1,/pfs/pfs-7jnepv/lgd/libero_fullmatrix_20260909/evaluations/gradientfix-lgd-t10-s42-c500-e10002/audited_summary.json
ActMem-VLA,10,42,10002,500,16,1,294,1,/pfs/pfs-7jnepv/lgd/libero_fullmatrix_20260909/evaluations/gradientfix-lgd-t10-s42-c500-e10002/audited_summary.json
ActMem-VLA,10,42,10002,500,17,1,290,1,/pfs/pfs-7jnepv/lgd/libero_fullmatrix_20260909/evaluations/gradientfix-lgd-t10-s42-c500-e10002/audited_summary.json
ActMem-VLA,10,42,10002,500,18,1,276,1,/pfs/pfs-7jnepv/lgd/libero_fullmatrix_20260909/evaluations/gradientfix-lgd-t10-s42-c500-e10002/audited_summary.json
ActMem-VLA,10,42,10002,500,19,1,284,1,/pfs/pfs-7jnepv/lgd/libero_fullmatrix_20260909/evaluations/gradientfix-lgd-t10-s42-c500-e10002/audited_summary.json
ActMem-VLA,10,42,10003,500,0,1,295,1,/pfs/pfs-7jnepv/lgd/libero_fullmatrix_20260909/evaluations/gradientfix-lgd-t10-s42-c500-e10003/audited_summary.json
ActMem-VLA,10,42,10003,500,1,1,284,1,/pfs/pfs-7jnepv/lgd/libero_fullmatrix_20260909/evaluations/gradientfix-lgd-t10-s42-c500-e10003/audited_summary.json
ActMem-VLA,10,42,10003,500,2,1,276,1,/pfs/pfs-7jnepv/lgd/libero_fullmatrix_20260909/evaluations/gradientfix-lgd-t10-s42-c500-e10003/audited_summary.json
ActMem-VLA,10,42,10003,500,3,1,319,1,/pfs/pfs-7jnepv/lgd/libero_fullmatrix_20260909/evaluations/gradientfix-lgd-t10-s42-c500-e10003/audited_summary.json
ActMem-VLA,10,42,10003,500,4,1,312,1,/pfs/pfs-7jnepv/lgd/libero_fullmatrix_20260909/evaluations/gradientfix-lgd-t10-s42-c500-e10003/audited_summary.json
ActMem-VLA,10,42,10003,500,5,1,316,1,/pfs/pfs-7jnepv/lgd/libero_fullmatrix_20260909/evaluations/gradientfix-lgd-t10-s42-c500-e10003/audited_summary.json
ActMem-VLA,10,42,10003,500,6,1,278,1,/pfs/pfs-7jnepv/lgd/libero_fullmatrix_20260909/evaluations/gradientfix-lgd-t10-s42-c500-e10003/audited_summary.json
ActMem-VLA,10,42,10003,500,7,1,274,1,/pfs/pfs-7jnepv/lgd/libero_fullmatrix_20260909/evaluations/gradientfix-lgd-t10-s42-c500-e10003/audited_summary.json
ActMem-VLA,10,42,10003,500,8,1,280,1,/pfs/pfs-7jnepv/lgd/libero_fullmatrix_20260909/evaluations/gradientfix-lgd-t10-s42-c500-e10003/audited_summary.json
ActMem-VLA,10,42,10003,500,9,1,297,1,/pfs/pfs-7jnepv/lgd/libero_fullmatrix_20260909/evaluations/gradientfix-lgd-t10-s42-c500-e10003/audited_summary.json
ActMem-VLA,10,42,10003,500,10,1,313,1,/pfs/pfs-7jnepv/lgd/libero_fullmatrix_20260909/evaluations/gradientfix-lgd-t10-s42-c500-e10003/audited_summary.json
ActMem-VLA,10,42,10003,500,11,1,284,1,/pfs/pfs-7jnepv/lgd/libero_fullmatrix_20260909/evaluations/gradientfix-lgd-t10-s42-c500-e10003/audited_summary.json
ActMem-VLA,10,42,10003,500,12,1,265,1,/pfs/pfs-7jnepv/lgd/libero_fullmatrix_20260909/evaluations/gradientfix-lgd-t10-s42-c500-e10003/audited_summary.json
ActMem-VLA,10,42,10003,500,13,1,286,1,/pfs/pfs-7jnepv/lgd/libero_fullmatrix_20260909/evaluations/gradientfix-lgd-t10-s42-c500-e10003/audited_summary.json
ActMem-VLA,10,42,10003,500,14,1,292,1,/pfs/pfs-7jnepv/lgd/libero_fullmatrix_20260909/evaluations/gradientfix-lgd-t10-s42-c500-e10003/audited_summary.json
ActMem-VLA,10,42,10003,500,15,1,268,1,/pfs/pfs-7jnepv/lgd/libero_fullmatrix_20260909/evaluations/gradientfix-lgd-t10-s42-c500-e10003/audited_summary.json
ActMem-VLA,10,42,10003,500,16,1,264,1,/pfs/pfs-7jnepv/lgd/libero_fullmatrix_20260909/evaluations/gradientfix-lgd-t10-s42-c500-e10003/audited_summary.json
ActMem-VLA,10,42,10003,500,17,1,285,1,/pfs/pfs-7jnepv/lgd/libero_fullmatrix_20260909/evaluations/gradientfix-lgd-t10-s42-c500-e10003/audited_summary.json
ActMem-VLA,10,42,10003,500,18,1,287,1,/pfs/pfs-7jnepv/lgd/libero_fullmatrix_20260909/evaluations/gradientfix-lgd-t10-s42-c500-e10003/audited_summary.json
ActMem-VLA,10,42,10003,500,19,1,258,1,/pfs/pfs-7jnepv/lgd/libero_fullmatrix_20260909/evaluations/gradientfix-lgd-t10-s42-c500-e10003/audited_summary.json
pi05,1,42,10001,49999,0,1,133,1,/pfs/pfs-7jnepv/lgd/libero_fullmatrix_20260909/evaluations/pi05-t1-c49999-e10001/audited_summary.json
pi05,1,42,10001,49999,1,1,127,1,/pfs/pfs-7jnepv/lgd/libero_fullmatrix_20260909/evaluations/pi05-t1-c49999-e10001/audited_summary.json
pi05,1,42,10001,49999,2,1,165,1,/pfs/pfs-7jnepv/lgd/libero_fullmatrix_20260909/evaluations/pi05-t1-c49999-e10001/audited_summary.json
pi05,1,42,10001,49999,3,1,122,1,/pfs/pfs-7jnepv/lgd/libero_fullmatrix_20260909/evaluations/pi05-t1-c49999-e10001/audited_summary.json
pi05,1,42,10001,49999,4,1,217,1,/pfs/pfs-7jnepv/lgd/libero_fullmatrix_20260909/evaluations/pi05-t1-c49999-e10001/audited_summary.json
pi05,1,42,10001,49999,5,1,135,1,/pfs/pfs-7jnepv/lgd/libero_fullmatrix_20260909/evaluations/pi05-t1-c49999-e10001/audited_summary.json
pi05,1,42,10001,49999,6,1,103,1,/pfs/pfs-7jnepv/lgd/libero_fullmatrix_20260909/evaluations/pi05-t1-c49999-e10001/audited_summary.json
pi05,1,42,10001,49999,7,1,80,1,/pfs/pfs-7jnepv/lgd/libero_fullmatrix_20260909/evaluations/pi05-t1-c49999-e10001/audited_summary.json
pi05,1,42,10001,49999,8,1,99,1,/pfs/pfs-7jnepv/lgd/libero_fullmatrix_20260909/evaluations/pi05-t1-c49999-e10001/audited_summary.json
pi05,1,42,10001,49999,9,1,140,1,/pfs/pfs-7jnepv/lgd/libero_fullmatrix_20260909/evaluations/pi05-t1-c49999-e10001/audited_summary.json
pi05,1,42,10001,49999,10,1,128,1,/pfs/pfs-7jnepv/lgd/libero_fullmatrix_20260909/evaluations/pi05-t1-c49999-e10001/audited_summary.json
pi05,1,42,10001,49999,11,1,285,1,/pfs/pfs-7jnepv/lgd/libero_fullmatrix_20260909/evaluations/pi05-t1-c49999-e10001/audited_summary.json
pi05,1,42,10001,49999,12,1,93,1,/pfs/pfs-7jnepv/lgd/libero_fullmatrix_20260909/evaluations/pi05-t1-c49999-e10001/audited_summary.json
pi05,1,42,10001,49999,13,1,167,1,/pfs/pfs-7jnepv/lgd/libero_fullmatrix_20260909/evaluations/pi05-t1-c49999-e10001/audited_summary.json
pi05,1,42,10001,49999,14,1,119,1,/pfs/pfs-7jnepv/lgd/libero_fullmatrix_20260909/evaluations/pi05-t1-c49999-e10001/audited_summary.json
pi05,1,42,10001,49999,15,1,166,1,/pfs/pfs-7jnepv/lgd/libero_fullmatrix_20260909/evaluations/pi05-t1-c49999-e10001/audited_summary.json
pi05,1,42,10001,49999,16,1,130,1,/pfs/pfs-7jnepv/lgd/libero_fullmatrix_20260909/evaluations/pi05-t1-c49999-e10001/audited_summary.json
pi05,1,42,10001,49999,17,1,181,1,/pfs/pfs-7jnepv/lgd/libero_fullmatrix_20260909/evaluations/pi05-t1-c49999-e10001/audited_summary.json
pi05,1,42,10001,49999,18,1,100,1,/pfs/pfs-7jnepv/lgd/libero_fullmatrix_20260909/evaluations/pi05-t1-c49999-e10001/audited_summary.json
pi05,1,42,10001,49999,19,1,125,1,/pfs/pfs-7jnepv/lgd/libero_fullmatrix_20260909/evaluations/pi05-t1-c49999-e10001/audited_summary.json
pi05,1,42,10002,49999,0,1,121,1,/pfs/pfs-7jnepv/lgd/libero_fullmatrix_20260909/evaluations/pi05-t1-c49999-e10002/audited_summary.json
pi05,1,42,10002,49999,1,1,204,1,/pfs/pfs-7jnepv/lgd/libero_fullmatrix_20260909/evaluations/pi05-t1-c49999-e10002/audited_summary.json
pi05,1,42,10002,49999,2,1,120,1,/pfs/pfs-7jnepv/lgd/libero_fullmatrix_20260909/evaluations/pi05-t1-c49999-e10002/audited_summary.json
pi05,1,42,10002,49999,3,1,127,1,/pfs/pfs-7jnepv/lgd/libero_fullmatrix_20260909/evaluations/pi05-t1-c49999-e10002/audited_summary.json
pi05,1,42,10002,49999,4,1,131,1,/pfs/pfs-7jnepv/lgd/libero_fullmatrix_20260909/evaluations/pi05-t1-c49999-e10002/audited_summary.json
pi05,1,42,10002,49999,5,1,132,1,/pfs/pfs-7jnepv/lgd/libero_fullmatrix_20260909/evaluations/pi05-t1-c49999-e10002/audited_summary.json
pi05,1,42,10002,49999,6,1,210,1,/pfs/pfs-7jnepv/lgd/libero_fullmatrix_20260909/evaluations/pi05-t1-c49999-e10002/audited_summary.json
pi05,1,42,10002,49999,7,1,112,1,/pfs/pfs-7jnepv/lgd/libero_fullmatrix_20260909/evaluations/pi05-t1-c49999-e10002/audited_summary.json
pi05,1,42,10002,49999,8,1,129,1,/pfs/pfs-7jnepv/lgd/libero_fullmatrix_20260909/evaluations/pi05-t1-c49999-e10002/audited_summary.json
pi05,1,42,10002,49999,9,1,136,1,/pfs/pfs-7jnepv/lgd/libero_fullmatrix_20260909/evaluations/pi05-t1-c49999-e10002/audited_summary.json
pi05,1,42,10002,49999,10,1,99,1,/pfs/pfs-7jnepv/lgd/libero_fullmatrix_20260909/evaluations/pi05-t1-c49999-e10002/audited_summary.json
pi05,1,42,10002,49999,11,1,124,1,/pfs/pfs-7jnepv/lgd/libero_fullmatrix_20260909/evaluations/pi05-t1-c49999-e10002/audited_summary.json
pi05,1,42,10002,49999,12,1,165,1,/pfs/pfs-7jnepv/lgd/libero_fullmatrix_20260909/evaluations/pi05-t1-c49999-e10002/audited_summary.json
pi05,1,42,10002,49999,13,1,198,1,/pfs/pfs-7jnepv/lgd/libero_fullmatrix_20260909/evaluations/pi05-t1-c49999-e10002/audited_summary.json
pi05,1,42,10002,49999,14,1,120,1,/pfs/pfs-7jnepv/lgd/libero_fullmatrix_20260909/evaluations/pi05-t1-c49999-e10002/audited_summary.json
pi05,1,42,10002,49999,15,1,127,1,/pfs/pfs-7jnepv/lgd/libero_fullmatrix_20260909/evaluations/pi05-t1-c49999-e10002/audited_summary.json
pi05,1,42,10002,49999,16,1,125,1,/pfs/pfs-7jnepv/lgd/libero_fullmatrix_20260909/evaluations/pi05-t1-c49999-e10002/audited_summary.json
pi05,1,42,10002,49999,17,1,103,1,/pfs/pfs-7jnepv/lgd/libero_fullmatrix_20260909/evaluations/pi05-t1-c49999-e10002/audited_summary.json
pi05,1,42,10002,49999,18,1,132,1,/pfs/pfs-7jnepv/lgd/libero_fullmatrix_20260909/evaluations/pi05-t1-c49999-e10002/audited_summary.json
pi05,1,42,10002,49999,19,1,127,1,/pfs/pfs-7jnepv/lgd/libero_fullmatrix_20260909/evaluations/pi05-t1-c49999-e10002/audited_summary.json
pi05,1,42,10003,49999,0,1,150,1,/pfs/pfs-7jnepv/lgd/libero_fullmatrix_20260909/evaluations/pi05-t1-c49999-e10003/audited_summary.json
pi05,1,42,10003,49999,1,1,131,1,/pfs/pfs-7jnepv/lgd/libero_fullmatrix_20260909/evaluations/pi05-t1-c49999-e10003/audited_summary.json
pi05,1,42,10003,49999,2,1,208,1,/pfs/pfs-7jnepv/lgd/libero_fullmatrix_20260909/evaluations/pi05-t1-c49999-e10003/audited_summary.json
pi05,1,42,10003,49999,3,1,127,1,/pfs/pfs-7jnepv/lgd/libero_fullmatrix_20260909/evaluations/pi05-t1-c49999-e10003/audited_summary.json
pi05,1,42,10003,49999,4,1,134,1,/pfs/pfs-7jnepv/lgd/libero_fullmatrix_20260909/evaluations/pi05-t1-c49999-e10003/audited_summary.json
pi05,1,42,10003,49999,5,1,133,1,/pfs/pfs-7jnepv/lgd/libero_fullmatrix_20260909/evaluations/pi05-t1-c49999-e10003/audited_summary.json
pi05,1,42,10003,49999,6,1,195,1,/pfs/pfs-7jnepv/lgd/libero_fullmatrix_20260909/evaluations/pi05-t1-c49999-e10003/audited_summary.json
pi05,1,42,10003,49999,7,1,109,1,/pfs/pfs-7jnepv/lgd/libero_fullmatrix_20260909/evaluations/pi05-t1-c49999-e10003/audited_summary.json
pi05,1,42,10003,49999,8,1,133,1,/pfs/pfs-7jnepv/lgd/libero_fullmatrix_20260909/evaluations/pi05-t1-c49999-e10003/audited_summary.json
pi05,1,42,10003,49999,9,1,126,1,/pfs/pfs-7jnepv/lgd/libero_fullmatrix_20260909/evaluations/pi05-t1-c49999-e10003/audited_summary.json
pi05,1,42,10003,49999,10,1,224,1,/pfs/pfs-7jnepv/lgd/libero_fullmatrix_20260909/evaluations/pi05-t1-c49999-e10003/audited_summary.json
pi05,1,42,10003,49999,11,1,272,1,/pfs/pfs-7jnepv/lgd/libero_fullmatrix_20260909/evaluations/pi05-t1-c49999-e10003/audited_summary.json
pi05,1,42,10003,49999,12,1,129,1,/pfs/pfs-7jnepv/lgd/libero_fullmatrix_20260909/evaluations/pi05-t1-c49999-e10003/audited_summary.json
pi05,1,42,10003,49999,13,1,292,1,/pfs/pfs-7jnepv/lgd/libero_fullmatrix_20260909/evaluations/pi05-t1-c49999-e10003/audited_summary.json
pi05,1,42,10003,49999,14,1,121,1,/pfs/pfs-7jnepv/lgd/libero_fullmatrix_20260909/evaluations/pi05-t1-c49999-e10003/audited_summary.json
pi05,1,42,10003,49999,15,1,196,1,/pfs/pfs-7jnepv/lgd/libero_fullmatrix_20260909/evaluations/pi05-t1-c49999-e10003/audited_summary.json
pi05,1,42,10003,49999,16,1,206,1,/pfs/pfs-7jnepv/lgd/libero_fullmatrix_20260909/evaluations/pi05-t1-c49999-e10003/audited_summary.json
pi05,1,42,10003,49999,17,1,124,1,/pfs/pfs-7jnepv/lgd/libero_fullmatrix_20260909/evaluations/pi05-t1-c49999-e10003/audited_summary.json
pi05,1,42,10003,49999,18,1,135,1,/pfs/pfs-7jnepv/lgd/libero_fullmatrix_20260909/evaluations/pi05-t1-c49999-e10003/audited_summary.json
pi05,1,42,10003,49999,19,1,207,1,/pfs/pfs-7jnepv/lgd/libero_fullmatrix_20260909/evaluations/pi05-t1-c49999-e10003/audited_summary.json
pi05,2,42,10001,49999,0,1,140,1,/pfs/pfs-7jnepv/lgd/libero_fullmatrix_20260909/evaluations/pi05-t2-c49999-e10001/audited_summary.json
pi05,2,42,10001,49999,1,1,91,1,/pfs/pfs-7jnepv/lgd/libero_fullmatrix_20260909/evaluations/pi05-t2-c49999-e10001/audited_summary.json
pi05,2,42,10001,49999,2,1,88,1,/pfs/pfs-7jnepv/lgd/libero_fullmatrix_20260909/evaluations/pi05-t2-c49999-e10001/audited_summary.json
pi05,2,42,10001,49999,3,1,203,1,/pfs/pfs-7jnepv/lgd/libero_fullmatrix_20260909/evaluations/pi05-t2-c49999-e10001/audited_summary.json
pi05,2,42,10001,49999,4,1,112,1,/pfs/pfs-7jnepv/lgd/libero_fullmatrix_20260909/evaluations/pi05-t2-c49999-e10001/audited_summary.json
pi05,2,42,10001,49999,5,1,117,1,/pfs/pfs-7jnepv/lgd/libero_fullmatrix_20260909/evaluations/pi05-t2-c49999-e10001/audited_summary.json
pi05,2,42,10001,49999,6,1,125,1,/pfs/pfs-7jnepv/lgd/libero_fullmatrix_20260909/evaluations/pi05-t2-c49999-e10001/audited_summary.json
pi05,2,42,10001,49999,7,1,110,1,/pfs/pfs-7jnepv/lgd/libero_fullmatrix_20260909/evaluations/pi05-t2-c49999-e10001/audited_summary.json
pi05,2,42,10001,49999,8,1,143,1,/pfs/pfs-7jnepv/lgd/libero_fullmatrix_20260909/evaluations/pi05-t2-c49999-e10001/audited_summary.json
pi05,2,42,10001,49999,9,1,131,1,/pfs/pfs-7jnepv/lgd/libero_fullmatrix_20260909/evaluations/pi05-t2-c49999-e10001/audited_summary.json
pi05,2,42,10001,49999,10,1,184,1,/pfs/pfs-7jnepv/lgd/libero_fullmatrix_20260909/evaluations/pi05-t2-c49999-e10001/audited_summary.json
pi05,2,42,10001,49999,11,1,251,1,/pfs/pfs-7jnepv/lgd/libero_fullmatrix_20260909/evaluations/pi05-t2-c49999-e10001/audited_summary.json
pi05,2,42,10001,49999,12,1,191,1,/pfs/pfs-7jnepv/lgd/libero_fullmatrix_20260909/evaluations/pi05-t2-c49999-e10001/audited_summary.json
pi05,2,42,10001,49999,13,1,112,1,/pfs/pfs-7jnepv/lgd/libero_fullmatrix_20260909/evaluations/pi05-t2-c49999-e10001/audited_summary.json
pi05,2,42,10001,49999,14,1,169,1,/pfs/pfs-7jnepv/lgd/libero_fullmatrix_20260909/evaluations/pi05-t2-c49999-e10001/audited_summary.json
pi05,2,42,10001,49999,15,1,101,1,/pfs/pfs-7jnepv/lgd/libero_fullmatrix_20260909/evaluations/pi05-t2-c49999-e10001/audited_summary.json
pi05,2,42,10001,49999,16,1,96,1,/pfs/pfs-7jnepv/lgd/libero_fullmatrix_20260909/evaluations/pi05-t2-c49999-e10001/audited_summary.json
pi05,2,42,10001,49999,17,1,280,1,/pfs/pfs-7jnepv/lgd/libero_fullmatrix_20260909/evaluations/pi05-t2-c49999-e10001/audited_summary.json
pi05,2,42,10001,49999,18,1,88,1,/pfs/pfs-7jnepv/lgd/libero_fullmatrix_20260909/evaluations/pi05-t2-c49999-e10001/audited_summary.json
pi05,2,42,10001,49999,19,1,158,1,/pfs/pfs-7jnepv/lgd/libero_fullmatrix_20260909/evaluations/pi05-t2-c49999-e10001/audited_summary.json
pi05,2,42,10002,49999,0,1,186,1,/pfs/pfs-7jnepv/lgd/libero_fullmatrix_20260909/evaluations/pi05-t2-c49999-e10002/audited_summary.json
pi05,2,42,10002,49999,1,1,125,1,/pfs/pfs-7jnepv/lgd/libero_fullmatrix_20260909/evaluations/pi05-t2-c49999-e10002/audited_summary.json
pi05,2,42,10002,49999,2,1,150,1,/pfs/pfs-7jnepv/lgd/libero_fullmatrix_20260909/evaluations/pi05-t2-c49999-e10002/audited_summary.json
pi05,2,42,10002,49999,3,1,214,1,/pfs/pfs-7jnepv/lgd/libero_fullmatrix_20260909/evaluations/pi05-t2-c49999-e10002/audited_summary.json
pi05,2,42,10002,49999,4,1,251,1,/pfs/pfs-7jnepv/lgd/libero_fullmatrix_20260909/evaluations/pi05-t2-c49999-e10002/audited_summary.json
pi05,2,42,10002,49999,5,1,266,1,/pfs/pfs-7jnepv/lgd/libero_fullmatrix_20260909/evaluations/pi05-t2-c49999-e10002/audited_summary.json
pi05,2,42,10002,49999,6,1,165,1,/pfs/pfs-7jnepv/lgd/libero_fullmatrix_20260909/evaluations/pi05-t2-c49999-e10002/audited_summary.json
pi05,2,42,10002,49999,7,1,175,1,/pfs/pfs-7jnepv/lgd/libero_fullmatrix_20260909/evaluations/pi05-t2-c49999-e10002/audited_summary.json
pi05,2,42,10002,49999,8,1,121,1,/pfs/pfs-7jnepv/lgd/libero_fullmatrix_20260909/evaluations/pi05-t2-c49999-e10002/audited_summary.json
pi05,2,42,10002,49999,9,1,131,1,/pfs/pfs-7jnepv/lgd/libero_fullmatrix_20260909/evaluations/pi05-t2-c49999-e10002/audited_summary.json
pi05,2,42,10002,49999,10,1,118,1,/pfs/pfs-7jnepv/lgd/libero_fullmatrix_20260909/evaluations/pi05-t2-c49999-e10002/audited_summary.json
pi05,2,42,10002,49999,11,1,161,1,/pfs/pfs-7jnepv/lgd/libero_fullmatrix_20260909/evaluations/pi05-t2-c49999-e10002/audited_summary.json
pi05,2,42,10002,49999,12,1,132,1,/pfs/pfs-7jnepv/lgd/libero_fullmatrix_20260909/evaluations/pi05-t2-c49999-e10002/audited_summary.json
pi05,2,42,10002,49999,13,1,99,1,/pfs/pfs-7jnepv/lgd/libero_fullmatrix_20260909/evaluations/pi05-t2-c49999-e10002/audited_summary.json
pi05,2,42,10002,49999,14,1,129,1,/pfs/pfs-7jnepv/lgd/libero_fullmatrix_20260909/evaluations/pi05-t2-c49999-e10002/audited_summary.json
pi05,2,42,10002,49999,15,1,181,1,/pfs/pfs-7jnepv/lgd/libero_fullmatrix_20260909/evaluations/pi05-t2-c49999-e10002/audited_summary.json
pi05,2,42,10002,49999,16,1,137,1,/pfs/pfs-7jnepv/lgd/libero_fullmatrix_20260909/evaluations/pi05-t2-c49999-e10002/audited_summary.json
pi05,2,42,10002,49999,17,1,99,1,/pfs/pfs-7jnepv/lgd/libero_fullmatrix_20260909/evaluations/pi05-t2-c49999-e10002/audited_summary.json
pi05,2,42,10002,49999,18,1,172,1,/pfs/pfs-7jnepv/lgd/libero_fullmatrix_20260909/evaluations/pi05-t2-c49999-e10002/audited_summary.json
pi05,2,42,10002,49999,19,1,133,1,/pfs/pfs-7jnepv/lgd/libero_fullmatrix_20260909/evaluations/pi05-t2-c49999-e10002/audited_summary.json
pi05,2,42,10003,49999,0,1,120,1,/pfs/pfs-7jnepv/lgd/libero_fullmatrix_20260909/evaluations/pi05-t2-c49999-e10003/audited_summary.json
pi05,2,42,10003,49999,1,1,93,1,/pfs/pfs-7jnepv/lgd/libero_fullmatrix_20260909/evaluations/pi05-t2-c49999-e10003/audited_summary.json
pi05,2,42,10003,49999,2,1,205,1,/pfs/pfs-7jnepv/lgd/libero_fullmatrix_20260909/evaluations/pi05-t2-c49999-e10003/audited_summary.json
pi05,2,42,10003,49999,3,1,139,1,/pfs/pfs-7jnepv/lgd/libero_fullmatrix_20260909/evaluations/pi05-t2-c49999-e10003/audited_summary.json
pi05,2,42,10003,49999,4,1,108,1,/pfs/pfs-7jnepv/lgd/libero_fullmatrix_20260909/evaluations/pi05-t2-c49999-e10003/audited_summary.json
pi05,2,42,10003,49999,5,1,120,1,/pfs/pfs-7jnepv/lgd/libero_fullmatrix_20260909/evaluations/pi05-t2-c49999-e10003/audited_summary.json
pi05,2,42,10003,49999,6,1,95,1,/pfs/pfs-7jnepv/lgd/libero_fullmatrix_20260909/evaluations/pi05-t2-c49999-e10003/audited_summary.json
pi05,2,42,10003,49999,7,1,233,1,/pfs/pfs-7jnepv/lgd/libero_fullmatrix_20260909/evaluations/pi05-t2-c49999-e10003/audited_summary.json
pi05,2,42,10003,49999,8,1,128,1,/pfs/pfs-7jnepv/lgd/libero_fullmatrix_20260909/evaluations/pi05-t2-c49999-e10003/audited_summary.json
pi05,2,42,10003,49999,9,1,189,1,/pfs/pfs-7jnepv/lgd/libero_fullmatrix_20260909/evaluations/pi05-t2-c49999-e10003/audited_summary.json
pi05,2,42,10003,49999,10,1,114,1,/pfs/pfs-7jnepv/lgd/libero_fullmatrix_20260909/evaluations/pi05-t2-c49999-e10003/audited_summary.json
pi05,2,42,10003,49999,11,1,248,1,/pfs/pfs-7jnepv/lgd/libero_fullmatrix_20260909/evaluations/pi05-t2-c49999-e10003/audited_summary.json
pi05,2,42,10003,49999,12,1,117,1,/pfs/pfs-7jnepv/lgd/libero_fullmatrix_20260909/evaluations/pi05-t2-c49999-e10003/audited_summary.json
pi05,2,42,10003,49999,13,1,96,1,/pfs/pfs-7jnepv/lgd/libero_fullmatrix_20260909/evaluations/pi05-t2-c49999-e10003/audited_summary.json
pi05,2,42,10003,49999,14,1,137,1,/pfs/pfs-7jnepv/lgd/libero_fullmatrix_20260909/evaluations/pi05-t2-c49999-e10003/audited_summary.json
pi05,2,42,10003,49999,15,1,175,1,/pfs/pfs-7jnepv/lgd/libero_fullmatrix_20260909/evaluations/pi05-t2-c49999-e10003/audited_summary.json
pi05,2,42,10003,49999,16,1,162,1,/pfs/pfs-7jnepv/lgd/libero_fullmatrix_20260909/evaluations/pi05-t2-c49999-e10003/audited_summary.json
pi05,2,42,10003,49999,17,1,109,1,/pfs/pfs-7jnepv/lgd/libero_fullmatrix_20260909/evaluations/pi05-t2-c49999-e10003/audited_summary.json
pi05,2,42,10003,49999,18,1,125,1,/pfs/pfs-7jnepv/lgd/libero_fullmatrix_20260909/evaluations/pi05-t2-c49999-e10003/audited_summary.json
pi05,2,42,10003,49999,19,1,127,1,/pfs/pfs-7jnepv/lgd/libero_fullmatrix_20260909/evaluations/pi05-t2-c49999-e10003/audited_summary.json
pi05,3,42,10001,49999,0,1,430,1,/pfs/pfs-7jnepv/lgd/libero_fullmatrix_20260909/evaluations/pi05-t3-c49999-e10001/audited_summary.json
pi05,3,42,10001,49999,1,1,391,1,/pfs/pfs-7jnepv/lgd/libero_fullmatrix_20260909/evaluations/pi05-t3-c49999-e10001/audited_summary.json
pi05,3,42,10001,49999,2,1,396,1,/pfs/pfs-7jnepv/lgd/libero_fullmatrix_20260909/evaluations/pi05-t3-c49999-e10001/audited_summary.json
pi05,3,42,10001,49999,3,1,324,1,/pfs/pfs-7jnepv/lgd/libero_fullmatrix_20260909/evaluations/pi05-t3-c49999-e10001/audited_summary.json
pi05,3,42,10001,49999,4,1,351,1,/pfs/pfs-7jnepv/lgd/libero_fullmatrix_20260909/evaluations/pi05-t3-c49999-e10001/audited_summary.json
pi05,3,42,10001,49999,5,1,454,1,/pfs/pfs-7jnepv/lgd/libero_fullmatrix_20260909/evaluations/pi05-t3-c49999-e10001/audited_summary.json
pi05,3,42,10001,49999,6,1,302,1,/pfs/pfs-7jnepv/lgd/libero_fullmatrix_20260909/evaluations/pi05-t3-c49999-e10001/audited_summary.json
pi05,3,42,10001,49999,7,1,321,1,/pfs/pfs-7jnepv/lgd/libero_fullmatrix_20260909/evaluations/pi05-t3-c49999-e10001/audited_summary.json
pi05,3,42,10001,49999,8,1,302,1,/pfs/pfs-7jnepv/lgd/libero_fullmatrix_20260909/evaluations/pi05-t3-c49999-e10001/audited_summary.json
pi05,3,42,10001,49999,9,1,379,1,/pfs/pfs-7jnepv/lgd/libero_fullmatrix_20260909/evaluations/pi05-t3-c49999-e10001/audited_summary.json
pi05,3,42,10001,49999,10,1,247,1,/pfs/pfs-7jnepv/lgd/libero_fullmatrix_20260909/evaluations/pi05-t3-c49999-e10001/audited_summary.json
pi05,3,42,10001,49999,11,1,247,1,/pfs/pfs-7jnepv/lgd/libero_fullmatrix_20260909/evaluations/pi05-t3-c49999-e10001/audited_summary.json
pi05,3,42,10001,49999,12,1,276,1,/pfs/pfs-7jnepv/lgd/libero_fullmatrix_20260909/evaluations/pi05-t3-c49999-e10001/audited_summary.json
pi05,3,42,10001,49999,13,1,231,1,/pfs/pfs-7jnepv/lgd/libero_fullmatrix_20260909/evaluations/pi05-t3-c49999-e10001/audited_summary.json
pi05,3,42,10001,49999,14,1,361,1,/pfs/pfs-7jnepv/lgd/libero_fullmatrix_20260909/evaluations/pi05-t3-c49999-e10001/audited_summary.json
pi05,3,42,10001,49999,15,1,336,1,/pfs/pfs-7jnepv/lgd/libero_fullmatrix_20260909/evaluations/pi05-t3-c49999-e10001/audited_summary.json
pi05,3,42,10001,49999,16,1,267,1,/pfs/pfs-7jnepv/lgd/libero_fullmatrix_20260909/evaluations/pi05-t3-c49999-e10001/audited_summary.json
pi05,3,42,10001,49999,17,1,307,1,/pfs/pfs-7jnepv/lgd/libero_fullmatrix_20260909/evaluations/pi05-t3-c49999-e10001/audited_summary.json
pi05,3,42,10001,49999,18,1,281,1,/pfs/pfs-7jnepv/lgd/libero_fullmatrix_20260909/evaluations/pi05-t3-c49999-e10001/audited_summary.json
pi05,3,42,10001,49999,19,1,301,1,/pfs/pfs-7jnepv/lgd/libero_fullmatrix_20260909/evaluations/pi05-t3-c49999-e10001/audited_summary.json
pi05,3,42,10002,49999,0,1,291,1,/pfs/pfs-7jnepv/lgd/libero_fullmatrix_20260909/evaluations/pi05-t3-c49999-e10002/audited_summary.json
pi05,3,42,10002,49999,1,1,206,1,/pfs/pfs-7jnepv/lgd/libero_fullmatrix_20260909/evaluations/pi05-t3-c49999-e10002/audited_summary.json
pi05,3,42,10002,49999,2,0,600,0,/pfs/pfs-7jnepv/lgd/libero_fullmatrix_20260909/evaluations/pi05-t3-c49999-e10002/audited_summary.json
pi05,3,42,10002,49999,3,1,372,1,/pfs/pfs-7jnepv/lgd/libero_fullmatrix_20260909/evaluations/pi05-t3-c49999-e10002/audited_summary.json
pi05,3,42,10002,49999,4,1,301,1,/pfs/pfs-7jnepv/lgd/libero_fullmatrix_20260909/evaluations/pi05-t3-c49999-e10002/audited_summary.json
pi05,3,42,10002,49999,5,1,407,1,/pfs/pfs-7jnepv/lgd/libero_fullmatrix_20260909/evaluations/pi05-t3-c49999-e10002/audited_summary.json
pi05,3,42,10002,49999,6,1,367,1,/pfs/pfs-7jnepv/lgd/libero_fullmatrix_20260909/evaluations/pi05-t3-c49999-e10002/audited_summary.json
pi05,3,42,10002,49999,7,1,441,1,/pfs/pfs-7jnepv/lgd/libero_fullmatrix_20260909/evaluations/pi05-t3-c49999-e10002/audited_summary.json
pi05,3,42,10002,49999,8,1,292,1,/pfs/pfs-7jnepv/lgd/libero_fullmatrix_20260909/evaluations/pi05-t3-c49999-e10002/audited_summary.json
pi05,3,42,10002,49999,9,1,267,1,/pfs/pfs-7jnepv/lgd/libero_fullmatrix_20260909/evaluations/pi05-t3-c49999-e10002/audited_summary.json
pi05,3,42,10002,49999,10,1,305,1,/pfs/pfs-7jnepv/lgd/libero_fullmatrix_20260909/evaluations/pi05-t3-c49999-e10002/audited_summary.json
pi05,3,42,10002,49999,11,1,244,1,/pfs/pfs-7jnepv/lgd/libero_fullmatrix_20260909/evaluations/pi05-t3-c49999-e10002/audited_summary.json
pi05,3,42,10002,49999,12,1,426,1,/pfs/pfs-7jnepv/lgd/libero_fullmatrix_20260909/evaluations/pi05-t3-c49999-e10002/audited_summary.json
pi05,3,42,10002,49999,13,1,228,1,/pfs/pfs-7jnepv/lgd/libero_fullmatrix_20260909/evaluations/pi05-t3-c49999-e10002/audited_summary.json
pi05,3,42,10002,49999,14,1,370,1,/pfs/pfs-7jnepv/lgd/libero_fullmatrix_20260909/evaluations/pi05-t3-c49999-e10002/audited_summary.json
pi05,3,42,10002,49999,15,1,279,1,/pfs/pfs-7jnepv/lgd/libero_fullmatrix_20260909/evaluations/pi05-t3-c49999-e10002/audited_summary.json
pi05,3,42,10002,49999,16,1,328,1,/pfs/pfs-7jnepv/lgd/libero_fullmatrix_20260909/evaluations/pi05-t3-c49999-e10002/audited_summary.json
pi05,3,42,10002,49999,17,1,401,1,/pfs/pfs-7jnepv/lgd/libero_fullmatrix_20260909/evaluations/pi05-t3-c49999-e10002/audited_summary.json
pi05,3,42,10002,49999,18,1,251,1,/pfs/pfs-7jnepv/lgd/libero_fullmatrix_20260909/evaluations/pi05-t3-c49999-e10002/audited_summary.json
pi05,3,42,10002,49999,19,1,355,1,/pfs/pfs-7jnepv/lgd/libero_fullmatrix_20260909/evaluations/pi05-t3-c49999-e10002/audited_summary.json
pi05,3,42,10003,49999,0,1,359,1,/pfs/pfs-7jnepv/lgd/libero_fullmatrix_20260909/evaluations/pi05-t3-c49999-e10003/audited_summary.json
pi05,3,42,10003,49999,1,1,420,1,/pfs/pfs-7jnepv/lgd/libero_fullmatrix_20260909/evaluations/pi05-t3-c49999-e10003/audited_summary.json
pi05,3,42,10003,49999,2,1,257,1,/pfs/pfs-7jnepv/lgd/libero_fullmatrix_20260909/evaluations/pi05-t3-c49999-e10003/audited_summary.json
pi05,3,42,10003,49999,3,1,259,1,/pfs/pfs-7jnepv/lgd/libero_fullmatrix_20260909/evaluations/pi05-t3-c49999-e10003/audited_summary.json
pi05,3,42,10003,49999,4,1,229,1,/pfs/pfs-7jnepv/lgd/libero_fullmatrix_20260909/evaluations/pi05-t3-c49999-e10003/audited_summary.json
pi05,3,42,10003,49999,5,1,518,1,/pfs/pfs-7jnepv/lgd/libero_fullmatrix_20260909/evaluations/pi05-t3-c49999-e10003/audited_summary.json
pi05,3,42,10003,49999,6,1,346,1,/pfs/pfs-7jnepv/lgd/libero_fullmatrix_20260909/evaluations/pi05-t3-c49999-e10003/audited_summary.json
pi05,3,42,10003,49999,7,1,297,1,/pfs/pfs-7jnepv/lgd/libero_fullmatrix_20260909/evaluations/pi05-t3-c49999-e10003/audited_summary.json
pi05,3,42,10003,49999,8,1,261,1,/pfs/pfs-7jnepv/lgd/libero_fullmatrix_20260909/evaluations/pi05-t3-c49999-e10003/audited_summary.json
pi05,3,42,10003,49999,9,1,376,1,/pfs/pfs-7jnepv/lgd/libero_fullmatrix_20260909/evaluations/pi05-t3-c49999-e10003/audited_summary.json
pi05,3,42,10003,49999,10,1,388,1,/pfs/pfs-7jnepv/lgd/libero_fullmatrix_20260909/evaluations/pi05-t3-c49999-e10003/audited_summary.json
pi05,3,42,10003,49999,11,1,411,1,/pfs/pfs-7jnepv/lgd/libero_fullmatrix_20260909/evaluations/pi05-t3-c49999-e10003/audited_summary.json
pi05,3,42,10003,49999,12,1,236,1,/pfs/pfs-7jnepv/lgd/libero_fullmatrix_20260909/evaluations/pi05-t3-c49999-e10003/audited_summary.json
pi05,3,42,10003,49999,13,1,263,1,/pfs/pfs-7jnepv/lgd/libero_fullmatrix_20260909/evaluations/pi05-t3-c49999-e10003/audited_summary.json
pi05,3,42,10003,49999,14,1,428,1,/pfs/pfs-7jnepv/lgd/libero_fullmatrix_20260909/evaluations/pi05-t3-c49999-e10003/audited_summary.json
pi05,3,42,10003,49999,15,1,230,1,/pfs/pfs-7jnepv/lgd/libero_fullmatrix_20260909/evaluations/pi05-t3-c49999-e10003/audited_summary.json
pi05,3,42,10003,49999,16,1,344,1,/pfs/pfs-7jnepv/lgd/libero_fullmatrix_20260909/evaluations/pi05-t3-c49999-e10003/audited_summary.json
pi05,3,42,10003,49999,17,1,198,1,/pfs/pfs-7jnepv/lgd/libero_fullmatrix_20260909/evaluations/pi05-t3-c49999-e10003/audited_summary.json
pi05,3,42,10003,49999,18,1,210,1,/pfs/pfs-7jnepv/lgd/libero_fullmatrix_20260909/evaluations/pi05-t3-c49999-e10003/audited_summary.json
pi05,3,42,10003,49999,19,1,304,1,/pfs/pfs-7jnepv/lgd/libero_fullmatrix_20260909/evaluations/pi05-t3-c49999-e10003/audited_summary.json
pi05,4,42,10001,49999,0,1,261,1,/pfs/pfs-7jnepv/lgd/libero_fullmatrix_20260909/evaluations/pi05-t4-c49999-e10001/audited_summary.json
pi05,4,42,10001,49999,1,1,479,1,/pfs/pfs-7jnepv/lgd/libero_fullmatrix_20260909/evaluations/pi05-t4-c49999-e10001/audited_summary.json
pi05,4,42,10001,49999,2,1,396,1,/pfs/pfs-7jnepv/lgd/libero_fullmatrix_20260909/evaluations/pi05-t4-c49999-e10001/audited_summary.json
pi05,4,42,10001,49999,3,1,301,1,/pfs/pfs-7jnepv/lgd/libero_fullmatrix_20260909/evaluations/pi05-t4-c49999-e10001/audited_summary.json
pi05,4,42,10001,49999,4,1,477,1,/pfs/pfs-7jnepv/lgd/libero_fullmatrix_20260909/evaluations/pi05-t4-c49999-e10001/audited_summary.json
pi05,4,42,10001,49999,5,1,335,1,/pfs/pfs-7jnepv/lgd/libero_fullmatrix_20260909/evaluations/pi05-t4-c49999-e10001/audited_summary.json
pi05,4,42,10001,49999,6,1,326,1,/pfs/pfs-7jnepv/lgd/libero_fullmatrix_20260909/evaluations/pi05-t4-c49999-e10001/audited_summary.json
pi05,4,42,10001,49999,7,1,240,1,/pfs/pfs-7jnepv/lgd/libero_fullmatrix_20260909/evaluations/pi05-t4-c49999-e10001/audited_summary.json
pi05,4,42,10001,49999,8,0,600,0,/pfs/pfs-7jnepv/lgd/libero_fullmatrix_20260909/evaluations/pi05-t4-c49999-e10001/audited_summary.json
pi05,4,42,10001,49999,9,1,318,1,/pfs/pfs-7jnepv/lgd/libero_fullmatrix_20260909/evaluations/pi05-t4-c49999-e10001/audited_summary.json
pi05,4,42,10001,49999,10,1,275,1,/pfs/pfs-7jnepv/lgd/libero_fullmatrix_20260909/evaluations/pi05-t4-c49999-e10001/audited_summary.json
pi05,4,42,10001,49999,11,1,307,1,/pfs/pfs-7jnepv/lgd/libero_fullmatrix_20260909/evaluations/pi05-t4-c49999-e10001/audited_summary.json
pi05,4,42,10001,49999,12,1,327,1,/pfs/pfs-7jnepv/lgd/libero_fullmatrix_20260909/evaluations/pi05-t4-c49999-e10001/audited_summary.json
pi05,4,42,10001,49999,13,1,423,1,/pfs/pfs-7jnepv/lgd/libero_fullmatrix_20260909/evaluations/pi05-t4-c49999-e10001/audited_summary.json
pi05,4,42,10001,49999,14,1,420,1,/pfs/pfs-7jnepv/lgd/libero_fullmatrix_20260909/evaluations/pi05-t4-c49999-e10001/audited_summary.json
pi05,4,42,10001,49999,15,1,307,1,/pfs/pfs-7jnepv/lgd/libero_fullmatrix_20260909/evaluations/pi05-t4-c49999-e10001/audited_summary.json
pi05,4,42,10001,49999,16,0,600,0,/pfs/pfs-7jnepv/lgd/libero_fullmatrix_20260909/evaluations/pi05-t4-c49999-e10001/audited_summary.json
pi05,4,42,10001,49999,17,0,600,0,/pfs/pfs-7jnepv/lgd/libero_fullmatrix_20260909/evaluations/pi05-t4-c49999-e10001/audited_summary.json
pi05,4,42,10001,49999,18,1,348,1,/pfs/pfs-7jnepv/lgd/libero_fullmatrix_20260909/evaluations/pi05-t4-c49999-e10001/audited_summary.json
pi05,4,42,10001,49999,19,1,345,1,/pfs/pfs-7jnepv/lgd/libero_fullmatrix_20260909/evaluations/pi05-t4-c49999-e10001/audited_summary.json
pi05,4,42,10002,49999,0,1,359,1,/pfs/pfs-7jnepv/lgd/libero_fullmatrix_20260909/evaluations/pi05-t4-c49999-e10002/audited_summary.json
pi05,4,42,10002,49999,1,1,268,1,/pfs/pfs-7jnepv/lgd/libero_fullmatrix_20260909/evaluations/pi05-t4-c49999-e10002/audited_summary.json
pi05,4,42,10002,49999,2,1,290,1,/pfs/pfs-7jnepv/lgd/libero_fullmatrix_20260909/evaluations/pi05-t4-c49999-e10002/audited_summary.json
pi05,4,42,10002,49999,3,1,388,1,/pfs/pfs-7jnepv/lgd/libero_fullmatrix_20260909/evaluations/pi05-t4-c49999-e10002/audited_summary.json
pi05,4,42,10002,49999,4,1,459,1,/pfs/pfs-7jnepv/lgd/libero_fullmatrix_20260909/evaluations/pi05-t4-c49999-e10002/audited_summary.json
pi05,4,42,10002,49999,5,1,431,1,/pfs/pfs-7jnepv/lgd/libero_fullmatrix_20260909/evaluations/pi05-t4-c49999-e10002/audited_summary.json
pi05,4,42,10002,49999,6,1,368,1,/pfs/pfs-7jnepv/lgd/libero_fullmatrix_20260909/evaluations/pi05-t4-c49999-e10002/audited_summary.json
pi05,4,42,10002,49999,7,1,392,1,/pfs/pfs-7jnepv/lgd/libero_fullmatrix_20260909/evaluations/pi05-t4-c49999-e10002/audited_summary.json
pi05,4,42,10002,49999,8,1,418,1,/pfs/pfs-7jnepv/lgd/libero_fullmatrix_20260909/evaluations/pi05-t4-c49999-e10002/audited_summary.json
pi05,4,42,10002,49999,9,1,404,1,/pfs/pfs-7jnepv/lgd/libero_fullmatrix_20260909/evaluations/pi05-t4-c49999-e10002/audited_summary.json
pi05,4,42,10002,49999,10,1,546,1,/pfs/pfs-7jnepv/lgd/libero_fullmatrix_20260909/evaluations/pi05-t4-c49999-e10002/audited_summary.json
pi05,4,42,10002,49999,11,1,392,1,/pfs/pfs-7jnepv/lgd/libero_fullmatrix_20260909/evaluations/pi05-t4-c49999-e10002/audited_summary.json
pi05,4,42,10002,49999,12,1,384,1,/pfs/pfs-7jnepv/lgd/libero_fullmatrix_20260909/evaluations/pi05-t4-c49999-e10002/audited_summary.json
pi05,4,42,10002,49999,13,1,346,1,/pfs/pfs-7jnepv/lgd/libero_fullmatrix_20260909/evaluations/pi05-t4-c49999-e10002/audited_summary.json
pi05,4,42,10002,49999,14,1,350,1,/pfs/pfs-7jnepv/lgd/libero_fullmatrix_20260909/evaluations/pi05-t4-c49999-e10002/audited_summary.json
pi05,4,42,10002,49999,15,1,242,1,/pfs/pfs-7jnepv/lgd/libero_fullmatrix_20260909/evaluations/pi05-t4-c49999-e10002/audited_summary.json
pi05,4,42,10002,49999,16,0,600,0,/pfs/pfs-7jnepv/lgd/libero_fullmatrix_20260909/evaluations/pi05-t4-c49999-e10002/audited_summary.json
pi05,4,42,10002,49999,17,1,426,1,/pfs/pfs-7jnepv/lgd/libero_fullmatrix_20260909/evaluations/pi05-t4-c49999-e10002/audited_summary.json
pi05,4,42,10002,49999,18,1,430,1,/pfs/pfs-7jnepv/lgd/libero_fullmatrix_20260909/evaluations/pi05-t4-c49999-e10002/audited_summary.json
pi05,4,42,10002,49999,19,1,527,1,/pfs/pfs-7jnepv/lgd/libero_fullmatrix_20260909/evaluations/pi05-t4-c49999-e10002/audited_summary.json
pi05,4,42,10003,49999,0,1,309,1,/pfs/pfs-7jnepv/lgd/libero_fullmatrix_20260909/evaluations/pi05-t4-c49999-e10003/audited_summary.json
pi05,4,42,10003,49999,1,1,372,1,/pfs/pfs-7jnepv/lgd/libero_fullmatrix_20260909/evaluations/pi05-t4-c49999-e10003/audited_summary.json
pi05,4,42,10003,49999,2,1,401,1,/pfs/pfs-7jnepv/lgd/libero_fullmatrix_20260909/evaluations/pi05-t4-c49999-e10003/audited_summary.json
pi05,4,42,10003,49999,3,1,207,1,/pfs/pfs-7jnepv/lgd/libero_fullmatrix_20260909/evaluations/pi05-t4-c49999-e10003/audited_summary.json
pi05,4,42,10003,49999,4,1,331,1,/pfs/pfs-7jnepv/lgd/libero_fullmatrix_20260909/evaluations/pi05-t4-c49999-e10003/audited_summary.json
pi05,4,42,10003,49999,5,0,600,0,/pfs/pfs-7jnepv/lgd/libero_fullmatrix_20260909/evaluations/pi05-t4-c49999-e10003/audited_summary.json
pi05,4,42,10003,49999,6,1,349,1,/pfs/pfs-7jnepv/lgd/libero_fullmatrix_20260909/evaluations/pi05-t4-c49999-e10003/audited_summary.json
pi05,4,42,10003,49999,7,1,458,1,/pfs/pfs-7jnepv/lgd/libero_fullmatrix_20260909/evaluations/pi05-t4-c49999-e10003/audited_summary.json
pi05,4,42,10003,49999,8,0,600,0,/pfs/pfs-7jnepv/lgd/libero_fullmatrix_20260909/evaluations/pi05-t4-c49999-e10003/audited_summary.json
pi05,4,42,10003,49999,9,1,356,1,/pfs/pfs-7jnepv/lgd/libero_fullmatrix_20260909/evaluations/pi05-t4-c49999-e10003/audited_summary.json
pi05,4,42,10003,49999,10,1,261,1,/pfs/pfs-7jnepv/lgd/libero_fullmatrix_20260909/evaluations/pi05-t4-c49999-e10003/audited_summary.json
pi05,4,42,10003,49999,11,1,350,1,/pfs/pfs-7jnepv/lgd/libero_fullmatrix_20260909/evaluations/pi05-t4-c49999-e10003/audited_summary.json
pi05,4,42,10003,49999,12,1,249,1,/pfs/pfs-7jnepv/lgd/libero_fullmatrix_20260909/evaluations/pi05-t4-c49999-e10003/audited_summary.json
pi05,4,42,10003,49999,13,1,197,1,/pfs/pfs-7jnepv/lgd/libero_fullmatrix_20260909/evaluations/pi05-t4-c49999-e10003/audited_summary.json
pi05,4,42,10003,49999,14,1,369,1,/pfs/pfs-7jnepv/lgd/libero_fullmatrix_20260909/evaluations/pi05-t4-c49999-e10003/audited_summary.json
pi05,4,42,10003,49999,15,1,218,1,/pfs/pfs-7jnepv/lgd/libero_fullmatrix_20260909/evaluations/pi05-t4-c49999-e10003/audited_summary.json
pi05,4,42,10003,49999,16,1,248,1,/pfs/pfs-7jnepv/lgd/libero_fullmatrix_20260909/evaluations/pi05-t4-c49999-e10003/audited_summary.json
pi05,4,42,10003,49999,17,1,278,1,/pfs/pfs-7jnepv/lgd/libero_fullmatrix_20260909/evaluations/pi05-t4-c49999-e10003/audited_summary.json
pi05,4,42,10003,49999,18,1,326,1,/pfs/pfs-7jnepv/lgd/libero_fullmatrix_20260909/evaluations/pi05-t4-c49999-e10003/audited_summary.json
pi05,4,42,10003,49999,19,1,264,1,/pfs/pfs-7jnepv/lgd/libero_fullmatrix_20260909/evaluations/pi05-t4-c49999-e10003/audited_summary.json
pi05,5,42,10001,49999,0,1,516,1,/pfs/pfs-7jnepv/lgd/libero_fullmatrix_20260909/evaluations/pi05-t5-c49999-e10001/audited_summary.json
pi05,5,42,10001,49999,1,1,352,1,/pfs/pfs-7jnepv/lgd/libero_fullmatrix_20260909/evaluations/pi05-t5-c49999-e10001/audited_summary.json
pi05,5,42,10001,49999,2,1,379,1,/pfs/pfs-7jnepv/lgd/libero_fullmatrix_20260909/evaluations/pi05-t5-c49999-e10001/audited_summary.json
pi05,5,42,10001,49999,3,1,347,1,/pfs/pfs-7jnepv/lgd/libero_fullmatrix_20260909/evaluations/pi05-t5-c49999-e10001/audited_summary.json
pi05,5,42,10001,49999,4,1,317,1,/pfs/pfs-7jnepv/lgd/libero_fullmatrix_20260909/evaluations/pi05-t5-c49999-e10001/audited_summary.json
pi05,5,42,10001,49999,5,1,366,1,/pfs/pfs-7jnepv/lgd/libero_fullmatrix_20260909/evaluations/pi05-t5-c49999-e10001/audited_summary.json
pi05,5,42,10001,49999,6,1,366,1,/pfs/pfs-7jnepv/lgd/libero_fullmatrix_20260909/evaluations/pi05-t5-c49999-e10001/audited_summary.json
pi05,5,42,10001,49999,7,1,375,1,/pfs/pfs-7jnepv/lgd/libero_fullmatrix_20260909/evaluations/pi05-t5-c49999-e10001/audited_summary.json
pi05,5,42,10001,49999,8,1,470,1,/pfs/pfs-7jnepv/lgd/libero_fullmatrix_20260909/evaluations/pi05-t5-c49999-e10001/audited_summary.json
pi05,5,42,10001,49999,9,1,475,1,/pfs/pfs-7jnepv/lgd/libero_fullmatrix_20260909/evaluations/pi05-t5-c49999-e10001/audited_summary.json
pi05,5,42,10001,49999,10,1,444,1,/pfs/pfs-7jnepv/lgd/libero_fullmatrix_20260909/evaluations/pi05-t5-c49999-e10001/audited_summary.json
pi05,5,42,10001,49999,11,1,362,1,/pfs/pfs-7jnepv/lgd/libero_fullmatrix_20260909/evaluations/pi05-t5-c49999-e10001/audited_summary.json
pi05,5,42,10001,49999,12,1,436,1,/pfs/pfs-7jnepv/lgd/libero_fullmatrix_20260909/evaluations/pi05-t5-c49999-e10001/audited_summary.json
pi05,5,42,10001,49999,13,1,311,1,/pfs/pfs-7jnepv/lgd/libero_fullmatrix_20260909/evaluations/pi05-t5-c49999-e10001/audited_summary.json
pi05,5,42,10001,49999,14,1,532,1,/pfs/pfs-7jnepv/lgd/libero_fullmatrix_20260909/evaluations/pi05-t5-c49999-e10001/audited_summary.json
pi05,5,42,10001,49999,15,1,327,1,/pfs/pfs-7jnepv/lgd/libero_fullmatrix_20260909/evaluations/pi05-t5-c49999-e10001/audited_summary.json
pi05,5,42,10001,49999,16,1,441,1,/pfs/pfs-7jnepv/lgd/libero_fullmatrix_20260909/evaluations/pi05-t5-c49999-e10001/audited_summary.json
pi05,5,42,10001,49999,17,1,534,1,/pfs/pfs-7jnepv/lgd/libero_fullmatrix_20260909/evaluations/pi05-t5-c49999-e10001/audited_summary.json
pi05,5,42,10001,49999,18,1,355,1,/pfs/pfs-7jnepv/lgd/libero_fullmatrix_20260909/evaluations/pi05-t5-c49999-e10001/audited_summary.json
pi05,5,42,10001,49999,19,1,329,1,/pfs/pfs-7jnepv/lgd/libero_fullmatrix_20260909/evaluations/pi05-t5-c49999-e10001/audited_summary.json
pi05,5,42,10002,49999,0,1,314,1,/pfs/pfs-7jnepv/lgd/libero_fullmatrix_20260909/evaluations/pi05-t5-c49999-e10002/audited_summary.json
pi05,5,42,10002,49999,1,1,401,1,/pfs/pfs-7jnepv/lgd/libero_fullmatrix_20260909/evaluations/pi05-t5-c49999-e10002/audited_summary.json
pi05,5,42,10002,49999,2,1,284,1,/pfs/pfs-7jnepv/lgd/libero_fullmatrix_20260909/evaluations/pi05-t5-c49999-e10002/audited_summary.json
pi05,5,42,10002,49999,3,1,349,1,/pfs/pfs-7jnepv/lgd/libero_fullmatrix_20260909/evaluations/pi05-t5-c49999-e10002/audited_summary.json
pi05,5,42,10002,49999,4,1,385,1,/pfs/pfs-7jnepv/lgd/libero_fullmatrix_20260909/evaluations/pi05-t5-c49999-e10002/audited_summary.json
pi05,5,42,10002,49999,5,0,600,0,/pfs/pfs-7jnepv/lgd/libero_fullmatrix_20260909/evaluations/pi05-t5-c49999-e10002/audited_summary.json
pi05,5,42,10002,49999,6,1,396,1,/pfs/pfs-7jnepv/lgd/libero_fullmatrix_20260909/evaluations/pi05-t5-c49999-e10002/audited_summary.json
pi05,5,42,10002,49999,7,1,453,1,/pfs/pfs-7jnepv/lgd/libero_fullmatrix_20260909/evaluations/pi05-t5-c49999-e10002/audited_summary.json
pi05,5,42,10002,49999,8,1,368,1,/pfs/pfs-7jnepv/lgd/libero_fullmatrix_20260909/evaluations/pi05-t5-c49999-e10002/audited_summary.json
pi05,5,42,10002,49999,9,1,439,1,/pfs/pfs-7jnepv/lgd/libero_fullmatrix_20260909/evaluations/pi05-t5-c49999-e10002/audited_summary.json
pi05,5,42,10002,49999,10,1,374,1,/pfs/pfs-7jnepv/lgd/libero_fullmatrix_20260909/evaluations/pi05-t5-c49999-e10002/audited_summary.json
pi05,5,42,10002,49999,11,1,375,1,/pfs/pfs-7jnepv/lgd/libero_fullmatrix_20260909/evaluations/pi05-t5-c49999-e10002/audited_summary.json
pi05,5,42,10002,49999,12,1,395,1,/pfs/pfs-7jnepv/lgd/libero_fullmatrix_20260909/evaluations/pi05-t5-c49999-e10002/audited_summary.json
pi05,5,42,10002,49999,13,1,363,1,/pfs/pfs-7jnepv/lgd/libero_fullmatrix_20260909/evaluations/pi05-t5-c49999-e10002/audited_summary.json
pi05,5,42,10002,49999,14,1,454,1,/pfs/pfs-7jnepv/lgd/libero_fullmatrix_20260909/evaluations/pi05-t5-c49999-e10002/audited_summary.json
pi05,5,42,10002,49999,15,1,355,1,/pfs/pfs-7jnepv/lgd/libero_fullmatrix_20260909/evaluations/pi05-t5-c49999-e10002/audited_summary.json
pi05,5,42,10002,49999,16,0,600,0,/pfs/pfs-7jnepv/lgd/libero_fullmatrix_20260909/evaluations/pi05-t5-c49999-e10002/audited_summary.json
pi05,5,42,10002,49999,17,1,365,1,/pfs/pfs-7jnepv/lgd/libero_fullmatrix_20260909/evaluations/pi05-t5-c49999-e10002/audited_summary.json
pi05,5,42,10002,49999,18,1,416,1,/pfs/pfs-7jnepv/lgd/libero_fullmatrix_20260909/evaluations/pi05-t5-c49999-e10002/audited_summary.json
pi05,5,42,10002,49999,19,1,399,1,/pfs/pfs-7jnepv/lgd/libero_fullmatrix_20260909/evaluations/pi05-t5-c49999-e10002/audited_summary.json
pi05,5,42,10003,49999,0,1,434,1,/pfs/pfs-7jnepv/lgd/libero_fullmatrix_20260909/evaluations/pi05-t5-c49999-e10003/audited_summary.json
pi05,5,42,10003,49999,1,1,355,1,/pfs/pfs-7jnepv/lgd/libero_fullmatrix_20260909/evaluations/pi05-t5-c49999-e10003/audited_summary.json
pi05,5,42,10003,49999,2,1,365,1,/pfs/pfs-7jnepv/lgd/libero_fullmatrix_20260909/evaluations/pi05-t5-c49999-e10003/audited_summary.json
pi05,5,42,10003,49999,3,1,392,1,/pfs/pfs-7jnepv/lgd/libero_fullmatrix_20260909/evaluations/pi05-t5-c49999-e10003/audited_summary.json
pi05,5,42,10003,49999,4,1,392,1,/pfs/pfs-7jnepv/lgd/libero_fullmatrix_20260909/evaluations/pi05-t5-c49999-e10003/audited_summary.json
pi05,5,42,10003,49999,5,1,377,1,/pfs/pfs-7jnepv/lgd/libero_fullmatrix_20260909/evaluations/pi05-t5-c49999-e10003/audited_summary.json
pi05,5,42,10003,49999,6,1,393,1,/pfs/pfs-7jnepv/lgd/libero_fullmatrix_20260909/evaluations/pi05-t5-c49999-e10003/audited_summary.json
pi05,5,42,10003,49999,7,1,331,1,/pfs/pfs-7jnepv/lgd/libero_fullmatrix_20260909/evaluations/pi05-t5-c49999-e10003/audited_summary.json
pi05,5,42,10003,49999,8,1,350,1,/pfs/pfs-7jnepv/lgd/libero_fullmatrix_20260909/evaluations/pi05-t5-c49999-e10003/audited_summary.json
pi05,5,42,10003,49999,9,1,413,1,/pfs/pfs-7jnepv/lgd/libero_fullmatrix_20260909/evaluations/pi05-t5-c49999-e10003/audited_summary.json
pi05,5,42,10003,49999,10,1,409,1,/pfs/pfs-7jnepv/lgd/libero_fullmatrix_20260909/evaluations/pi05-t5-c49999-e10003/audited_summary.json
pi05,5,42,10003,49999,11,1,324,1,/pfs/pfs-7jnepv/lgd/libero_fullmatrix_20260909/evaluations/pi05-t5-c49999-e10003/audited_summary.json
pi05,5,42,10003,49999,12,1,352,1,/pfs/pfs-7jnepv/lgd/libero_fullmatrix_20260909/evaluations/pi05-t5-c49999-e10003/audited_summary.json
pi05,5,42,10003,49999,13,1,328,1,/pfs/pfs-7jnepv/lgd/libero_fullmatrix_20260909/evaluations/pi05-t5-c49999-e10003/audited_summary.json
pi05,5,42,10003,49999,14,1,570,1,/pfs/pfs-7jnepv/lgd/libero_fullmatrix_20260909/evaluations/pi05-t5-c49999-e10003/audited_summary.json
pi05,5,42,10003,49999,15,1,495,1,/pfs/pfs-7jnepv/lgd/libero_fullmatrix_20260909/evaluations/pi05-t5-c49999-e10003/audited_summary.json
pi05,5,42,10003,49999,16,0,600,0,/pfs/pfs-7jnepv/lgd/libero_fullmatrix_20260909/evaluations/pi05-t5-c49999-e10003/audited_summary.json
pi05,5,42,10003,49999,17,1,338,1,/pfs/pfs-7jnepv/lgd/libero_fullmatrix_20260909/evaluations/pi05-t5-c49999-e10003/audited_summary.json
pi05,5,42,10003,49999,18,0,600,0,/pfs/pfs-7jnepv/lgd/libero_fullmatrix_20260909/evaluations/pi05-t5-c49999-e10003/audited_summary.json
pi05,5,42,10003,49999,19,1,424,1,/pfs/pfs-7jnepv/lgd/libero_fullmatrix_20260909/evaluations/pi05-t5-c49999-e10003/audited_summary.json
pi05,6,42,10001,49999,0,0,600,0,/pfs/pfs-7jnepv/lgd/libero_fullmatrix_20260909/evaluations/pi05-t6-c49999-e10001/audited_summary.json
pi05,6,42,10001,49999,1,0,600,0,/pfs/pfs-7jnepv/lgd/libero_fullmatrix_20260909/evaluations/pi05-t6-c49999-e10001/audited_summary.json
pi05,6,42,10001,49999,2,1,563,1,/pfs/pfs-7jnepv/lgd/libero_fullmatrix_20260909/evaluations/pi05-t6-c49999-e10001/audited_summary.json
pi05,6,42,10001,49999,3,1,499,1,/pfs/pfs-7jnepv/lgd/libero_fullmatrix_20260909/evaluations/pi05-t6-c49999-e10001/audited_summary.json
pi05,6,42,10001,49999,4,0,600,0,/pfs/pfs-7jnepv/lgd/libero_fullmatrix_20260909/evaluations/pi05-t6-c49999-e10001/audited_summary.json
pi05,6,42,10001,49999,5,1,554,1,/pfs/pfs-7jnepv/lgd/libero_fullmatrix_20260909/evaluations/pi05-t6-c49999-e10001/audited_summary.json
pi05,6,42,10001,49999,6,0,600,0,/pfs/pfs-7jnepv/lgd/libero_fullmatrix_20260909/evaluations/pi05-t6-c49999-e10001/audited_summary.json
pi05,6,42,10001,49999,7,1,570,1,/pfs/pfs-7jnepv/lgd/libero_fullmatrix_20260909/evaluations/pi05-t6-c49999-e10001/audited_summary.json
pi05,6,42,10001,49999,8,0,600,0,/pfs/pfs-7jnepv/lgd/libero_fullmatrix_20260909/evaluations/pi05-t6-c49999-e10001/audited_summary.json
pi05,6,42,10001,49999,9,0,600,0,/pfs/pfs-7jnepv/lgd/libero_fullmatrix_20260909/evaluations/pi05-t6-c49999-e10001/audited_summary.json
pi05,6,42,10001,49999,10,0,600,0,/pfs/pfs-7jnepv/lgd/libero_fullmatrix_20260909/evaluations/pi05-t6-c49999-e10001/audited_summary.json
pi05,6,42,10001,49999,11,0,600,0,/pfs/pfs-7jnepv/lgd/libero_fullmatrix_20260909/evaluations/pi05-t6-c49999-e10001/audited_summary.json
pi05,6,42,10001,49999,12,0,600,0,/pfs/pfs-7jnepv/lgd/libero_fullmatrix_20260909/evaluations/pi05-t6-c49999-e10001/audited_summary.json
pi05,6,42,10001,49999,13,0,600,0,/pfs/pfs-7jnepv/lgd/libero_fullmatrix_20260909/evaluations/pi05-t6-c49999-e10001/audited_summary.json
pi05,6,42,10001,49999,14,0,600,0,/pfs/pfs-7jnepv/lgd/libero_fullmatrix_20260909/evaluations/pi05-t6-c49999-e10001/audited_summary.json
pi05,6,42,10001,49999,15,0,600,0,/pfs/pfs-7jnepv/lgd/libero_fullmatrix_20260909/evaluations/pi05-t6-c49999-e10001/audited_summary.json
pi05,6,42,10001,49999,16,1,548,1,/pfs/pfs-7jnepv/lgd/libero_fullmatrix_20260909/evaluations/pi05-t6-c49999-e10001/audited_summary.json
pi05,6,42,10001,49999,17,0,600,0,/pfs/pfs-7jnepv/lgd/libero_fullmatrix_20260909/evaluations/pi05-t6-c49999-e10001/audited_summary.json
pi05,6,42,10001,49999,18,1,501,1,/pfs/pfs-7jnepv/lgd/libero_fullmatrix_20260909/evaluations/pi05-t6-c49999-e10001/audited_summary.json
pi05,6,42,10001,49999,19,1,520,1,/pfs/pfs-7jnepv/lgd/libero_fullmatrix_20260909/evaluations/pi05-t6-c49999-e10001/audited_summary.json
pi05,6,42,10002,49999,0,1,582,1,/pfs/pfs-7jnepv/lgd/libero_fullmatrix_20260909/evaluations/pi05-t6-c49999-e10002/audited_summary.json
pi05,6,42,10002,49999,1,0,600,0,/pfs/pfs-7jnepv/lgd/libero_fullmatrix_20260909/evaluations/pi05-t6-c49999-e10002/audited_summary.json
pi05,6,42,10002,49999,2,0,600,0,/pfs/pfs-7jnepv/lgd/libero_fullmatrix_20260909/evaluations/pi05-t6-c49999-e10002/audited_summary.json
pi05,6,42,10002,49999,3,0,600,0,/pfs/pfs-7jnepv/lgd/libero_fullmatrix_20260909/evaluations/pi05-t6-c49999-e10002/audited_summary.json
pi05,6,42,10002,49999,4,1,555,1,/pfs/pfs-7jnepv/lgd/libero_fullmatrix_20260909/evaluations/pi05-t6-c49999-e10002/audited_summary.json
pi05,6,42,10002,49999,5,1,514,1,/pfs/pfs-7jnepv/lgd/libero_fullmatrix_20260909/evaluations/pi05-t6-c49999-e10002/audited_summary.json
pi05,6,42,10002,49999,6,0,600,0,/pfs/pfs-7jnepv/lgd/libero_fullmatrix_20260909/evaluations/pi05-t6-c49999-e10002/audited_summary.json
pi05,6,42,10002,49999,7,0,600,0,/pfs/pfs-7jnepv/lgd/libero_fullmatrix_20260909/evaluations/pi05-t6-c49999-e10002/audited_summary.json
pi05,6,42,10002,49999,8,0,600,0,/pfs/pfs-7jnepv/lgd/libero_fullmatrix_20260909/evaluations/pi05-t6-c49999-e10002/audited_summary.json
pi05,6,42,10002,49999,9,0,600,0,/pfs/pfs-7jnepv/lgd/libero_fullmatrix_20260909/evaluations/pi05-t6-c49999-e10002/audited_summary.json
pi05,6,42,10002,49999,10,0,600,0,/pfs/pfs-7jnepv/lgd/libero_fullmatrix_20260909/evaluations/pi05-t6-c49999-e10002/audited_summary.json
pi05,6,42,10002,49999,11,0,600,0,/pfs/pfs-7jnepv/lgd/libero_fullmatrix_20260909/evaluations/pi05-t6-c49999-e10002/audited_summary.json
pi05,6,42,10002,49999,12,0,600,0,/pfs/pfs-7jnepv/lgd/libero_fullmatrix_20260909/evaluations/pi05-t6-c49999-e10002/audited_summary.json
pi05,6,42,10002,49999,13,1,593,1,/pfs/pfs-7jnepv/lgd/libero_fullmatrix_20260909/evaluations/pi05-t6-c49999-e10002/audited_summary.json
pi05,6,42,10002,49999,14,0,600,0,/pfs/pfs-7jnepv/lgd/libero_fullmatrix_20260909/evaluations/pi05-t6-c49999-e10002/audited_summary.json
pi05,6,42,10002,49999,15,0,600,0,/pfs/pfs-7jnepv/lgd/libero_fullmatrix_20260909/evaluations/pi05-t6-c49999-e10002/audited_summary.json
pi05,6,42,10002,49999,16,0,600,0,/pfs/pfs-7jnepv/lgd/libero_fullmatrix_20260909/evaluations/pi05-t6-c49999-e10002/audited_summary.json
pi05,6,42,10002,49999,17,0,600,0,/pfs/pfs-7jnepv/lgd/libero_fullmatrix_20260909/evaluations/pi05-t6-c49999-e10002/audited_summary.json
pi05,6,42,10002,49999,18,1,478,1,/pfs/pfs-7jnepv/lgd/libero_fullmatrix_20260909/evaluations/pi05-t6-c49999-e10002/audited_summary.json
pi05,6,42,10002,49999,19,0,600,0,/pfs/pfs-7jnepv/lgd/libero_fullmatrix_20260909/evaluations/pi05-t6-c49999-e10002/audited_summary.json
pi05,6,42,10003,49999,0,1,529,1,/pfs/pfs-7jnepv/lgd/libero_fullmatrix_20260909/evaluations/pi05-t6-c49999-e10003/audited_summary.json
pi05,6,42,10003,49999,1,0,600,0,/pfs/pfs-7jnepv/lgd/libero_fullmatrix_20260909/evaluations/pi05-t6-c49999-e10003/audited_summary.json
pi05,6,42,10003,49999,2,0,600,0,/pfs/pfs-7jnepv/lgd/libero_fullmatrix_20260909/evaluations/pi05-t6-c49999-e10003/audited_summary.json
pi05,6,42,10003,49999,3,1,579,1,/pfs/pfs-7jnepv/lgd/libero_fullmatrix_20260909/evaluations/pi05-t6-c49999-e10003/audited_summary.json
pi05,6,42,10003,49999,4,1,469,1,/pfs/pfs-7jnepv/lgd/libero_fullmatrix_20260909/evaluations/pi05-t6-c49999-e10003/audited_summary.json
pi05,6,42,10003,49999,5,1,432,1,/pfs/pfs-7jnepv/lgd/libero_fullmatrix_20260909/evaluations/pi05-t6-c49999-e10003/audited_summary.json
pi05,6,42,10003,49999,6,1,575,1,/pfs/pfs-7jnepv/lgd/libero_fullmatrix_20260909/evaluations/pi05-t6-c49999-e10003/audited_summary.json
pi05,6,42,10003,49999,7,1,454,1,/pfs/pfs-7jnepv/lgd/libero_fullmatrix_20260909/evaluations/pi05-t6-c49999-e10003/audited_summary.json
pi05,6,42,10003,49999,8,1,507,1,/pfs/pfs-7jnepv/lgd/libero_fullmatrix_20260909/evaluations/pi05-t6-c49999-e10003/audited_summary.json
pi05,6,42,10003,49999,9,0,600,0,/pfs/pfs-7jnepv/lgd/libero_fullmatrix_20260909/evaluations/pi05-t6-c49999-e10003/audited_summary.json
pi05,6,42,10003,49999,10,0,600,0,/pfs/pfs-7jnepv/lgd/libero_fullmatrix_20260909/evaluations/pi05-t6-c49999-e10003/audited_summary.json
pi05,6,42,10003,49999,11,0,600,0,/pfs/pfs-7jnepv/lgd/libero_fullmatrix_20260909/evaluations/pi05-t6-c49999-e10003/audited_summary.json
pi05,6,42,10003,49999,12,0,600,0,/pfs/pfs-7jnepv/lgd/libero_fullmatrix_20260909/evaluations/pi05-t6-c49999-e10003/audited_summary.json
pi05,6,42,10003,49999,13,0,600,0,/pfs/pfs-7jnepv/lgd/libero_fullmatrix_20260909/evaluations/pi05-t6-c49999-e10003/audited_summary.json
pi05,6,42,10003,49999,14,0,600,0,/pfs/pfs-7jnepv/lgd/libero_fullmatrix_20260909/evaluations/pi05-t6-c49999-e10003/audited_summary.json
pi05,6,42,10003,49999,15,0,600,0,/pfs/pfs-7jnepv/lgd/libero_fullmatrix_20260909/evaluations/pi05-t6-c49999-e10003/audited_summary.json
pi05,6,42,10003,49999,16,1,596,1,/pfs/pfs-7jnepv/lgd/libero_fullmatrix_20260909/evaluations/pi05-t6-c49999-e10003/audited_summary.json
pi05,6,42,10003,49999,17,0,600,0,/pfs/pfs-7jnepv/lgd/libero_fullmatrix_20260909/evaluations/pi05-t6-c49999-e10003/audited_summary.json
pi05,6,42,10003,49999,18,1,478,1,/pfs/pfs-7jnepv/lgd/libero_fullmatrix_20260909/evaluations/pi05-t6-c49999-e10003/audited_summary.json
pi05,6,42,10003,49999,19,0,600,0,/pfs/pfs-7jnepv/lgd/libero_fullmatrix_20260909/evaluations/pi05-t6-c49999-e10003/audited_summary.json
pi05,7,42,10001,49999,0,0,600,0,/pfs/pfs-7jnepv/lgd/libero_fullmatrix_20260909/evaluations/pi05-t7-c49999-e10001/audited_summary.json
pi05,7,42,10001,49999,1,1,357,1,/pfs/pfs-7jnepv/lgd/libero_fullmatrix_20260909/evaluations/pi05-t7-c49999-e10001/audited_summary.json
pi05,7,42,10001,49999,2,0,600,0,/pfs/pfs-7jnepv/lgd/libero_fullmatrix_20260909/evaluations/pi05-t7-c49999-e10001/audited_summary.json
pi05,7,42,10001,49999,3,0,600,0,/pfs/pfs-7jnepv/lgd/libero_fullmatrix_20260909/evaluations/pi05-t7-c49999-e10001/audited_summary.json
pi05,7,42,10001,49999,4,1,390,1,/pfs/pfs-7jnepv/lgd/libero_fullmatrix_20260909/evaluations/pi05-t7-c49999-e10001/audited_summary.json
pi05,7,42,10001,49999,5,0,600,0,/pfs/pfs-7jnepv/lgd/libero_fullmatrix_20260909/evaluations/pi05-t7-c49999-e10001/audited_summary.json
pi05,7,42,10001,49999,6,0,600,0,/pfs/pfs-7jnepv/lgd/libero_fullmatrix_20260909/evaluations/pi05-t7-c49999-e10001/audited_summary.json
pi05,7,42,10001,49999,7,0,600,0,/pfs/pfs-7jnepv/lgd/libero_fullmatrix_20260909/evaluations/pi05-t7-c49999-e10001/audited_summary.json
pi05,7,42,10001,49999,8,0,600,0,/pfs/pfs-7jnepv/lgd/libero_fullmatrix_20260909/evaluations/pi05-t7-c49999-e10001/audited_summary.json
pi05,7,42,10001,49999,9,0,600,0,/pfs/pfs-7jnepv/lgd/libero_fullmatrix_20260909/evaluations/pi05-t7-c49999-e10001/audited_summary.json
pi05,7,42,10001,49999,10,1,536,1,/pfs/pfs-7jnepv/lgd/libero_fullmatrix_20260909/evaluations/pi05-t7-c49999-e10001/audited_summary.json
pi05,7,42,10001,49999,11,0,600,0,/pfs/pfs-7jnepv/lgd/libero_fullmatrix_20260909/evaluations/pi05-t7-c49999-e10001/audited_summary.json
pi05,7,42,10001,49999,12,1,382,1,/pfs/pfs-7jnepv/lgd/libero_fullmatrix_20260909/evaluations/pi05-t7-c49999-e10001/audited_summary.json
pi05,7,42,10001,49999,13,0,600,0,/pfs/pfs-7jnepv/lgd/libero_fullmatrix_20260909/evaluations/pi05-t7-c49999-e10001/audited_summary.json
pi05,7,42,10001,49999,14,0,600,0,/pfs/pfs-7jnepv/lgd/libero_fullmatrix_20260909/evaluations/pi05-t7-c49999-e10001/audited_summary.json
pi05,7,42,10001,49999,15,0,600,0,/pfs/pfs-7jnepv/lgd/libero_fullmatrix_20260909/evaluations/pi05-t7-c49999-e10001/audited_summary.json
pi05,7,42,10001,49999,16,0,600,0,/pfs/pfs-7jnepv/lgd/libero_fullmatrix_20260909/evaluations/pi05-t7-c49999-e10001/audited_summary.json
pi05,7,42,10001,49999,17,0,600,0,/pfs/pfs-7jnepv/lgd/libero_fullmatrix_20260909/evaluations/pi05-t7-c49999-e10001/audited_summary.json
pi05,7,42,10001,49999,18,0,600,0,/pfs/pfs-7jnepv/lgd/libero_fullmatrix_20260909/evaluations/pi05-t7-c49999-e10001/audited_summary.json
pi05,7,42,10001,49999,19,1,369,1,/pfs/pfs-7jnepv/lgd/libero_fullmatrix_20260909/evaluations/pi05-t7-c49999-e10001/audited_summary.json
pi05,7,42,10002,49999,0,0,600,0,/pfs/pfs-7jnepv/lgd/libero_fullmatrix_20260909/evaluations/pi05-t7-c49999-e10002/audited_summary.json
pi05,7,42,10002,49999,1,0,600,0,/pfs/pfs-7jnepv/lgd/libero_fullmatrix_20260909/evaluations/pi05-t7-c49999-e10002/audited_summary.json
pi05,7,42,10002,49999,2,1,321,1,/pfs/pfs-7jnepv/lgd/libero_fullmatrix_20260909/evaluations/pi05-t7-c49999-e10002/audited_summary.json
pi05,7,42,10002,49999,3,0,600,0,/pfs/pfs-7jnepv/lgd/libero_fullmatrix_20260909/evaluations/pi05-t7-c49999-e10002/audited_summary.json
pi05,7,42,10002,49999,4,1,360,1,/pfs/pfs-7jnepv/lgd/libero_fullmatrix_20260909/evaluations/pi05-t7-c49999-e10002/audited_summary.json
pi05,7,42,10002,49999,5,1,579,1,/pfs/pfs-7jnepv/lgd/libero_fullmatrix_20260909/evaluations/pi05-t7-c49999-e10002/audited_summary.json
pi05,7,42,10002,49999,6,0,600,0,/pfs/pfs-7jnepv/lgd/libero_fullmatrix_20260909/evaluations/pi05-t7-c49999-e10002/audited_summary.json
pi05,7,42,10002,49999,7,0,600,0,/pfs/pfs-7jnepv/lgd/libero_fullmatrix_20260909/evaluations/pi05-t7-c49999-e10002/audited_summary.json
pi05,7,42,10002,49999,8,1,557,1,/pfs/pfs-7jnepv/lgd/libero_fullmatrix_20260909/evaluations/pi05-t7-c49999-e10002/audited_summary.json
pi05,7,42,10002,49999,9,1,393,1,/pfs/pfs-7jnepv/lgd/libero_fullmatrix_20260909/evaluations/pi05-t7-c49999-e10002/audited_summary.json
pi05,7,42,10002,49999,10,0,600,0,/pfs/pfs-7jnepv/lgd/libero_fullmatrix_20260909/evaluations/pi05-t7-c49999-e10002/audited_summary.json
pi05,7,42,10002,49999,11,0,600,0,/pfs/pfs-7jnepv/lgd/libero_fullmatrix_20260909/evaluations/pi05-t7-c49999-e10002/audited_summary.json
pi05,7,42,10002,49999,12,1,341,1,/pfs/pfs-7jnepv/lgd/libero_fullmatrix_20260909/evaluations/pi05-t7-c49999-e10002/audited_summary.json
pi05,7,42,10002,49999,13,0,600,0,/pfs/pfs-7jnepv/lgd/libero_fullmatrix_20260909/evaluations/pi05-t7-c49999-e10002/audited_summary.json
pi05,7,42,10002,49999,14,0,600,0,/pfs/pfs-7jnepv/lgd/libero_fullmatrix_20260909/evaluations/pi05-t7-c49999-e10002/audited_summary.json
pi05,7,42,10002,49999,15,1,469,1,/pfs/pfs-7jnepv/lgd/libero_fullmatrix_20260909/evaluations/pi05-t7-c49999-e10002/audited_summary.json
pi05,7,42,10002,49999,16,0,600,0,/pfs/pfs-7jnepv/lgd/libero_fullmatrix_20260909/evaluations/pi05-t7-c49999-e10002/audited_summary.json
pi05,7,42,10002,49999,17,0,600,0,/pfs/pfs-7jnepv/lgd/libero_fullmatrix_20260909/evaluations/pi05-t7-c49999-e10002/audited_summary.json
pi05,7,42,10002,49999,18,0,600,0,/pfs/pfs-7jnepv/lgd/libero_fullmatrix_20260909/evaluations/pi05-t7-c49999-e10002/audited_summary.json
pi05,7,42,10002,49999,19,0,600,0,/pfs/pfs-7jnepv/lgd/libero_fullmatrix_20260909/evaluations/pi05-t7-c49999-e10002/audited_summary.json
pi05,7,42,10003,49999,0,0,600,0,/pfs/pfs-7jnepv/lgd/libero_fullmatrix_20260909/evaluations/pi05-t7-c49999-e10003/audited_summary.json
pi05,7,42,10003,49999,1,0,600,0,/pfs/pfs-7jnepv/lgd/libero_fullmatrix_20260909/evaluations/pi05-t7-c49999-e10003/audited_summary.json
pi05,7,42,10003,49999,2,1,316,1,/pfs/pfs-7jnepv/lgd/libero_fullmatrix_20260909/evaluations/pi05-t7-c49999-e10003/audited_summary.json
pi05,7,42,10003,49999,3,0,600,0,/pfs/pfs-7jnepv/lgd/libero_fullmatrix_20260909/evaluations/pi05-t7-c49999-e10003/audited_summary.json
pi05,7,42,10003,49999,4,1,344,1,/pfs/pfs-7jnepv/lgd/libero_fullmatrix_20260909/evaluations/pi05-t7-c49999-e10003/audited_summary.json
pi05,7,42,10003,49999,5,1,383,1,/pfs/pfs-7jnepv/lgd/libero_fullmatrix_20260909/evaluations/pi05-t7-c49999-e10003/audited_summary.json
pi05,7,42,10003,49999,6,0,600,0,/pfs/pfs-7jnepv/lgd/libero_fullmatrix_20260909/evaluations/pi05-t7-c49999-e10003/audited_summary.json
pi05,7,42,10003,49999,7,0,600,0,/pfs/pfs-7jnepv/lgd/libero_fullmatrix_20260909/evaluations/pi05-t7-c49999-e10003/audited_summary.json
pi05,7,42,10003,49999,8,0,600,0,/pfs/pfs-7jnepv/lgd/libero_fullmatrix_20260909/evaluations/pi05-t7-c49999-e10003/audited_summary.json
pi05,7,42,10003,49999,9,1,402,1,/pfs/pfs-7jnepv/lgd/libero_fullmatrix_20260909/evaluations/pi05-t7-c49999-e10003/audited_summary.json
pi05,7,42,10003,49999,10,0,600,0,/pfs/pfs-7jnepv/lgd/libero_fullmatrix_20260909/evaluations/pi05-t7-c49999-e10003/audited_summary.json
pi05,7,42,10003,49999,11,0,600,0,/pfs/pfs-7jnepv/lgd/libero_fullmatrix_20260909/evaluations/pi05-t7-c49999-e10003/audited_summary.json
pi05,7,42,10003,49999,12,1,587,1,/pfs/pfs-7jnepv/lgd/libero_fullmatrix_20260909/evaluations/pi05-t7-c49999-e10003/audited_summary.json
pi05,7,42,10003,49999,13,0,600,0,/pfs/pfs-7jnepv/lgd/libero_fullmatrix_20260909/evaluations/pi05-t7-c49999-e10003/audited_summary.json
pi05,7,42,10003,49999,14,0,600,0,/pfs/pfs-7jnepv/lgd/libero_fullmatrix_20260909/evaluations/pi05-t7-c49999-e10003/audited_summary.json
pi05,7,42,10003,49999,15,0,600,0,/pfs/pfs-7jnepv/lgd/libero_fullmatrix_20260909/evaluations/pi05-t7-c49999-e10003/audited_summary.json
pi05,7,42,10003,49999,16,1,406,1,/pfs/pfs-7jnepv/lgd/libero_fullmatrix_20260909/evaluations/pi05-t7-c49999-e10003/audited_summary.json
pi05,7,42,10003,49999,17,0,600,0,/pfs/pfs-7jnepv/lgd/libero_fullmatrix_20260909/evaluations/pi05-t7-c49999-e10003/audited_summary.json
pi05,7,42,10003,49999,18,0,600,0,/pfs/pfs-7jnepv/lgd/libero_fullmatrix_20260909/evaluations/pi05-t7-c49999-e10003/audited_summary.json
pi05,7,42,10003,49999,19,1,378,1,/pfs/pfs-7jnepv/lgd/libero_fullmatrix_20260909/evaluations/pi05-t7-c49999-e10003/audited_summary.json
pi05,8,42,10001,49999,0,0,600,0,/pfs/pfs-7jnepv/lgd/libero_fullmatrix_20260909/evaluations/pi05-t8-c49999-e10001/audited_summary.json
pi05,8,42,10001,49999,1,1,515,1,/pfs/pfs-7jnepv/lgd/libero_fullmatrix_20260909/evaluations/pi05-t8-c49999-e10001/audited_summary.json
pi05,8,42,10001,49999,2,1,534,1,/pfs/pfs-7jnepv/lgd/libero_fullmatrix_20260909/evaluations/pi05-t8-c49999-e10001/audited_summary.json
pi05,8,42,10001,49999,3,0,600,0,/pfs/pfs-7jnepv/lgd/libero_fullmatrix_20260909/evaluations/pi05-t8-c49999-e10001/audited_summary.json
pi05,8,42,10001,49999,4,1,531,1,/pfs/pfs-7jnepv/lgd/libero_fullmatrix_20260909/evaluations/pi05-t8-c49999-e10001/audited_summary.json
pi05,8,42,10001,49999,5,0,600,0,/pfs/pfs-7jnepv/lgd/libero_fullmatrix_20260909/evaluations/pi05-t8-c49999-e10001/audited_summary.json
pi05,8,42,10001,49999,6,0,600,0,/pfs/pfs-7jnepv/lgd/libero_fullmatrix_20260909/evaluations/pi05-t8-c49999-e10001/audited_summary.json
pi05,8,42,10001,49999,7,0,600,0,/pfs/pfs-7jnepv/lgd/libero_fullmatrix_20260909/evaluations/pi05-t8-c49999-e10001/audited_summary.json
pi05,8,42,10001,49999,8,0,600,0,/pfs/pfs-7jnepv/lgd/libero_fullmatrix_20260909/evaluations/pi05-t8-c49999-e10001/audited_summary.json
pi05,8,42,10001,49999,9,0,600,0,/pfs/pfs-7jnepv/lgd/libero_fullmatrix_20260909/evaluations/pi05-t8-c49999-e10001/audited_summary.json
pi05,8,42,10001,49999,10,0,600,0,/pfs/pfs-7jnepv/lgd/libero_fullmatrix_20260909/evaluations/pi05-t8-c49999-e10001/audited_summary.json
pi05,8,42,10001,49999,11,1,560,1,/pfs/pfs-7jnepv/lgd/libero_fullmatrix_20260909/evaluations/pi05-t8-c49999-e10001/audited_summary.json
pi05,8,42,10001,49999,12,1,522,1,/pfs/pfs-7jnepv/lgd/libero_fullmatrix_20260909/evaluations/pi05-t8-c49999-e10001/audited_summary.json
pi05,8,42,10001,49999,13,1,534,1,/pfs/pfs-7jnepv/lgd/libero_fullmatrix_20260909/evaluations/pi05-t8-c49999-e10001/audited_summary.json
pi05,8,42,10001,49999,14,0,600,0,/pfs/pfs-7jnepv/lgd/libero_fullmatrix_20260909/evaluations/pi05-t8-c49999-e10001/audited_summary.json
pi05,8,42,10001,49999,15,1,434,1,/pfs/pfs-7jnepv/lgd/libero_fullmatrix_20260909/evaluations/pi05-t8-c49999-e10001/audited_summary.json
pi05,8,42,10001,49999,16,0,600,0,/pfs/pfs-7jnepv/lgd/libero_fullmatrix_20260909/evaluations/pi05-t8-c49999-e10001/audited_summary.json
pi05,8,42,10001,49999,17,0,600,0,/pfs/pfs-7jnepv/lgd/libero_fullmatrix_20260909/evaluations/pi05-t8-c49999-e10001/audited_summary.json
pi05,8,42,10001,49999,18,1,505,1,/pfs/pfs-7jnepv/lgd/libero_fullmatrix_20260909/evaluations/pi05-t8-c49999-e10001/audited_summary.json
pi05,8,42,10001,49999,19,1,525,1,/pfs/pfs-7jnepv/lgd/libero_fullmatrix_20260909/evaluations/pi05-t8-c49999-e10001/audited_summary.json
pi05,8,42,10002,49999,0,0,600,0,/pfs/pfs-7jnepv/lgd/libero_fullmatrix_20260909/evaluations/pi05-t8-c49999-e10002/audited_summary.json
pi05,8,42,10002,49999,1,1,505,1,/pfs/pfs-7jnepv/lgd/libero_fullmatrix_20260909/evaluations/pi05-t8-c49999-e10002/audited_summary.json
pi05,8,42,10002,49999,2,1,497,1,/pfs/pfs-7jnepv/lgd/libero_fullmatrix_20260909/evaluations/pi05-t8-c49999-e10002/audited_summary.json
pi05,8,42,10002,49999,3,0,600,0,/pfs/pfs-7jnepv/lgd/libero_fullmatrix_20260909/evaluations/pi05-t8-c49999-e10002/audited_summary.json
pi05,8,42,10002,49999,4,0,600,0,/pfs/pfs-7jnepv/lgd/libero_fullmatrix_20260909/evaluations/pi05-t8-c49999-e10002/audited_summary.json
pi05,8,42,10002,49999,5,1,600,1,/pfs/pfs-7jnepv/lgd/libero_fullmatrix_20260909/evaluations/pi05-t8-c49999-e10002/audited_summary.json
pi05,8,42,10002,49999,6,0,600,0,/pfs/pfs-7jnepv/lgd/libero_fullmatrix_20260909/evaluations/pi05-t8-c49999-e10002/audited_summary.json
pi05,8,42,10002,49999,7,1,550,1,/pfs/pfs-7jnepv/lgd/libero_fullmatrix_20260909/evaluations/pi05-t8-c49999-e10002/audited_summary.json
pi05,8,42,10002,49999,8,0,600,0,/pfs/pfs-7jnepv/lgd/libero_fullmatrix_20260909/evaluations/pi05-t8-c49999-e10002/audited_summary.json
pi05,8,42,10002,49999,9,1,498,1,/pfs/pfs-7jnepv/lgd/libero_fullmatrix_20260909/evaluations/pi05-t8-c49999-e10002/audited_summary.json
pi05,8,42,10002,49999,10,0,600,0,/pfs/pfs-7jnepv/lgd/libero_fullmatrix_20260909/evaluations/pi05-t8-c49999-e10002/audited_summary.json
pi05,8,42,10002,49999,11,1,508,1,/pfs/pfs-7jnepv/lgd/libero_fullmatrix_20260909/evaluations/pi05-t8-c49999-e10002/audited_summary.json
pi05,8,42,10002,49999,12,1,540,1,/pfs/pfs-7jnepv/lgd/libero_fullmatrix_20260909/evaluations/pi05-t8-c49999-e10002/audited_summary.json
pi05,8,42,10002,49999,13,1,584,1,/pfs/pfs-7jnepv/lgd/libero_fullmatrix_20260909/evaluations/pi05-t8-c49999-e10002/audited_summary.json
pi05,8,42,10002,49999,14,1,529,1,/pfs/pfs-7jnepv/lgd/libero_fullmatrix_20260909/evaluations/pi05-t8-c49999-e10002/audited_summary.json
pi05,8,42,10002,49999,15,1,439,1,/pfs/pfs-7jnepv/lgd/libero_fullmatrix_20260909/evaluations/pi05-t8-c49999-e10002/audited_summary.json
pi05,8,42,10002,49999,16,1,465,1,/pfs/pfs-7jnepv/lgd/libero_fullmatrix_20260909/evaluations/pi05-t8-c49999-e10002/audited_summary.json
pi05,8,42,10002,49999,17,0,600,0,/pfs/pfs-7jnepv/lgd/libero_fullmatrix_20260909/evaluations/pi05-t8-c49999-e10002/audited_summary.json
pi05,8,42,10002,49999,18,1,498,1,/pfs/pfs-7jnepv/lgd/libero_fullmatrix_20260909/evaluations/pi05-t8-c49999-e10002/audited_summary.json
pi05,8,42,10002,49999,19,1,493,1,/pfs/pfs-7jnepv/lgd/libero_fullmatrix_20260909/evaluations/pi05-t8-c49999-e10002/audited_summary.json
pi05,8,42,10003,49999,0,0,600,0,/pfs/pfs-7jnepv/lgd/libero_fullmatrix_20260909/evaluations/pi05-t8-c49999-e10003/audited_summary.json
pi05,8,42,10003,49999,1,1,521,1,/pfs/pfs-7jnepv/lgd/libero_fullmatrix_20260909/evaluations/pi05-t8-c49999-e10003/audited_summary.json
pi05,8,42,10003,49999,2,0,600,0,/pfs/pfs-7jnepv/lgd/libero_fullmatrix_20260909/evaluations/pi05-t8-c49999-e10003/audited_summary.json
pi05,8,42,10003,49999,3,0,600,0,/pfs/pfs-7jnepv/lgd/libero_fullmatrix_20260909/evaluations/pi05-t8-c49999-e10003/audited_summary.json
pi05,8,42,10003,49999,4,1,499,1,/pfs/pfs-7jnepv/lgd/libero_fullmatrix_20260909/evaluations/pi05-t8-c49999-e10003/audited_summary.json
pi05,8,42,10003,49999,5,1,599,1,/pfs/pfs-7jnepv/lgd/libero_fullmatrix_20260909/evaluations/pi05-t8-c49999-e10003/audited_summary.json
pi05,8,42,10003,49999,6,0,600,0,/pfs/pfs-7jnepv/lgd/libero_fullmatrix_20260909/evaluations/pi05-t8-c49999-e10003/audited_summary.json
pi05,8,42,10003,49999,7,1,539,1,/pfs/pfs-7jnepv/lgd/libero_fullmatrix_20260909/evaluations/pi05-t8-c49999-e10003/audited_summary.json
pi05,8,42,10003,49999,8,0,600,0,/pfs/pfs-7jnepv/lgd/libero_fullmatrix_20260909/evaluations/pi05-t8-c49999-e10003/audited_summary.json
pi05,8,42,10003,49999,9,1,556,1,/pfs/pfs-7jnepv/lgd/libero_fullmatrix_20260909/evaluations/pi05-t8-c49999-e10003/audited_summary.json
pi05,8,42,10003,49999,10,0,600,0,/pfs/pfs-7jnepv/lgd/libero_fullmatrix_20260909/evaluations/pi05-t8-c49999-e10003/audited_summary.json
pi05,8,42,10003,49999,11,0,600,0,/pfs/pfs-7jnepv/lgd/libero_fullmatrix_20260909/evaluations/pi05-t8-c49999-e10003/audited_summary.json
pi05,8,42,10003,49999,12,0,600,0,/pfs/pfs-7jnepv/lgd/libero_fullmatrix_20260909/evaluations/pi05-t8-c49999-e10003/audited_summary.json
pi05,8,42,10003,49999,13,0,600,0,/pfs/pfs-7jnepv/lgd/libero_fullmatrix_20260909/evaluations/pi05-t8-c49999-e10003/audited_summary.json
pi05,8,42,10003,49999,14,0,600,0,/pfs/pfs-7jnepv/lgd/libero_fullmatrix_20260909/evaluations/pi05-t8-c49999-e10003/audited_summary.json
pi05,8,42,10003,49999,15,1,449,1,/pfs/pfs-7jnepv/lgd/libero_fullmatrix_20260909/evaluations/pi05-t8-c49999-e10003/audited_summary.json
pi05,8,42,10003,49999,16,1,494,1,/pfs/pfs-7jnepv/lgd/libero_fullmatrix_20260909/evaluations/pi05-t8-c49999-e10003/audited_summary.json
pi05,8,42,10003,49999,17,0,600,0,/pfs/pfs-7jnepv/lgd/libero_fullmatrix_20260909/evaluations/pi05-t8-c49999-e10003/audited_summary.json
pi05,8,42,10003,49999,18,1,507,1,/pfs/pfs-7jnepv/lgd/libero_fullmatrix_20260909/evaluations/pi05-t8-c49999-e10003/audited_summary.json
pi05,8,42,10003,49999,19,1,496,1,/pfs/pfs-7jnepv/lgd/libero_fullmatrix_20260909/evaluations/pi05-t8-c49999-e10003/audited_summary.json
pi05,9,42,10001,49999,0,1,277,1,/pfs/pfs-7jnepv/lgd/libero_fullmatrix_20260909/evaluations/pi05-t9-c49999-e10001/audited_summary.json
pi05,9,42,10001,49999,1,1,276,1,/pfs/pfs-7jnepv/lgd/libero_fullmatrix_20260909/evaluations/pi05-t9-c49999-e10001/audited_summary.json
pi05,9,42,10001,49999,2,1,298,1,/pfs/pfs-7jnepv/lgd/libero_fullmatrix_20260909/evaluations/pi05-t9-c49999-e10001/audited_summary.json
pi05,9,42,10001,49999,3,1,299,1,/pfs/pfs-7jnepv/lgd/libero_fullmatrix_20260909/evaluations/pi05-t9-c49999-e10001/audited_summary.json
pi05,9,42,10001,49999,4,1,297,1,/pfs/pfs-7jnepv/lgd/libero_fullmatrix_20260909/evaluations/pi05-t9-c49999-e10001/audited_summary.json
pi05,9,42,10001,49999,5,1,283,1,/pfs/pfs-7jnepv/lgd/libero_fullmatrix_20260909/evaluations/pi05-t9-c49999-e10001/audited_summary.json
pi05,9,42,10001,49999,6,1,279,1,/pfs/pfs-7jnepv/lgd/libero_fullmatrix_20260909/evaluations/pi05-t9-c49999-e10001/audited_summary.json
pi05,9,42,10001,49999,7,1,304,1,/pfs/pfs-7jnepv/lgd/libero_fullmatrix_20260909/evaluations/pi05-t9-c49999-e10001/audited_summary.json
pi05,9,42,10001,49999,8,1,292,1,/pfs/pfs-7jnepv/lgd/libero_fullmatrix_20260909/evaluations/pi05-t9-c49999-e10001/audited_summary.json
pi05,9,42,10001,49999,9,1,314,1,/pfs/pfs-7jnepv/lgd/libero_fullmatrix_20260909/evaluations/pi05-t9-c49999-e10001/audited_summary.json
pi05,9,42,10001,49999,10,1,295,1,/pfs/pfs-7jnepv/lgd/libero_fullmatrix_20260909/evaluations/pi05-t9-c49999-e10001/audited_summary.json
pi05,9,42,10001,49999,11,1,294,1,/pfs/pfs-7jnepv/lgd/libero_fullmatrix_20260909/evaluations/pi05-t9-c49999-e10001/audited_summary.json
pi05,9,42,10001,49999,12,1,269,1,/pfs/pfs-7jnepv/lgd/libero_fullmatrix_20260909/evaluations/pi05-t9-c49999-e10001/audited_summary.json
pi05,9,42,10001,49999,13,1,340,1,/pfs/pfs-7jnepv/lgd/libero_fullmatrix_20260909/evaluations/pi05-t9-c49999-e10001/audited_summary.json
pi05,9,42,10001,49999,14,1,297,1,/pfs/pfs-7jnepv/lgd/libero_fullmatrix_20260909/evaluations/pi05-t9-c49999-e10001/audited_summary.json
pi05,9,42,10001,49999,15,1,274,1,/pfs/pfs-7jnepv/lgd/libero_fullmatrix_20260909/evaluations/pi05-t9-c49999-e10001/audited_summary.json
pi05,9,42,10001,49999,16,1,292,1,/pfs/pfs-7jnepv/lgd/libero_fullmatrix_20260909/evaluations/pi05-t9-c49999-e10001/audited_summary.json
pi05,9,42,10001,49999,17,1,325,1,/pfs/pfs-7jnepv/lgd/libero_fullmatrix_20260909/evaluations/pi05-t9-c49999-e10001/audited_summary.json
pi05,9,42,10001,49999,18,1,308,1,/pfs/pfs-7jnepv/lgd/libero_fullmatrix_20260909/evaluations/pi05-t9-c49999-e10001/audited_summary.json
pi05,9,42,10001,49999,19,1,296,1,/pfs/pfs-7jnepv/lgd/libero_fullmatrix_20260909/evaluations/pi05-t9-c49999-e10001/audited_summary.json
pi05,9,42,10002,49999,0,1,294,1,/pfs/pfs-7jnepv/lgd/libero_fullmatrix_20260909/evaluations/pi05-t9-c49999-e10002/audited_summary.json
pi05,9,42,10002,49999,1,1,291,1,/pfs/pfs-7jnepv/lgd/libero_fullmatrix_20260909/evaluations/pi05-t9-c49999-e10002/audited_summary.json
pi05,9,42,10002,49999,2,1,329,1,/pfs/pfs-7jnepv/lgd/libero_fullmatrix_20260909/evaluations/pi05-t9-c49999-e10002/audited_summary.json
pi05,9,42,10002,49999,3,1,294,1,/pfs/pfs-7jnepv/lgd/libero_fullmatrix_20260909/evaluations/pi05-t9-c49999-e10002/audited_summary.json
pi05,9,42,10002,49999,4,1,291,1,/pfs/pfs-7jnepv/lgd/libero_fullmatrix_20260909/evaluations/pi05-t9-c49999-e10002/audited_summary.json
pi05,9,42,10002,49999,5,1,278,1,/pfs/pfs-7jnepv/lgd/libero_fullmatrix_20260909/evaluations/pi05-t9-c49999-e10002/audited_summary.json
pi05,9,42,10002,49999,6,1,308,1,/pfs/pfs-7jnepv/lgd/libero_fullmatrix_20260909/evaluations/pi05-t9-c49999-e10002/audited_summary.json
pi05,9,42,10002,49999,7,1,299,1,/pfs/pfs-7jnepv/lgd/libero_fullmatrix_20260909/evaluations/pi05-t9-c49999-e10002/audited_summary.json
pi05,9,42,10002,49999,8,1,283,1,/pfs/pfs-7jnepv/lgd/libero_fullmatrix_20260909/evaluations/pi05-t9-c49999-e10002/audited_summary.json
pi05,9,42,10002,49999,9,1,314,1,/pfs/pfs-7jnepv/lgd/libero_fullmatrix_20260909/evaluations/pi05-t9-c49999-e10002/audited_summary.json
pi05,9,42,10002,49999,10,1,294,1,/pfs/pfs-7jnepv/lgd/libero_fullmatrix_20260909/evaluations/pi05-t9-c49999-e10002/audited_summary.json
pi05,9,42,10002,49999,11,1,298,1,/pfs/pfs-7jnepv/lgd/libero_fullmatrix_20260909/evaluations/pi05-t9-c49999-e10002/audited_summary.json
pi05,9,42,10002,49999,12,1,358,1,/pfs/pfs-7jnepv/lgd/libero_fullmatrix_20260909/evaluations/pi05-t9-c49999-e10002/audited_summary.json
pi05,9,42,10002,49999,13,1,303,1,/pfs/pfs-7jnepv/lgd/libero_fullmatrix_20260909/evaluations/pi05-t9-c49999-e10002/audited_summary.json
pi05,9,42,10002,49999,14,1,294,1,/pfs/pfs-7jnepv/lgd/libero_fullmatrix_20260909/evaluations/pi05-t9-c49999-e10002/audited_summary.json
pi05,9,42,10002,49999,15,1,273,1,/pfs/pfs-7jnepv/lgd/libero_fullmatrix_20260909/evaluations/pi05-t9-c49999-e10002/audited_summary.json
pi05,9,42,10002,49999,16,1,286,1,/pfs/pfs-7jnepv/lgd/libero_fullmatrix_20260909/evaluations/pi05-t9-c49999-e10002/audited_summary.json
pi05,9,42,10002,49999,17,1,322,1,/pfs/pfs-7jnepv/lgd/libero_fullmatrix_20260909/evaluations/pi05-t9-c49999-e10002/audited_summary.json
pi05,9,42,10002,49999,18,1,301,1,/pfs/pfs-7jnepv/lgd/libero_fullmatrix_20260909/evaluations/pi05-t9-c49999-e10002/audited_summary.json
pi05,9,42,10002,49999,19,1,289,1,/pfs/pfs-7jnepv/lgd/libero_fullmatrix_20260909/evaluations/pi05-t9-c49999-e10002/audited_summary.json
pi05,9,42,10003,49999,0,1,308,1,/pfs/pfs-7jnepv/lgd/libero_fullmatrix_20260909/evaluations/pi05-t9-c49999-e10003/audited_summary.json
pi05,9,42,10003,49999,1,1,288,1,/pfs/pfs-7jnepv/lgd/libero_fullmatrix_20260909/evaluations/pi05-t9-c49999-e10003/audited_summary.json
pi05,9,42,10003,49999,2,1,303,1,/pfs/pfs-7jnepv/lgd/libero_fullmatrix_20260909/evaluations/pi05-t9-c49999-e10003/audited_summary.json
pi05,9,42,10003,49999,3,1,295,1,/pfs/pfs-7jnepv/lgd/libero_fullmatrix_20260909/evaluations/pi05-t9-c49999-e10003/audited_summary.json
pi05,9,42,10003,49999,4,1,283,1,/pfs/pfs-7jnepv/lgd/libero_fullmatrix_20260909/evaluations/pi05-t9-c49999-e10003/audited_summary.json
pi05,9,42,10003,49999,5,1,299,1,/pfs/pfs-7jnepv/lgd/libero_fullmatrix_20260909/evaluations/pi05-t9-c49999-e10003/audited_summary.json
pi05,9,42,10003,49999,6,1,288,1,/pfs/pfs-7jnepv/lgd/libero_fullmatrix_20260909/evaluations/pi05-t9-c49999-e10003/audited_summary.json
pi05,9,42,10003,49999,7,1,288,1,/pfs/pfs-7jnepv/lgd/libero_fullmatrix_20260909/evaluations/pi05-t9-c49999-e10003/audited_summary.json
pi05,9,42,10003,49999,8,1,301,1,/pfs/pfs-7jnepv/lgd/libero_fullmatrix_20260909/evaluations/pi05-t9-c49999-e10003/audited_summary.json
pi05,9,42,10003,49999,9,1,307,1,/pfs/pfs-7jnepv/lgd/libero_fullmatrix_20260909/evaluations/pi05-t9-c49999-e10003/audited_summary.json
pi05,9,42,10003,49999,10,1,278,1,/pfs/pfs-7jnepv/lgd/libero_fullmatrix_20260909/evaluations/pi05-t9-c49999-e10003/audited_summary.json
pi05,9,42,10003,49999,11,1,306,1,/pfs/pfs-7jnepv/lgd/libero_fullmatrix_20260909/evaluations/pi05-t9-c49999-e10003/audited_summary.json
pi05,9,42,10003,49999,12,1,264,1,/pfs/pfs-7jnepv/lgd/libero_fullmatrix_20260909/evaluations/pi05-t9-c49999-e10003/audited_summary.json
pi05,9,42,10003,49999,13,1,301,1,/pfs/pfs-7jnepv/lgd/libero_fullmatrix_20260909/evaluations/pi05-t9-c49999-e10003/audited_summary.json
pi05,9,42,10003,49999,14,1,294,1,/pfs/pfs-7jnepv/lgd/libero_fullmatrix_20260909/evaluations/pi05-t9-c49999-e10003/audited_summary.json
pi05,9,42,10003,49999,15,1,296,1,/pfs/pfs-7jnepv/lgd/libero_fullmatrix_20260909/evaluations/pi05-t9-c49999-e10003/audited_summary.json
pi05,9,42,10003,49999,16,1,287,1,/pfs/pfs-7jnepv/lgd/libero_fullmatrix_20260909/evaluations/pi05-t9-c49999-e10003/audited_summary.json
pi05,9,42,10003,49999,17,1,307,1,/pfs/pfs-7jnepv/lgd/libero_fullmatrix_20260909/evaluations/pi05-t9-c49999-e10003/audited_summary.json
pi05,9,42,10003,49999,18,1,286,1,/pfs/pfs-7jnepv/lgd/libero_fullmatrix_20260909/evaluations/pi05-t9-c49999-e10003/audited_summary.json
pi05,9,42,10003,49999,19,1,309,1,/pfs/pfs-7jnepv/lgd/libero_fullmatrix_20260909/evaluations/pi05-t9-c49999-e10003/audited_summary.json
pi05,10,42,10001,49999,0,1,263,1,/pfs/pfs-7jnepv/lgd/libero_fullmatrix_20260909/evaluations/pi05-t10-c49999-e10001/audited_summary.json
pi05,10,42,10001,49999,1,1,275,1,/pfs/pfs-7jnepv/lgd/libero_fullmatrix_20260909/evaluations/pi05-t10-c49999-e10001/audited_summary.json
pi05,10,42,10001,49999,2,1,290,1,/pfs/pfs-7jnepv/lgd/libero_fullmatrix_20260909/evaluations/pi05-t10-c49999-e10001/audited_summary.json
pi05,10,42,10001,49999,3,1,281,1,/pfs/pfs-7jnepv/lgd/libero_fullmatrix_20260909/evaluations/pi05-t10-c49999-e10001/audited_summary.json
pi05,10,42,10001,49999,4,1,277,1,/pfs/pfs-7jnepv/lgd/libero_fullmatrix_20260909/evaluations/pi05-t10-c49999-e10001/audited_summary.json
pi05,10,42,10001,49999,5,1,278,1,/pfs/pfs-7jnepv/lgd/libero_fullmatrix_20260909/evaluations/pi05-t10-c49999-e10001/audited_summary.json
pi05,10,42,10001,49999,6,1,274,1,/pfs/pfs-7jnepv/lgd/libero_fullmatrix_20260909/evaluations/pi05-t10-c49999-e10001/audited_summary.json
pi05,10,42,10001,49999,7,1,277,1,/pfs/pfs-7jnepv/lgd/libero_fullmatrix_20260909/evaluations/pi05-t10-c49999-e10001/audited_summary.json
pi05,10,42,10001,49999,8,1,270,1,/pfs/pfs-7jnepv/lgd/libero_fullmatrix_20260909/evaluations/pi05-t10-c49999-e10001/audited_summary.json
pi05,10,42,10001,49999,9,1,295,1,/pfs/pfs-7jnepv/lgd/libero_fullmatrix_20260909/evaluations/pi05-t10-c49999-e10001/audited_summary.json
pi05,10,42,10001,49999,10,1,292,1,/pfs/pfs-7jnepv/lgd/libero_fullmatrix_20260909/evaluations/pi05-t10-c49999-e10001/audited_summary.json
pi05,10,42,10001,49999,11,1,271,1,/pfs/pfs-7jnepv/lgd/libero_fullmatrix_20260909/evaluations/pi05-t10-c49999-e10001/audited_summary.json
pi05,10,42,10001,49999,12,1,280,1,/pfs/pfs-7jnepv/lgd/libero_fullmatrix_20260909/evaluations/pi05-t10-c49999-e10001/audited_summary.json
pi05,10,42,10001,49999,13,1,296,1,/pfs/pfs-7jnepv/lgd/libero_fullmatrix_20260909/evaluations/pi05-t10-c49999-e10001/audited_summary.json
pi05,10,42,10001,49999,14,1,293,1,/pfs/pfs-7jnepv/lgd/libero_fullmatrix_20260909/evaluations/pi05-t10-c49999-e10001/audited_summary.json
pi05,10,42,10001,49999,15,1,273,1,/pfs/pfs-7jnepv/lgd/libero_fullmatrix_20260909/evaluations/pi05-t10-c49999-e10001/audited_summary.json
pi05,10,42,10001,49999,16,1,288,1,/pfs/pfs-7jnepv/lgd/libero_fullmatrix_20260909/evaluations/pi05-t10-c49999-e10001/audited_summary.json
pi05,10,42,10001,49999,17,1,292,1,/pfs/pfs-7jnepv/lgd/libero_fullmatrix_20260909/evaluations/pi05-t10-c49999-e10001/audited_summary.json
pi05,10,42,10001,49999,18,1,282,1,/pfs/pfs-7jnepv/lgd/libero_fullmatrix_20260909/evaluations/pi05-t10-c49999-e10001/audited_summary.json
pi05,10,42,10001,49999,19,1,285,1,/pfs/pfs-7jnepv/lgd/libero_fullmatrix_20260909/evaluations/pi05-t10-c49999-e10001/audited_summary.json
pi05,10,42,10002,49999,0,1,296,1,/pfs/pfs-7jnepv/lgd/libero_fullmatrix_20260909/evaluations/pi05-t10-c49999-e10002/audited_summary.json
pi05,10,42,10002,49999,1,1,276,1,/pfs/pfs-7jnepv/lgd/libero_fullmatrix_20260909/evaluations/pi05-t10-c49999-e10002/audited_summary.json
pi05,10,42,10002,49999,2,1,273,1,/pfs/pfs-7jnepv/lgd/libero_fullmatrix_20260909/evaluations/pi05-t10-c49999-e10002/audited_summary.json
pi05,10,42,10002,49999,3,1,303,1,/pfs/pfs-7jnepv/lgd/libero_fullmatrix_20260909/evaluations/pi05-t10-c49999-e10002/audited_summary.json
pi05,10,42,10002,49999,4,1,274,1,/pfs/pfs-7jnepv/lgd/libero_fullmatrix_20260909/evaluations/pi05-t10-c49999-e10002/audited_summary.json
pi05,10,42,10002,49999,5,1,277,1,/pfs/pfs-7jnepv/lgd/libero_fullmatrix_20260909/evaluations/pi05-t10-c49999-e10002/audited_summary.json
pi05,10,42,10002,49999,6,1,262,1,/pfs/pfs-7jnepv/lgd/libero_fullmatrix_20260909/evaluations/pi05-t10-c49999-e10002/audited_summary.json
pi05,10,42,10002,49999,7,1,274,1,/pfs/pfs-7jnepv/lgd/libero_fullmatrix_20260909/evaluations/pi05-t10-c49999-e10002/audited_summary.json
pi05,10,42,10002,49999,8,1,273,1,/pfs/pfs-7jnepv/lgd/libero_fullmatrix_20260909/evaluations/pi05-t10-c49999-e10002/audited_summary.json
pi05,10,42,10002,49999,9,1,293,1,/pfs/pfs-7jnepv/lgd/libero_fullmatrix_20260909/evaluations/pi05-t10-c49999-e10002/audited_summary.json
pi05,10,42,10002,49999,10,1,294,1,/pfs/pfs-7jnepv/lgd/libero_fullmatrix_20260909/evaluations/pi05-t10-c49999-e10002/audited_summary.json
pi05,10,42,10002,49999,11,1,279,1,/pfs/pfs-7jnepv/lgd/libero_fullmatrix_20260909/evaluations/pi05-t10-c49999-e10002/audited_summary.json
pi05,10,42,10002,49999,12,1,306,1,/pfs/pfs-7jnepv/lgd/libero_fullmatrix_20260909/evaluations/pi05-t10-c49999-e10002/audited_summary.json
pi05,10,42,10002,49999,13,1,286,1,/pfs/pfs-7jnepv/lgd/libero_fullmatrix_20260909/evaluations/pi05-t10-c49999-e10002/audited_summary.json
pi05,10,42,10002,49999,14,1,287,1,/pfs/pfs-7jnepv/lgd/libero_fullmatrix_20260909/evaluations/pi05-t10-c49999-e10002/audited_summary.json
pi05,10,42,10002,49999,15,1,273,1,/pfs/pfs-7jnepv/lgd/libero_fullmatrix_20260909/evaluations/pi05-t10-c49999-e10002/audited_summary.json
pi05,10,42,10002,49999,16,1,282,1,/pfs/pfs-7jnepv/lgd/libero_fullmatrix_20260909/evaluations/pi05-t10-c49999-e10002/audited_summary.json
pi05,10,42,10002,49999,17,1,291,1,/pfs/pfs-7jnepv/lgd/libero_fullmatrix_20260909/evaluations/pi05-t10-c49999-e10002/audited_summary.json
pi05,10,42,10002,49999,18,1,268,1,/pfs/pfs-7jnepv/lgd/libero_fullmatrix_20260909/evaluations/pi05-t10-c49999-e10002/audited_summary.json
pi05,10,42,10002,49999,19,1,281,1,/pfs/pfs-7jnepv/lgd/libero_fullmatrix_20260909/evaluations/pi05-t10-c49999-e10002/audited_summary.json
pi05,10,42,10003,49999,0,1,269,1,/pfs/pfs-7jnepv/lgd/libero_fullmatrix_20260909/evaluations/pi05-t10-c49999-e10003/audited_summary.json
pi05,10,42,10003,49999,1,1,290,1,/pfs/pfs-7jnepv/lgd/libero_fullmatrix_20260909/evaluations/pi05-t10-c49999-e10003/audited_summary.json
pi05,10,42,10003,49999,2,1,275,1,/pfs/pfs-7jnepv/lgd/libero_fullmatrix_20260909/evaluations/pi05-t10-c49999-e10003/audited_summary.json
pi05,10,42,10003,49999,3,1,283,1,/pfs/pfs-7jnepv/lgd/libero_fullmatrix_20260909/evaluations/pi05-t10-c49999-e10003/audited_summary.json
pi05,10,42,10003,49999,4,1,273,1,/pfs/pfs-7jnepv/lgd/libero_fullmatrix_20260909/evaluations/pi05-t10-c49999-e10003/audited_summary.json
pi05,10,42,10003,49999,5,1,275,1,/pfs/pfs-7jnepv/lgd/libero_fullmatrix_20260909/evaluations/pi05-t10-c49999-e10003/audited_summary.json
pi05,10,42,10003,49999,6,1,250,1,/pfs/pfs-7jnepv/lgd/libero_fullmatrix_20260909/evaluations/pi05-t10-c49999-e10003/audited_summary.json
pi05,10,42,10003,49999,7,1,281,1,/pfs/pfs-7jnepv/lgd/libero_fullmatrix_20260909/evaluations/pi05-t10-c49999-e10003/audited_summary.json
pi05,10,42,10003,49999,8,1,275,1,/pfs/pfs-7jnepv/lgd/libero_fullmatrix_20260909/evaluations/pi05-t10-c49999-e10003/audited_summary.json
pi05,10,42,10003,49999,9,1,294,1,/pfs/pfs-7jnepv/lgd/libero_fullmatrix_20260909/evaluations/pi05-t10-c49999-e10003/audited_summary.json
pi05,10,42,10003,49999,10,1,278,1,/pfs/pfs-7jnepv/lgd/libero_fullmatrix_20260909/evaluations/pi05-t10-c49999-e10003/audited_summary.json
pi05,10,42,10003,49999,11,1,275,1,/pfs/pfs-7jnepv/lgd/libero_fullmatrix_20260909/evaluations/pi05-t10-c49999-e10003/audited_summary.json
pi05,10,42,10003,49999,12,1,269,1,/pfs/pfs-7jnepv/lgd/libero_fullmatrix_20260909/evaluations/pi05-t10-c49999-e10003/audited_summary.json
pi05,10,42,10003,49999,13,1,282,1,/pfs/pfs-7jnepv/lgd/libero_fullmatrix_20260909/evaluations/pi05-t10-c49999-e10003/audited_summary.json
pi05,10,42,10003,49999,14,1,304,1,/pfs/pfs-7jnepv/lgd/libero_fullmatrix_20260909/evaluations/pi05-t10-c49999-e10003/audited_summary.json
pi05,10,42,10003,49999,15,1,305,1,/pfs/pfs-7jnepv/lgd/libero_fullmatrix_20260909/evaluations/pi05-t10-c49999-e10003/audited_summary.json
pi05,10,42,10003,49999,16,1,265,1,/pfs/pfs-7jnepv/lgd/libero_fullmatrix_20260909/evaluations/pi05-t10-c49999-e10003/audited_summary.json
pi05,10,42,10003,49999,17,1,275,1,/pfs/pfs-7jnepv/lgd/libero_fullmatrix_20260909/evaluations/pi05-t10-c49999-e10003/audited_summary.json
pi05,10,42,10003,49999,18,1,281,1,/pfs/pfs-7jnepv/lgd/libero_fullmatrix_20260909/evaluations/pi05-t10-c49999-e10003/audited_summary.json
pi05,10,42,10003,49999,19,1,275,1,/pfs/pfs-7jnepv/lgd/libero_fullmatrix_20260909/evaluations/pi05-t10-c49999-e10003/audited_summary.json
MemoryVLA,1,42,10001,40000,0,1,122,1,/pfs/pfs-7jnepv/lgd/libero_fullmatrix_20260909/evaluations/MemoryVLA-c40000-t1-e10001/audited_summary.json
MemoryVLA,1,42,10001,40000,1,1,97,1,/pfs/pfs-7jnepv/lgd/libero_fullmatrix_20260909/evaluations/MemoryVLA-c40000-t1-e10001/audited_summary.json
MemoryVLA,1,42,10001,40000,2,1,122,1,/pfs/pfs-7jnepv/lgd/libero_fullmatrix_20260909/evaluations/MemoryVLA-c40000-t1-e10001/audited_summary.json
MemoryVLA,1,42,10001,40000,3,1,119,1,/pfs/pfs-7jnepv/lgd/libero_fullmatrix_20260909/evaluations/MemoryVLA-c40000-t1-e10001/audited_summary.json
MemoryVLA,1,42,10001,40000,4,1,109,1,/pfs/pfs-7jnepv/lgd/libero_fullmatrix_20260909/evaluations/MemoryVLA-c40000-t1-e10001/audited_summary.json
MemoryVLA,1,42,10001,40000,5,1,107,1,/pfs/pfs-7jnepv/lgd/libero_fullmatrix_20260909/evaluations/MemoryVLA-c40000-t1-e10001/audited_summary.json
MemoryVLA,1,42,10001,40000,6,1,115,1,/pfs/pfs-7jnepv/lgd/libero_fullmatrix_20260909/evaluations/MemoryVLA-c40000-t1-e10001/audited_summary.json
MemoryVLA,1,42,10001,40000,7,1,109,1,/pfs/pfs-7jnepv/lgd/libero_fullmatrix_20260909/evaluations/MemoryVLA-c40000-t1-e10001/audited_summary.json
MemoryVLA,1,42,10001,40000,8,1,121,1,/pfs/pfs-7jnepv/lgd/libero_fullmatrix_20260909/evaluations/MemoryVLA-c40000-t1-e10001/audited_summary.json
MemoryVLA,1,42,10001,40000,9,1,117,1,/pfs/pfs-7jnepv/lgd/libero_fullmatrix_20260909/evaluations/MemoryVLA-c40000-t1-e10001/audited_summary.json
MemoryVLA,1,42,10001,40000,10,1,105,1,/pfs/pfs-7jnepv/lgd/libero_fullmatrix_20260909/evaluations/MemoryVLA-c40000-t1-e10001/audited_summary.json
MemoryVLA,1,42,10001,40000,11,1,129,1,/pfs/pfs-7jnepv/lgd/libero_fullmatrix_20260909/evaluations/MemoryVLA-c40000-t1-e10001/audited_summary.json
MemoryVLA,1,42,10001,40000,12,1,109,1,/pfs/pfs-7jnepv/lgd/libero_fullmatrix_20260909/evaluations/MemoryVLA-c40000-t1-e10001/audited_summary.json
MemoryVLA,1,42,10001,40000,13,1,101,1,/pfs/pfs-7jnepv/lgd/libero_fullmatrix_20260909/evaluations/MemoryVLA-c40000-t1-e10001/audited_summary.json
MemoryVLA,1,42,10001,40000,14,1,111,1,/pfs/pfs-7jnepv/lgd/libero_fullmatrix_20260909/evaluations/MemoryVLA-c40000-t1-e10001/audited_summary.json
MemoryVLA,1,42,10001,40000,15,1,117,1,/pfs/pfs-7jnepv/lgd/libero_fullmatrix_20260909/evaluations/MemoryVLA-c40000-t1-e10001/audited_summary.json
MemoryVLA,1,42,10001,40000,16,1,120,1,/pfs/pfs-7jnepv/lgd/libero_fullmatrix_20260909/evaluations/MemoryVLA-c40000-t1-e10001/audited_summary.json
MemoryVLA,1,42,10001,40000,17,1,123,1,/pfs/pfs-7jnepv/lgd/libero_fullmatrix_20260909/evaluations/MemoryVLA-c40000-t1-e10001/audited_summary.json
MemoryVLA,1,42,10001,40000,18,1,130,1,/pfs/pfs-7jnepv/lgd/libero_fullmatrix_20260909/evaluations/MemoryVLA-c40000-t1-e10001/audited_summary.json
MemoryVLA,1,42,10001,40000,19,1,120,1,/pfs/pfs-7jnepv/lgd/libero_fullmatrix_20260909/evaluations/MemoryVLA-c40000-t1-e10001/audited_summary.json
MemoryVLA,1,42,10002,40000,0,1,105,1,/pfs/pfs-7jnepv/lgd/libero_fullmatrix_20260909/evaluations/MemoryVLA-c40000-t1-e10002/audited_summary.json
MemoryVLA,1,42,10002,40000,1,1,97,1,/pfs/pfs-7jnepv/lgd/libero_fullmatrix_20260909/evaluations/MemoryVLA-c40000-t1-e10002/audited_summary.json
MemoryVLA,1,42,10002,40000,2,1,125,1,/pfs/pfs-7jnepv/lgd/libero_fullmatrix_20260909/evaluations/MemoryVLA-c40000-t1-e10002/audited_summary.json
MemoryVLA,1,42,10002,40000,3,1,118,1,/pfs/pfs-7jnepv/lgd/libero_fullmatrix_20260909/evaluations/MemoryVLA-c40000-t1-e10002/audited_summary.json
MemoryVLA,1,42,10002,40000,4,1,106,1,/pfs/pfs-7jnepv/lgd/libero_fullmatrix_20260909/evaluations/MemoryVLA-c40000-t1-e10002/audited_summary.json
MemoryVLA,1,42,10002,40000,5,1,108,1,/pfs/pfs-7jnepv/lgd/libero_fullmatrix_20260909/evaluations/MemoryVLA-c40000-t1-e10002/audited_summary.json
MemoryVLA,1,42,10002,40000,6,1,109,1,/pfs/pfs-7jnepv/lgd/libero_fullmatrix_20260909/evaluations/MemoryVLA-c40000-t1-e10002/audited_summary.json
MemoryVLA,1,42,10002,40000,7,1,109,1,/pfs/pfs-7jnepv/lgd/libero_fullmatrix_20260909/evaluations/MemoryVLA-c40000-t1-e10002/audited_summary.json
MemoryVLA,1,42,10002,40000,8,1,121,1,/pfs/pfs-7jnepv/lgd/libero_fullmatrix_20260909/evaluations/MemoryVLA-c40000-t1-e10002/audited_summary.json
MemoryVLA,1,42,10002,40000,9,1,111,1,/pfs/pfs-7jnepv/lgd/libero_fullmatrix_20260909/evaluations/MemoryVLA-c40000-t1-e10002/audited_summary.json
MemoryVLA,1,42,10002,40000,10,1,112,1,/pfs/pfs-7jnepv/lgd/libero_fullmatrix_20260909/evaluations/MemoryVLA-c40000-t1-e10002/audited_summary.json
MemoryVLA,1,42,10002,40000,11,1,126,1,/pfs/pfs-7jnepv/lgd/libero_fullmatrix_20260909/evaluations/MemoryVLA-c40000-t1-e10002/audited_summary.json
MemoryVLA,1,42,10002,40000,12,1,122,1,/pfs/pfs-7jnepv/lgd/libero_fullmatrix_20260909/evaluations/MemoryVLA-c40000-t1-e10002/audited_summary.json
MemoryVLA,1,42,10002,40000,13,1,117,1,/pfs/pfs-7jnepv/lgd/libero_fullmatrix_20260909/evaluations/MemoryVLA-c40000-t1-e10002/audited_summary.json
MemoryVLA,1,42,10002,40000,14,1,113,1,/pfs/pfs-7jnepv/lgd/libero_fullmatrix_20260909/evaluations/MemoryVLA-c40000-t1-e10002/audited_summary.json
MemoryVLA,1,42,10002,40000,15,1,265,1,/pfs/pfs-7jnepv/lgd/libero_fullmatrix_20260909/evaluations/MemoryVLA-c40000-t1-e10002/audited_summary.json
MemoryVLA,1,42,10002,40000,16,1,120,1,/pfs/pfs-7jnepv/lgd/libero_fullmatrix_20260909/evaluations/MemoryVLA-c40000-t1-e10002/audited_summary.json
MemoryVLA,1,42,10002,40000,17,1,116,1,/pfs/pfs-7jnepv/lgd/libero_fullmatrix_20260909/evaluations/MemoryVLA-c40000-t1-e10002/audited_summary.json
MemoryVLA,1,42,10002,40000,18,1,128,1,/pfs/pfs-7jnepv/lgd/libero_fullmatrix_20260909/evaluations/MemoryVLA-c40000-t1-e10002/audited_summary.json
MemoryVLA,1,42,10002,40000,19,1,116,1,/pfs/pfs-7jnepv/lgd/libero_fullmatrix_20260909/evaluations/MemoryVLA-c40000-t1-e10002/audited_summary.json
MemoryVLA,1,42,10003,40000,0,1,123,1,/pfs/pfs-7jnepv/lgd/libero_fullmatrix_20260909/evaluations/MemoryVLA-c40000-t1-e10003/audited_summary.json
MemoryVLA,1,42,10003,40000,1,1,113,1,/pfs/pfs-7jnepv/lgd/libero_fullmatrix_20260909/evaluations/MemoryVLA-c40000-t1-e10003/audited_summary.json
MemoryVLA,1,42,10003,40000,2,1,128,1,/pfs/pfs-7jnepv/lgd/libero_fullmatrix_20260909/evaluations/MemoryVLA-c40000-t1-e10003/audited_summary.json
MemoryVLA,1,42,10003,40000,3,1,114,1,/pfs/pfs-7jnepv/lgd/libero_fullmatrix_20260909/evaluations/MemoryVLA-c40000-t1-e10003/audited_summary.json
MemoryVLA,1,42,10003,40000,4,1,117,1,/pfs/pfs-7jnepv/lgd/libero_fullmatrix_20260909/evaluations/MemoryVLA-c40000-t1-e10003/audited_summary.json
MemoryVLA,1,42,10003,40000,5,1,109,1,/pfs/pfs-7jnepv/lgd/libero_fullmatrix_20260909/evaluations/MemoryVLA-c40000-t1-e10003/audited_summary.json
MemoryVLA,1,42,10003,40000,6,1,108,1,/pfs/pfs-7jnepv/lgd/libero_fullmatrix_20260909/evaluations/MemoryVLA-c40000-t1-e10003/audited_summary.json
MemoryVLA,1,42,10003,40000,7,1,117,1,/pfs/pfs-7jnepv/lgd/libero_fullmatrix_20260909/evaluations/MemoryVLA-c40000-t1-e10003/audited_summary.json
MemoryVLA,1,42,10003,40000,8,1,119,1,/pfs/pfs-7jnepv/lgd/libero_fullmatrix_20260909/evaluations/MemoryVLA-c40000-t1-e10003/audited_summary.json
MemoryVLA,1,42,10003,40000,9,1,117,1,/pfs/pfs-7jnepv/lgd/libero_fullmatrix_20260909/evaluations/MemoryVLA-c40000-t1-e10003/audited_summary.json
MemoryVLA,1,42,10003,40000,10,1,112,1,/pfs/pfs-7jnepv/lgd/libero_fullmatrix_20260909/evaluations/MemoryVLA-c40000-t1-e10003/audited_summary.json
MemoryVLA,1,42,10003,40000,11,1,127,1,/pfs/pfs-7jnepv/lgd/libero_fullmatrix_20260909/evaluations/MemoryVLA-c40000-t1-e10003/audited_summary.json
MemoryVLA,1,42,10003,40000,12,1,117,1,/pfs/pfs-7jnepv/lgd/libero_fullmatrix_20260909/evaluations/MemoryVLA-c40000-t1-e10003/audited_summary.json
MemoryVLA,1,42,10003,40000,13,1,123,1,/pfs/pfs-7jnepv/lgd/libero_fullmatrix_20260909/evaluations/MemoryVLA-c40000-t1-e10003/audited_summary.json
MemoryVLA,1,42,10003,40000,14,1,111,1,/pfs/pfs-7jnepv/lgd/libero_fullmatrix_20260909/evaluations/MemoryVLA-c40000-t1-e10003/audited_summary.json
MemoryVLA,1,42,10003,40000,15,1,117,1,/pfs/pfs-7jnepv/lgd/libero_fullmatrix_20260909/evaluations/MemoryVLA-c40000-t1-e10003/audited_summary.json
MemoryVLA,1,42,10003,40000,16,1,114,1,/pfs/pfs-7jnepv/lgd/libero_fullmatrix_20260909/evaluations/MemoryVLA-c40000-t1-e10003/audited_summary.json
MemoryVLA,1,42,10003,40000,17,1,114,1,/pfs/pfs-7jnepv/lgd/libero_fullmatrix_20260909/evaluations/MemoryVLA-c40000-t1-e10003/audited_summary.json
MemoryVLA,1,42,10003,40000,18,1,127,1,/pfs/pfs-7jnepv/lgd/libero_fullmatrix_20260909/evaluations/MemoryVLA-c40000-t1-e10003/audited_summary.json
MemoryVLA,1,42,10003,40000,19,1,120,1,/pfs/pfs-7jnepv/lgd/libero_fullmatrix_20260909/evaluations/MemoryVLA-c40000-t1-e10003/audited_summary.json
MemoryVLA,2,42,10001,40000,0,1,420,1,/pfs/pfs-7jnepv/lgd/libero_fullmatrix_20260909/evaluations/MemoryVLA-c40000-t2-e10001/audited_summary.json
MemoryVLA,2,42,10001,40000,1,1,110,1,/pfs/pfs-7jnepv/lgd/libero_fullmatrix_20260909/evaluations/MemoryVLA-c40000-t2-e10001/audited_summary.json
MemoryVLA,2,42,10001,40000,2,1,102,1,/pfs/pfs-7jnepv/lgd/libero_fullmatrix_20260909/evaluations/MemoryVLA-c40000-t2-e10001/audited_summary.json
MemoryVLA,2,42,10001,40000,3,1,130,1,/pfs/pfs-7jnepv/lgd/libero_fullmatrix_20260909/evaluations/MemoryVLA-c40000-t2-e10001/audited_summary.json
MemoryVLA,2,42,10001,40000,4,1,324,1,/pfs/pfs-7jnepv/lgd/libero_fullmatrix_20260909/evaluations/MemoryVLA-c40000-t2-e10001/audited_summary.json
MemoryVLA,2,42,10001,40000,5,1,115,1,/pfs/pfs-7jnepv/lgd/libero_fullmatrix_20260909/evaluations/MemoryVLA-c40000-t2-e10001/audited_summary.json
MemoryVLA,2,42,10001,40000,6,1,103,1,/pfs/pfs-7jnepv/lgd/libero_fullmatrix_20260909/evaluations/MemoryVLA-c40000-t2-e10001/audited_summary.json
MemoryVLA,2,42,10001,40000,7,1,132,1,/pfs/pfs-7jnepv/lgd/libero_fullmatrix_20260909/evaluations/MemoryVLA-c40000-t2-e10001/audited_summary.json
MemoryVLA,2,42,10001,40000,8,1,113,1,/pfs/pfs-7jnepv/lgd/libero_fullmatrix_20260909/evaluations/MemoryVLA-c40000-t2-e10001/audited_summary.json
MemoryVLA,2,42,10001,40000,9,1,231,1,/pfs/pfs-7jnepv/lgd/libero_fullmatrix_20260909/evaluations/MemoryVLA-c40000-t2-e10001/audited_summary.json
MemoryVLA,2,42,10001,40000,10,1,118,1,/pfs/pfs-7jnepv/lgd/libero_fullmatrix_20260909/evaluations/MemoryVLA-c40000-t2-e10001/audited_summary.json
MemoryVLA,2,42,10001,40000,11,1,173,1,/pfs/pfs-7jnepv/lgd/libero_fullmatrix_20260909/evaluations/MemoryVLA-c40000-t2-e10001/audited_summary.json
MemoryVLA,2,42,10001,40000,12,1,123,1,/pfs/pfs-7jnepv/lgd/libero_fullmatrix_20260909/evaluations/MemoryVLA-c40000-t2-e10001/audited_summary.json
MemoryVLA,2,42,10001,40000,13,1,99,1,/pfs/pfs-7jnepv/lgd/libero_fullmatrix_20260909/evaluations/MemoryVLA-c40000-t2-e10001/audited_summary.json
MemoryVLA,2,42,10001,40000,14,1,145,1,/pfs/pfs-7jnepv/lgd/libero_fullmatrix_20260909/evaluations/MemoryVLA-c40000-t2-e10001/audited_summary.json
MemoryVLA,2,42,10001,40000,15,1,95,1,/pfs/pfs-7jnepv/lgd/libero_fullmatrix_20260909/evaluations/MemoryVLA-c40000-t2-e10001/audited_summary.json
MemoryVLA,2,42,10001,40000,16,1,102,1,/pfs/pfs-7jnepv/lgd/libero_fullmatrix_20260909/evaluations/MemoryVLA-c40000-t2-e10001/audited_summary.json
MemoryVLA,2,42,10001,40000,17,1,94,1,/pfs/pfs-7jnepv/lgd/libero_fullmatrix_20260909/evaluations/MemoryVLA-c40000-t2-e10001/audited_summary.json
MemoryVLA,2,42,10001,40000,18,0,600,0,/pfs/pfs-7jnepv/lgd/libero_fullmatrix_20260909/evaluations/MemoryVLA-c40000-t2-e10001/audited_summary.json
MemoryVLA,2,42,10001,40000,19,1,116,1,/pfs/pfs-7jnepv/lgd/libero_fullmatrix_20260909/evaluations/MemoryVLA-c40000-t2-e10001/audited_summary.json
MemoryVLA,2,42,10002,40000,0,0,600,0,/pfs/pfs-7jnepv/lgd/libero_fullmatrix_20260909/evaluations/MemoryVLA-c40000-t2-e10002/audited_summary.json
MemoryVLA,2,42,10002,40000,1,1,119,1,/pfs/pfs-7jnepv/lgd/libero_fullmatrix_20260909/evaluations/MemoryVLA-c40000-t2-e10002/audited_summary.json
MemoryVLA,2,42,10002,40000,2,1,163,1,/pfs/pfs-7jnepv/lgd/libero_fullmatrix_20260909/evaluations/MemoryVLA-c40000-t2-e10002/audited_summary.json
MemoryVLA,2,42,10002,40000,3,1,131,1,/pfs/pfs-7jnepv/lgd/libero_fullmatrix_20260909/evaluations/MemoryVLA-c40000-t2-e10002/audited_summary.json
MemoryVLA,2,42,10002,40000,4,1,127,1,/pfs/pfs-7jnepv/lgd/libero_fullmatrix_20260909/evaluations/MemoryVLA-c40000-t2-e10002/audited_summary.json
MemoryVLA,2,42,10002,40000,5,1,115,1,/pfs/pfs-7jnepv/lgd/libero_fullmatrix_20260909/evaluations/MemoryVLA-c40000-t2-e10002/audited_summary.json
MemoryVLA,2,42,10002,40000,6,1,104,1,/pfs/pfs-7jnepv/lgd/libero_fullmatrix_20260909/evaluations/MemoryVLA-c40000-t2-e10002/audited_summary.json
MemoryVLA,2,42,10002,40000,7,1,141,1,/pfs/pfs-7jnepv/lgd/libero_fullmatrix_20260909/evaluations/MemoryVLA-c40000-t2-e10002/audited_summary.json
MemoryVLA,2,42,10002,40000,8,1,108,1,/pfs/pfs-7jnepv/lgd/libero_fullmatrix_20260909/evaluations/MemoryVLA-c40000-t2-e10002/audited_summary.json
MemoryVLA,2,42,10002,40000,9,1,115,1,/pfs/pfs-7jnepv/lgd/libero_fullmatrix_20260909/evaluations/MemoryVLA-c40000-t2-e10002/audited_summary.json
MemoryVLA,2,42,10002,40000,10,1,123,1,/pfs/pfs-7jnepv/lgd/libero_fullmatrix_20260909/evaluations/MemoryVLA-c40000-t2-e10002/audited_summary.json
MemoryVLA,2,42,10002,40000,11,1,138,1,/pfs/pfs-7jnepv/lgd/libero_fullmatrix_20260909/evaluations/MemoryVLA-c40000-t2-e10002/audited_summary.json
MemoryVLA,2,42,10002,40000,12,1,176,1,/pfs/pfs-7jnepv/lgd/libero_fullmatrix_20260909/evaluations/MemoryVLA-c40000-t2-e10002/audited_summary.json
MemoryVLA,2,42,10002,40000,13,1,106,1,/pfs/pfs-7jnepv/lgd/libero_fullmatrix_20260909/evaluations/MemoryVLA-c40000-t2-e10002/audited_summary.json
MemoryVLA,2,42,10002,40000,14,1,143,1,/pfs/pfs-7jnepv/lgd/libero_fullmatrix_20260909/evaluations/MemoryVLA-c40000-t2-e10002/audited_summary.json
MemoryVLA,2,42,10002,40000,15,1,97,1,/pfs/pfs-7jnepv/lgd/libero_fullmatrix_20260909/evaluations/MemoryVLA-c40000-t2-e10002/audited_summary.json
MemoryVLA,2,42,10002,40000,16,1,100,1,/pfs/pfs-7jnepv/lgd/libero_fullmatrix_20260909/evaluations/MemoryVLA-c40000-t2-e10002/audited_summary.json
MemoryVLA,2,42,10002,40000,17,1,101,1,/pfs/pfs-7jnepv/lgd/libero_fullmatrix_20260909/evaluations/MemoryVLA-c40000-t2-e10002/audited_summary.json
MemoryVLA,2,42,10002,40000,18,1,127,1,/pfs/pfs-7jnepv/lgd/libero_fullmatrix_20260909/evaluations/MemoryVLA-c40000-t2-e10002/audited_summary.json
MemoryVLA,2,42,10002,40000,19,1,116,1,/pfs/pfs-7jnepv/lgd/libero_fullmatrix_20260909/evaluations/MemoryVLA-c40000-t2-e10002/audited_summary.json
MemoryVLA,2,42,10003,40000,0,0,600,0,/pfs/pfs-7jnepv/lgd/libero_fullmatrix_20260909/evaluations/MemoryVLA-c40000-t2-e10003/audited_summary.json
MemoryVLA,2,42,10003,40000,1,1,116,1,/pfs/pfs-7jnepv/lgd/libero_fullmatrix_20260909/evaluations/MemoryVLA-c40000-t2-e10003/audited_summary.json
MemoryVLA,2,42,10003,40000,2,1,160,1,/pfs/pfs-7jnepv/lgd/libero_fullmatrix_20260909/evaluations/MemoryVLA-c40000-t2-e10003/audited_summary.json
MemoryVLA,2,42,10003,40000,3,1,131,1,/pfs/pfs-7jnepv/lgd/libero_fullmatrix_20260909/evaluations/MemoryVLA-c40000-t2-e10003/audited_summary.json
MemoryVLA,2,42,10003,40000,4,1,127,1,/pfs/pfs-7jnepv/lgd/libero_fullmatrix_20260909/evaluations/MemoryVLA-c40000-t2-e10003/audited_summary.json
MemoryVLA,2,42,10003,40000,5,1,174,1,/pfs/pfs-7jnepv/lgd/libero_fullmatrix_20260909/evaluations/MemoryVLA-c40000-t2-e10003/audited_summary.json
MemoryVLA,2,42,10003,40000,6,1,105,1,/pfs/pfs-7jnepv/lgd/libero_fullmatrix_20260909/evaluations/MemoryVLA-c40000-t2-e10003/audited_summary.json
MemoryVLA,2,42,10003,40000,7,1,131,1,/pfs/pfs-7jnepv/lgd/libero_fullmatrix_20260909/evaluations/MemoryVLA-c40000-t2-e10003/audited_summary.json
MemoryVLA,2,42,10003,40000,8,1,98,1,/pfs/pfs-7jnepv/lgd/libero_fullmatrix_20260909/evaluations/MemoryVLA-c40000-t2-e10003/audited_summary.json
MemoryVLA,2,42,10003,40000,9,1,116,1,/pfs/pfs-7jnepv/lgd/libero_fullmatrix_20260909/evaluations/MemoryVLA-c40000-t2-e10003/audited_summary.json
MemoryVLA,2,42,10003,40000,10,1,125,1,/pfs/pfs-7jnepv/lgd/libero_fullmatrix_20260909/evaluations/MemoryVLA-c40000-t2-e10003/audited_summary.json
MemoryVLA,2,42,10003,40000,11,1,133,1,/pfs/pfs-7jnepv/lgd/libero_fullmatrix_20260909/evaluations/MemoryVLA-c40000-t2-e10003/audited_summary.json
MemoryVLA,2,42,10003,40000,12,0,600,0,/pfs/pfs-7jnepv/lgd/libero_fullmatrix_20260909/evaluations/MemoryVLA-c40000-t2-e10003/audited_summary.json
MemoryVLA,2,42,10003,40000,13,1,107,1,/pfs/pfs-7jnepv/lgd/libero_fullmatrix_20260909/evaluations/MemoryVLA-c40000-t2-e10003/audited_summary.json
MemoryVLA,2,42,10003,40000,14,1,142,1,/pfs/pfs-7jnepv/lgd/libero_fullmatrix_20260909/evaluations/MemoryVLA-c40000-t2-e10003/audited_summary.json
MemoryVLA,2,42,10003,40000,15,1,91,1,/pfs/pfs-7jnepv/lgd/libero_fullmatrix_20260909/evaluations/MemoryVLA-c40000-t2-e10003/audited_summary.json
MemoryVLA,2,42,10003,40000,16,1,108,1,/pfs/pfs-7jnepv/lgd/libero_fullmatrix_20260909/evaluations/MemoryVLA-c40000-t2-e10003/audited_summary.json
MemoryVLA,2,42,10003,40000,17,1,95,1,/pfs/pfs-7jnepv/lgd/libero_fullmatrix_20260909/evaluations/MemoryVLA-c40000-t2-e10003/audited_summary.json
MemoryVLA,2,42,10003,40000,18,1,125,1,/pfs/pfs-7jnepv/lgd/libero_fullmatrix_20260909/evaluations/MemoryVLA-c40000-t2-e10003/audited_summary.json
MemoryVLA,2,42,10003,40000,19,1,116,1,/pfs/pfs-7jnepv/lgd/libero_fullmatrix_20260909/evaluations/MemoryVLA-c40000-t2-e10003/audited_summary.json
MemoryVLA,3,42,10001,40000,0,0,600,0,/pfs/pfs-7jnepv/lgd/libero_fullmatrix_20260909/evaluations/MemoryVLA-c40000-t3-e10001/audited_summary.json
MemoryVLA,3,42,10001,40000,1,1,486,1,/pfs/pfs-7jnepv/lgd/libero_fullmatrix_20260909/evaluations/MemoryVLA-c40000-t3-e10001/audited_summary.json
MemoryVLA,3,42,10001,40000,2,0,600,0,/pfs/pfs-7jnepv/lgd/libero_fullmatrix_20260909/evaluations/MemoryVLA-c40000-t3-e10001/audited_summary.json
MemoryVLA,3,42,10001,40000,3,1,496,1,/pfs/pfs-7jnepv/lgd/libero_fullmatrix_20260909/evaluations/MemoryVLA-c40000-t3-e10001/audited_summary.json
MemoryVLA,3,42,10001,40000,4,1,434,1,/pfs/pfs-7jnepv/lgd/libero_fullmatrix_20260909/evaluations/MemoryVLA-c40000-t3-e10001/audited_summary.json
MemoryVLA,3,42,10001,40000,5,1,343,1,/pfs/pfs-7jnepv/lgd/libero_fullmatrix_20260909/evaluations/MemoryVLA-c40000-t3-e10001/audited_summary.json
MemoryVLA,3,42,10001,40000,6,1,583,1,/pfs/pfs-7jnepv/lgd/libero_fullmatrix_20260909/evaluations/MemoryVLA-c40000-t3-e10001/audited_summary.json
MemoryVLA,3,42,10001,40000,7,1,503,1,/pfs/pfs-7jnepv/lgd/libero_fullmatrix_20260909/evaluations/MemoryVLA-c40000-t3-e10001/audited_summary.json
MemoryVLA,3,42,10001,40000,8,1,280,1,/pfs/pfs-7jnepv/lgd/libero_fullmatrix_20260909/evaluations/MemoryVLA-c40000-t3-e10001/audited_summary.json
MemoryVLA,3,42,10001,40000,9,0,600,0,/pfs/pfs-7jnepv/lgd/libero_fullmatrix_20260909/evaluations/MemoryVLA-c40000-t3-e10001/audited_summary.json
MemoryVLA,3,42,10001,40000,10,1,480,1,/pfs/pfs-7jnepv/lgd/libero_fullmatrix_20260909/evaluations/MemoryVLA-c40000-t3-e10001/audited_summary.json
MemoryVLA,3,42,10001,40000,11,1,567,1,/pfs/pfs-7jnepv/lgd/libero_fullmatrix_20260909/evaluations/MemoryVLA-c40000-t3-e10001/audited_summary.json
MemoryVLA,3,42,10001,40000,12,1,565,1,/pfs/pfs-7jnepv/lgd/libero_fullmatrix_20260909/evaluations/MemoryVLA-c40000-t3-e10001/audited_summary.json
MemoryVLA,3,42,10001,40000,13,1,343,1,/pfs/pfs-7jnepv/lgd/libero_fullmatrix_20260909/evaluations/MemoryVLA-c40000-t3-e10001/audited_summary.json
MemoryVLA,3,42,10001,40000,14,1,293,1,/pfs/pfs-7jnepv/lgd/libero_fullmatrix_20260909/evaluations/MemoryVLA-c40000-t3-e10001/audited_summary.json
MemoryVLA,3,42,10001,40000,15,1,371,1,/pfs/pfs-7jnepv/lgd/libero_fullmatrix_20260909/evaluations/MemoryVLA-c40000-t3-e10001/audited_summary.json
MemoryVLA,3,42,10001,40000,16,1,278,1,/pfs/pfs-7jnepv/lgd/libero_fullmatrix_20260909/evaluations/MemoryVLA-c40000-t3-e10001/audited_summary.json
MemoryVLA,3,42,10001,40000,17,0,600,0,/pfs/pfs-7jnepv/lgd/libero_fullmatrix_20260909/evaluations/MemoryVLA-c40000-t3-e10001/audited_summary.json
MemoryVLA,3,42,10001,40000,18,1,347,1,/pfs/pfs-7jnepv/lgd/libero_fullmatrix_20260909/evaluations/MemoryVLA-c40000-t3-e10001/audited_summary.json
MemoryVLA,3,42,10001,40000,19,1,476,1,/pfs/pfs-7jnepv/lgd/libero_fullmatrix_20260909/evaluations/MemoryVLA-c40000-t3-e10001/audited_summary.json
MemoryVLA,3,42,10002,40000,0,0,600,0,/pfs/pfs-7jnepv/lgd/libero_fullmatrix_20260909/evaluations/MemoryVLA-c40000-t3-e10002/audited_summary.json
MemoryVLA,3,42,10002,40000,1,1,306,1,/pfs/pfs-7jnepv/lgd/libero_fullmatrix_20260909/evaluations/MemoryVLA-c40000-t3-e10002/audited_summary.json
MemoryVLA,3,42,10002,40000,2,0,600,0,/pfs/pfs-7jnepv/lgd/libero_fullmatrix_20260909/evaluations/MemoryVLA-c40000-t3-e10002/audited_summary.json
MemoryVLA,3,42,10002,40000,3,1,510,1,/pfs/pfs-7jnepv/lgd/libero_fullmatrix_20260909/evaluations/MemoryVLA-c40000-t3-e10002/audited_summary.json
MemoryVLA,3,42,10002,40000,4,1,403,1,/pfs/pfs-7jnepv/lgd/libero_fullmatrix_20260909/evaluations/MemoryVLA-c40000-t3-e10002/audited_summary.json
MemoryVLA,3,42,10002,40000,5,1,395,1,/pfs/pfs-7jnepv/lgd/libero_fullmatrix_20260909/evaluations/MemoryVLA-c40000-t3-e10002/audited_summary.json
MemoryVLA,3,42,10002,40000,6,1,557,1,/pfs/pfs-7jnepv/lgd/libero_fullmatrix_20260909/evaluations/MemoryVLA-c40000-t3-e10002/audited_summary.json
MemoryVLA,3,42,10002,40000,7,1,355,1,/pfs/pfs-7jnepv/lgd/libero_fullmatrix_20260909/evaluations/MemoryVLA-c40000-t3-e10002/audited_summary.json
MemoryVLA,3,42,10002,40000,8,1,257,1,/pfs/pfs-7jnepv/lgd/libero_fullmatrix_20260909/evaluations/MemoryVLA-c40000-t3-e10002/audited_summary.json
MemoryVLA,3,42,10002,40000,9,1,359,1,/pfs/pfs-7jnepv/lgd/libero_fullmatrix_20260909/evaluations/MemoryVLA-c40000-t3-e10002/audited_summary.json
MemoryVLA,3,42,10002,40000,10,0,600,0,/pfs/pfs-7jnepv/lgd/libero_fullmatrix_20260909/evaluations/MemoryVLA-c40000-t3-e10002/audited_summary.json
MemoryVLA,3,42,10002,40000,11,1,547,1,/pfs/pfs-7jnepv/lgd/libero_fullmatrix_20260909/evaluations/MemoryVLA-c40000-t3-e10002/audited_summary.json
MemoryVLA,3,42,10002,40000,12,0,600,0,/pfs/pfs-7jnepv/lgd/libero_fullmatrix_20260909/evaluations/MemoryVLA-c40000-t3-e10002/audited_summary.json
MemoryVLA,3,42,10002,40000,13,0,600,0,/pfs/pfs-7jnepv/lgd/libero_fullmatrix_20260909/evaluations/MemoryVLA-c40000-t3-e10002/audited_summary.json
MemoryVLA,3,42,10002,40000,14,1,186,1,/pfs/pfs-7jnepv/lgd/libero_fullmatrix_20260909/evaluations/MemoryVLA-c40000-t3-e10002/audited_summary.json
MemoryVLA,3,42,10002,40000,15,1,327,1,/pfs/pfs-7jnepv/lgd/libero_fullmatrix_20260909/evaluations/MemoryVLA-c40000-t3-e10002/audited_summary.json
MemoryVLA,3,42,10002,40000,16,1,364,1,/pfs/pfs-7jnepv/lgd/libero_fullmatrix_20260909/evaluations/MemoryVLA-c40000-t3-e10002/audited_summary.json
MemoryVLA,3,42,10002,40000,17,1,547,1,/pfs/pfs-7jnepv/lgd/libero_fullmatrix_20260909/evaluations/MemoryVLA-c40000-t3-e10002/audited_summary.json
MemoryVLA,3,42,10002,40000,18,0,600,0,/pfs/pfs-7jnepv/lgd/libero_fullmatrix_20260909/evaluations/MemoryVLA-c40000-t3-e10002/audited_summary.json
MemoryVLA,3,42,10002,40000,19,0,600,0,/pfs/pfs-7jnepv/lgd/libero_fullmatrix_20260909/evaluations/MemoryVLA-c40000-t3-e10002/audited_summary.json
MemoryVLA,3,42,10003,40000,0,0,600,0,/pfs/pfs-7jnepv/lgd/libero_fullmatrix_20260909/evaluations/MemoryVLA-c40000-t3-e10003/audited_summary.json
MemoryVLA,3,42,10003,40000,1,0,600,0,/pfs/pfs-7jnepv/lgd/libero_fullmatrix_20260909/evaluations/MemoryVLA-c40000-t3-e10003/audited_summary.json
MemoryVLA,3,42,10003,40000,2,1,407,1,/pfs/pfs-7jnepv/lgd/libero_fullmatrix_20260909/evaluations/MemoryVLA-c40000-t3-e10003/audited_summary.json
MemoryVLA,3,42,10003,40000,3,1,574,1,/pfs/pfs-7jnepv/lgd/libero_fullmatrix_20260909/evaluations/MemoryVLA-c40000-t3-e10003/audited_summary.json
MemoryVLA,3,42,10003,40000,4,1,410,1,/pfs/pfs-7jnepv/lgd/libero_fullmatrix_20260909/evaluations/MemoryVLA-c40000-t3-e10003/audited_summary.json
MemoryVLA,3,42,10003,40000,5,1,376,1,/pfs/pfs-7jnepv/lgd/libero_fullmatrix_20260909/evaluations/MemoryVLA-c40000-t3-e10003/audited_summary.json
MemoryVLA,3,42,10003,40000,6,1,470,1,/pfs/pfs-7jnepv/lgd/libero_fullmatrix_20260909/evaluations/MemoryVLA-c40000-t3-e10003/audited_summary.json
MemoryVLA,3,42,10003,40000,7,0,600,0,/pfs/pfs-7jnepv/lgd/libero_fullmatrix_20260909/evaluations/MemoryVLA-c40000-t3-e10003/audited_summary.json
MemoryVLA,3,42,10003,40000,8,1,335,1,/pfs/pfs-7jnepv/lgd/libero_fullmatrix_20260909/evaluations/MemoryVLA-c40000-t3-e10003/audited_summary.json
MemoryVLA,3,42,10003,40000,9,0,600,0,/pfs/pfs-7jnepv/lgd/libero_fullmatrix_20260909/evaluations/MemoryVLA-c40000-t3-e10003/audited_summary.json
MemoryVLA,3,42,10003,40000,10,1,464,1,/pfs/pfs-7jnepv/lgd/libero_fullmatrix_20260909/evaluations/MemoryVLA-c40000-t3-e10003/audited_summary.json
MemoryVLA,3,42,10003,40000,11,1,520,1,/pfs/pfs-7jnepv/lgd/libero_fullmatrix_20260909/evaluations/MemoryVLA-c40000-t3-e10003/audited_summary.json
MemoryVLA,3,42,10003,40000,12,1,504,1,/pfs/pfs-7jnepv/lgd/libero_fullmatrix_20260909/evaluations/MemoryVLA-c40000-t3-e10003/audited_summary.json
MemoryVLA,3,42,10003,40000,13,1,281,1,/pfs/pfs-7jnepv/lgd/libero_fullmatrix_20260909/evaluations/MemoryVLA-c40000-t3-e10003/audited_summary.json
MemoryVLA,3,42,10003,40000,14,0,600,0,/pfs/pfs-7jnepv/lgd/libero_fullmatrix_20260909/evaluations/MemoryVLA-c40000-t3-e10003/audited_summary.json
MemoryVLA,3,42,10003,40000,15,1,360,1,/pfs/pfs-7jnepv/lgd/libero_fullmatrix_20260909/evaluations/MemoryVLA-c40000-t3-e10003/audited_summary.json
MemoryVLA,3,42,10003,40000,16,1,339,1,/pfs/pfs-7jnepv/lgd/libero_fullmatrix_20260909/evaluations/MemoryVLA-c40000-t3-e10003/audited_summary.json
MemoryVLA,3,42,10003,40000,17,0,600,0,/pfs/pfs-7jnepv/lgd/libero_fullmatrix_20260909/evaluations/MemoryVLA-c40000-t3-e10003/audited_summary.json
MemoryVLA,3,42,10003,40000,18,1,279,1,/pfs/pfs-7jnepv/lgd/libero_fullmatrix_20260909/evaluations/MemoryVLA-c40000-t3-e10003/audited_summary.json
MemoryVLA,3,42,10003,40000,19,1,226,1,/pfs/pfs-7jnepv/lgd/libero_fullmatrix_20260909/evaluations/MemoryVLA-c40000-t3-e10003/audited_summary.json
MemoryVLA,4,42,10001,40000,0,0,600,0,/pfs/pfs-7jnepv/lgd/libero_fullmatrix_20260909/evaluations/MemoryVLA-c40000-t4-e10001/audited_summary.json
MemoryVLA,4,42,10001,40000,1,0,600,0,/pfs/pfs-7jnepv/lgd/libero_fullmatrix_20260909/evaluations/MemoryVLA-c40000-t4-e10001/audited_summary.json
MemoryVLA,4,42,10001,40000,2,1,261,1,/pfs/pfs-7jnepv/lgd/libero_fullmatrix_20260909/evaluations/MemoryVLA-c40000-t4-e10001/audited_summary.json
MemoryVLA,4,42,10001,40000,3,0,600,0,/pfs/pfs-7jnepv/lgd/libero_fullmatrix_20260909/evaluations/MemoryVLA-c40000-t4-e10001/audited_summary.json
MemoryVLA,4,42,10001,40000,4,1,240,1,/pfs/pfs-7jnepv/lgd/libero_fullmatrix_20260909/evaluations/MemoryVLA-c40000-t4-e10001/audited_summary.json
MemoryVLA,4,42,10001,40000,5,0,600,0,/pfs/pfs-7jnepv/lgd/libero_fullmatrix_20260909/evaluations/MemoryVLA-c40000-t4-e10001/audited_summary.json
MemoryVLA,4,42,10001,40000,6,0,600,0,/pfs/pfs-7jnepv/lgd/libero_fullmatrix_20260909/evaluations/MemoryVLA-c40000-t4-e10001/audited_summary.json
MemoryVLA,4,42,10001,40000,7,0,600,0,/pfs/pfs-7jnepv/lgd/libero_fullmatrix_20260909/evaluations/MemoryVLA-c40000-t4-e10001/audited_summary.json
MemoryVLA,4,42,10001,40000,8,1,280,1,/pfs/pfs-7jnepv/lgd/libero_fullmatrix_20260909/evaluations/MemoryVLA-c40000-t4-e10001/audited_summary.json
MemoryVLA,4,42,10001,40000,9,0,600,0,/pfs/pfs-7jnepv/lgd/libero_fullmatrix_20260909/evaluations/MemoryVLA-c40000-t4-e10001/audited_summary.json
MemoryVLA,4,42,10001,40000,10,1,483,1,/pfs/pfs-7jnepv/lgd/libero_fullmatrix_20260909/evaluations/MemoryVLA-c40000-t4-e10001/audited_summary.json
MemoryVLA,4,42,10001,40000,11,0,600,0,/pfs/pfs-7jnepv/lgd/libero_fullmatrix_20260909/evaluations/MemoryVLA-c40000-t4-e10001/audited_summary.json
MemoryVLA,4,42,10001,40000,12,0,600,0,/pfs/pfs-7jnepv/lgd/libero_fullmatrix_20260909/evaluations/MemoryVLA-c40000-t4-e10001/audited_summary.json
MemoryVLA,4,42,10001,40000,13,1,275,1,/pfs/pfs-7jnepv/lgd/libero_fullmatrix_20260909/evaluations/MemoryVLA-c40000-t4-e10001/audited_summary.json
MemoryVLA,4,42,10001,40000,14,1,357,1,/pfs/pfs-7jnepv/lgd/libero_fullmatrix_20260909/evaluations/MemoryVLA-c40000-t4-e10001/audited_summary.json
MemoryVLA,4,42,10001,40000,15,0,600,0,/pfs/pfs-7jnepv/lgd/libero_fullmatrix_20260909/evaluations/MemoryVLA-c40000-t4-e10001/audited_summary.json
MemoryVLA,4,42,10001,40000,16,0,600,0,/pfs/pfs-7jnepv/lgd/libero_fullmatrix_20260909/evaluations/MemoryVLA-c40000-t4-e10001/audited_summary.json
MemoryVLA,4,42,10001,40000,17,0,600,0,/pfs/pfs-7jnepv/lgd/libero_fullmatrix_20260909/evaluations/MemoryVLA-c40000-t4-e10001/audited_summary.json
MemoryVLA,4,42,10001,40000,18,0,600,0,/pfs/pfs-7jnepv/lgd/libero_fullmatrix_20260909/evaluations/MemoryVLA-c40000-t4-e10001/audited_summary.json
MemoryVLA,4,42,10001,40000,19,0,600,0,/pfs/pfs-7jnepv/lgd/libero_fullmatrix_20260909/evaluations/MemoryVLA-c40000-t4-e10001/audited_summary.json
MemoryVLA,4,42,10002,40000,0,0,600,0,/pfs/pfs-7jnepv/lgd/libero_fullmatrix_20260909/evaluations/MemoryVLA-c40000-t4-e10002/audited_summary.json
MemoryVLA,4,42,10002,40000,1,0,600,0,/pfs/pfs-7jnepv/lgd/libero_fullmatrix_20260909/evaluations/MemoryVLA-c40000-t4-e10002/audited_summary.json
MemoryVLA,4,42,10002,40000,2,1,307,1,/pfs/pfs-7jnepv/lgd/libero_fullmatrix_20260909/evaluations/MemoryVLA-c40000-t4-e10002/audited_summary.json
MemoryVLA,4,42,10002,40000,3,0,600,0,/pfs/pfs-7jnepv/lgd/libero_fullmatrix_20260909/evaluations/MemoryVLA-c40000-t4-e10002/audited_summary.json
MemoryVLA,4,42,10002,40000,4,1,564,1,/pfs/pfs-7jnepv/lgd/libero_fullmatrix_20260909/evaluations/MemoryVLA-c40000-t4-e10002/audited_summary.json
MemoryVLA,4,42,10002,40000,5,0,600,0,/pfs/pfs-7jnepv/lgd/libero_fullmatrix_20260909/evaluations/MemoryVLA-c40000-t4-e10002/audited_summary.json
MemoryVLA,4,42,10002,40000,6,0,600,0,/pfs/pfs-7jnepv/lgd/libero_fullmatrix_20260909/evaluations/MemoryVLA-c40000-t4-e10002/audited_summary.json
MemoryVLA,4,42,10002,40000,7,0,600,0,/pfs/pfs-7jnepv/lgd/libero_fullmatrix_20260909/evaluations/MemoryVLA-c40000-t4-e10002/audited_summary.json
MemoryVLA,4,42,10002,40000,8,0,600,0,/pfs/pfs-7jnepv/lgd/libero_fullmatrix_20260909/evaluations/MemoryVLA-c40000-t4-e10002/audited_summary.json
MemoryVLA,4,42,10002,40000,9,0,600,0,/pfs/pfs-7jnepv/lgd/libero_fullmatrix_20260909/evaluations/MemoryVLA-c40000-t4-e10002/audited_summary.json
MemoryVLA,4,42,10002,40000,10,0,600,0,/pfs/pfs-7jnepv/lgd/libero_fullmatrix_20260909/evaluations/MemoryVLA-c40000-t4-e10002/audited_summary.json
MemoryVLA,4,42,10002,40000,11,0,600,0,/pfs/pfs-7jnepv/lgd/libero_fullmatrix_20260909/evaluations/MemoryVLA-c40000-t4-e10002/audited_summary.json
MemoryVLA,4,42,10002,40000,12,1,360,1,/pfs/pfs-7jnepv/lgd/libero_fullmatrix_20260909/evaluations/MemoryVLA-c40000-t4-e10002/audited_summary.json
MemoryVLA,4,42,10002,40000,13,0,600,0,/pfs/pfs-7jnepv/lgd/libero_fullmatrix_20260909/evaluations/MemoryVLA-c40000-t4-e10002/audited_summary.json
MemoryVLA,4,42,10002,40000,14,0,600,0,/pfs/pfs-7jnepv/lgd/libero_fullmatrix_20260909/evaluations/MemoryVLA-c40000-t4-e10002/audited_summary.json
MemoryVLA,4,42,10002,40000,15,0,600,0,/pfs/pfs-7jnepv/lgd/libero_fullmatrix_20260909/evaluations/MemoryVLA-c40000-t4-e10002/audited_summary.json
MemoryVLA,4,42,10002,40000,16,0,600,0,/pfs/pfs-7jnepv/lgd/libero_fullmatrix_20260909/evaluations/MemoryVLA-c40000-t4-e10002/audited_summary.json
MemoryVLA,4,42,10002,40000,17,0,600,0,/pfs/pfs-7jnepv/lgd/libero_fullmatrix_20260909/evaluations/MemoryVLA-c40000-t4-e10002/audited_summary.json
MemoryVLA,4,42,10002,40000,18,0,600,0,/pfs/pfs-7jnepv/lgd/libero_fullmatrix_20260909/evaluations/MemoryVLA-c40000-t4-e10002/audited_summary.json
MemoryVLA,4,42,10002,40000,19,1,556,1,/pfs/pfs-7jnepv/lgd/libero_fullmatrix_20260909/evaluations/MemoryVLA-c40000-t4-e10002/audited_summary.json
MemoryVLA,4,42,10003,40000,0,0,600,0,/pfs/pfs-7jnepv/lgd/libero_fullmatrix_20260909/evaluations/MemoryVLA-c40000-t4-e10003/audited_summary.json
MemoryVLA,4,42,10003,40000,1,0,600,0,/pfs/pfs-7jnepv/lgd/libero_fullmatrix_20260909/evaluations/MemoryVLA-c40000-t4-e10003/audited_summary.json
MemoryVLA,4,42,10003,40000,2,1,177,1,/pfs/pfs-7jnepv/lgd/libero_fullmatrix_20260909/evaluations/MemoryVLA-c40000-t4-e10003/audited_summary.json
MemoryVLA,4,42,10003,40000,3,0,600,0,/pfs/pfs-7jnepv/lgd/libero_fullmatrix_20260909/evaluations/MemoryVLA-c40000-t4-e10003/audited_summary.json
MemoryVLA,4,42,10003,40000,4,1,217,1,/pfs/pfs-7jnepv/lgd/libero_fullmatrix_20260909/evaluations/MemoryVLA-c40000-t4-e10003/audited_summary.json
MemoryVLA,4,42,10003,40000,5,0,600,0,/pfs/pfs-7jnepv/lgd/libero_fullmatrix_20260909/evaluations/MemoryVLA-c40000-t4-e10003/audited_summary.json
MemoryVLA,4,42,10003,40000,6,0,600,0,/pfs/pfs-7jnepv/lgd/libero_fullmatrix_20260909/evaluations/MemoryVLA-c40000-t4-e10003/audited_summary.json
MemoryVLA,4,42,10003,40000,7,0,600,0,/pfs/pfs-7jnepv/lgd/libero_fullmatrix_20260909/evaluations/MemoryVLA-c40000-t4-e10003/audited_summary.json
MemoryVLA,4,42,10003,40000,8,1,317,1,/pfs/pfs-7jnepv/lgd/libero_fullmatrix_20260909/evaluations/MemoryVLA-c40000-t4-e10003/audited_summary.json
MemoryVLA,4,42,10003,40000,9,0,600,0,/pfs/pfs-7jnepv/lgd/libero_fullmatrix_20260909/evaluations/MemoryVLA-c40000-t4-e10003/audited_summary.json
MemoryVLA,4,42,10003,40000,10,1,244,1,/pfs/pfs-7jnepv/lgd/libero_fullmatrix_20260909/evaluations/MemoryVLA-c40000-t4-e10003/audited_summary.json
MemoryVLA,4,42,10003,40000,11,0,600,0,/pfs/pfs-7jnepv/lgd/libero_fullmatrix_20260909/evaluations/MemoryVLA-c40000-t4-e10003/audited_summary.json
MemoryVLA,4,42,10003,40000,12,1,251,1,/pfs/pfs-7jnepv/lgd/libero_fullmatrix_20260909/evaluations/MemoryVLA-c40000-t4-e10003/audited_summary.json
MemoryVLA,4,42,10003,40000,13,0,600,0,/pfs/pfs-7jnepv/lgd/libero_fullmatrix_20260909/evaluations/MemoryVLA-c40000-t4-e10003/audited_summary.json
MemoryVLA,4,42,10003,40000,14,1,293,1,/pfs/pfs-7jnepv/lgd/libero_fullmatrix_20260909/evaluations/MemoryVLA-c40000-t4-e10003/audited_summary.json
MemoryVLA,4,42,10003,40000,15,0,600,0,/pfs/pfs-7jnepv/lgd/libero_fullmatrix_20260909/evaluations/MemoryVLA-c40000-t4-e10003/audited_summary.json
MemoryVLA,4,42,10003,40000,16,0,600,0,/pfs/pfs-7jnepv/lgd/libero_fullmatrix_20260909/evaluations/MemoryVLA-c40000-t4-e10003/audited_summary.json
MemoryVLA,4,42,10003,40000,17,0,600,0,/pfs/pfs-7jnepv/lgd/libero_fullmatrix_20260909/evaluations/MemoryVLA-c40000-t4-e10003/audited_summary.json
MemoryVLA,4,42,10003,40000,18,1,353,1,/pfs/pfs-7jnepv/lgd/libero_fullmatrix_20260909/evaluations/MemoryVLA-c40000-t4-e10003/audited_summary.json
MemoryVLA,4,42,10003,40000,19,1,337,1,/pfs/pfs-7jnepv/lgd/libero_fullmatrix_20260909/evaluations/MemoryVLA-c40000-t4-e10003/audited_summary.json
MemoryVLA,5,42,10001,40000,0,0,600,0,/pfs/pfs-7jnepv/lgd/libero_fullmatrix_20260909/evaluations/MemoryVLA-c40000-t5-e10001/audited_summary.json
MemoryVLA,5,42,10001,40000,1,0,600,0,/pfs/pfs-7jnepv/lgd/libero_fullmatrix_20260909/evaluations/MemoryVLA-c40000-t5-e10001/audited_summary.json
MemoryVLA,5,42,10001,40000,2,0,600,0,/pfs/pfs-7jnepv/lgd/libero_fullmatrix_20260909/evaluations/MemoryVLA-c40000-t5-e10001/audited_summary.json
MemoryVLA,5,42,10001,40000,3,0,600,0,/pfs/pfs-7jnepv/lgd/libero_fullmatrix_20260909/evaluations/MemoryVLA-c40000-t5-e10001/audited_summary.json
MemoryVLA,5,42,10001,40000,4,0,600,0,/pfs/pfs-7jnepv/lgd/libero_fullmatrix_20260909/evaluations/MemoryVLA-c40000-t5-e10001/audited_summary.json
MemoryVLA,5,42,10001,40000,5,0,600,0,/pfs/pfs-7jnepv/lgd/libero_fullmatrix_20260909/evaluations/MemoryVLA-c40000-t5-e10001/audited_summary.json
MemoryVLA,5,42,10001,40000,6,0,600,0,/pfs/pfs-7jnepv/lgd/libero_fullmatrix_20260909/evaluations/MemoryVLA-c40000-t5-e10001/audited_summary.json
MemoryVLA,5,42,10001,40000,7,0,600,0,/pfs/pfs-7jnepv/lgd/libero_fullmatrix_20260909/evaluations/MemoryVLA-c40000-t5-e10001/audited_summary.json
MemoryVLA,5,42,10001,40000,8,0,600,0,/pfs/pfs-7jnepv/lgd/libero_fullmatrix_20260909/evaluations/MemoryVLA-c40000-t5-e10001/audited_summary.json
MemoryVLA,5,42,10001,40000,9,0,600,0,/pfs/pfs-7jnepv/lgd/libero_fullmatrix_20260909/evaluations/MemoryVLA-c40000-t5-e10001/audited_summary.json
MemoryVLA,5,42,10001,40000,10,0,600,0,/pfs/pfs-7jnepv/lgd/libero_fullmatrix_20260909/evaluations/MemoryVLA-c40000-t5-e10001/audited_summary.json
MemoryVLA,5,42,10001,40000,11,0,600,0,/pfs/pfs-7jnepv/lgd/libero_fullmatrix_20260909/evaluations/MemoryVLA-c40000-t5-e10001/audited_summary.json
MemoryVLA,5,42,10001,40000,12,0,600,0,/pfs/pfs-7jnepv/lgd/libero_fullmatrix_20260909/evaluations/MemoryVLA-c40000-t5-e10001/audited_summary.json
MemoryVLA,5,42,10001,40000,13,0,600,0,/pfs/pfs-7jnepv/lgd/libero_fullmatrix_20260909/evaluations/MemoryVLA-c40000-t5-e10001/audited_summary.json
MemoryVLA,5,42,10001,40000,14,0,600,0,/pfs/pfs-7jnepv/lgd/libero_fullmatrix_20260909/evaluations/MemoryVLA-c40000-t5-e10001/audited_summary.json
MemoryVLA,5,42,10001,40000,15,0,600,0,/pfs/pfs-7jnepv/lgd/libero_fullmatrix_20260909/evaluations/MemoryVLA-c40000-t5-e10001/audited_summary.json
MemoryVLA,5,42,10001,40000,16,0,600,0,/pfs/pfs-7jnepv/lgd/libero_fullmatrix_20260909/evaluations/MemoryVLA-c40000-t5-e10001/audited_summary.json
MemoryVLA,5,42,10001,40000,17,0,600,0,/pfs/pfs-7jnepv/lgd/libero_fullmatrix_20260909/evaluations/MemoryVLA-c40000-t5-e10001/audited_summary.json
MemoryVLA,5,42,10001,40000,18,1,556,1,/pfs/pfs-7jnepv/lgd/libero_fullmatrix_20260909/evaluations/MemoryVLA-c40000-t5-e10001/audited_summary.json
MemoryVLA,5,42,10001,40000,19,0,600,0,/pfs/pfs-7jnepv/lgd/libero_fullmatrix_20260909/evaluations/MemoryVLA-c40000-t5-e10001/audited_summary.json
MemoryVLA,5,42,10002,40000,0,0,600,0,/pfs/pfs-7jnepv/lgd/libero_fullmatrix_20260909/evaluations/MemoryVLA-c40000-t5-e10002/audited_summary.json
MemoryVLA,5,42,10002,40000,1,0,600,0,/pfs/pfs-7jnepv/lgd/libero_fullmatrix_20260909/evaluations/MemoryVLA-c40000-t5-e10002/audited_summary.json
MemoryVLA,5,42,10002,40000,2,1,426,1,/pfs/pfs-7jnepv/lgd/libero_fullmatrix_20260909/evaluations/MemoryVLA-c40000-t5-e10002/audited_summary.json
MemoryVLA,5,42,10002,40000,3,0,600,0,/pfs/pfs-7jnepv/lgd/libero_fullmatrix_20260909/evaluations/MemoryVLA-c40000-t5-e10002/audited_summary.json
MemoryVLA,5,42,10002,40000,4,1,593,1,/pfs/pfs-7jnepv/lgd/libero_fullmatrix_20260909/evaluations/MemoryVLA-c40000-t5-e10002/audited_summary.json
MemoryVLA,5,42,10002,40000,5,0,600,0,/pfs/pfs-7jnepv/lgd/libero_fullmatrix_20260909/evaluations/MemoryVLA-c40000-t5-e10002/audited_summary.json
MemoryVLA,5,42,10002,40000,6,0,600,0,/pfs/pfs-7jnepv/lgd/libero_fullmatrix_20260909/evaluations/MemoryVLA-c40000-t5-e10002/audited_summary.json
MemoryVLA,5,42,10002,40000,7,0,600,0,/pfs/pfs-7jnepv/lgd/libero_fullmatrix_20260909/evaluations/MemoryVLA-c40000-t5-e10002/audited_summary.json
MemoryVLA,5,42,10002,40000,8,0,600,0,/pfs/pfs-7jnepv/lgd/libero_fullmatrix_20260909/evaluations/MemoryVLA-c40000-t5-e10002/audited_summary.json
MemoryVLA,5,42,10002,40000,9,0,600,0,/pfs/pfs-7jnepv/lgd/libero_fullmatrix_20260909/evaluations/MemoryVLA-c40000-t5-e10002/audited_summary.json
MemoryVLA,5,42,10002,40000,10,0,600,0,/pfs/pfs-7jnepv/lgd/libero_fullmatrix_20260909/evaluations/MemoryVLA-c40000-t5-e10002/audited_summary.json
MemoryVLA,5,42,10002,40000,11,0,600,0,/pfs/pfs-7jnepv/lgd/libero_fullmatrix_20260909/evaluations/MemoryVLA-c40000-t5-e10002/audited_summary.json
MemoryVLA,5,42,10002,40000,12,1,465,1,/pfs/pfs-7jnepv/lgd/libero_fullmatrix_20260909/evaluations/MemoryVLA-c40000-t5-e10002/audited_summary.json
MemoryVLA,5,42,10002,40000,13,0,600,0,/pfs/pfs-7jnepv/lgd/libero_fullmatrix_20260909/evaluations/MemoryVLA-c40000-t5-e10002/audited_summary.json
MemoryVLA,5,42,10002,40000,14,0,600,0,/pfs/pfs-7jnepv/lgd/libero_fullmatrix_20260909/evaluations/MemoryVLA-c40000-t5-e10002/audited_summary.json
MemoryVLA,5,42,10002,40000,15,0,600,0,/pfs/pfs-7jnepv/lgd/libero_fullmatrix_20260909/evaluations/MemoryVLA-c40000-t5-e10002/audited_summary.json
MemoryVLA,5,42,10002,40000,16,0,600,0,/pfs/pfs-7jnepv/lgd/libero_fullmatrix_20260909/evaluations/MemoryVLA-c40000-t5-e10002/audited_summary.json
MemoryVLA,5,42,10002,40000,17,0,600,0,/pfs/pfs-7jnepv/lgd/libero_fullmatrix_20260909/evaluations/MemoryVLA-c40000-t5-e10002/audited_summary.json
MemoryVLA,5,42,10002,40000,18,0,600,0,/pfs/pfs-7jnepv/lgd/libero_fullmatrix_20260909/evaluations/MemoryVLA-c40000-t5-e10002/audited_summary.json
MemoryVLA,5,42,10002,40000,19,0,600,0,/pfs/pfs-7jnepv/lgd/libero_fullmatrix_20260909/evaluations/MemoryVLA-c40000-t5-e10002/audited_summary.json
MemoryVLA,5,42,10003,40000,0,0,600,0,/pfs/pfs-7jnepv/lgd/libero_fullmatrix_20260909/evaluations/MemoryVLA-c40000-t5-e10003/audited_summary.json
MemoryVLA,5,42,10003,40000,1,0,600,0,/pfs/pfs-7jnepv/lgd/libero_fullmatrix_20260909/evaluations/MemoryVLA-c40000-t5-e10003/audited_summary.json
MemoryVLA,5,42,10003,40000,2,0,600,0,/pfs/pfs-7jnepv/lgd/libero_fullmatrix_20260909/evaluations/MemoryVLA-c40000-t5-e10003/audited_summary.json
MemoryVLA,5,42,10003,40000,3,0,600,0,/pfs/pfs-7jnepv/lgd/libero_fullmatrix_20260909/evaluations/MemoryVLA-c40000-t5-e10003/audited_summary.json
MemoryVLA,5,42,10003,40000,4,1,568,1,/pfs/pfs-7jnepv/lgd/libero_fullmatrix_20260909/evaluations/MemoryVLA-c40000-t5-e10003/audited_summary.json
MemoryVLA,5,42,10003,40000,5,0,600,0,/pfs/pfs-7jnepv/lgd/libero_fullmatrix_20260909/evaluations/MemoryVLA-c40000-t5-e10003/audited_summary.json
MemoryVLA,5,42,10003,40000,6,0,600,0,/pfs/pfs-7jnepv/lgd/libero_fullmatrix_20260909/evaluations/MemoryVLA-c40000-t5-e10003/audited_summary.json
MemoryVLA,5,42,10003,40000,7,0,600,0,/pfs/pfs-7jnepv/lgd/libero_fullmatrix_20260909/evaluations/MemoryVLA-c40000-t5-e10003/audited_summary.json
MemoryVLA,5,42,10003,40000,8,0,600,0,/pfs/pfs-7jnepv/lgd/libero_fullmatrix_20260909/evaluations/MemoryVLA-c40000-t5-e10003/audited_summary.json
MemoryVLA,5,42,10003,40000,9,0,600,0,/pfs/pfs-7jnepv/lgd/libero_fullmatrix_20260909/evaluations/MemoryVLA-c40000-t5-e10003/audited_summary.json
MemoryVLA,5,42,10003,40000,10,0,600,0,/pfs/pfs-7jnepv/lgd/libero_fullmatrix_20260909/evaluations/MemoryVLA-c40000-t5-e10003/audited_summary.json
MemoryVLA,5,42,10003,40000,11,0,600,0,/pfs/pfs-7jnepv/lgd/libero_fullmatrix_20260909/evaluations/MemoryVLA-c40000-t5-e10003/audited_summary.json
MemoryVLA,5,42,10003,40000,12,0,600,0,/pfs/pfs-7jnepv/lgd/libero_fullmatrix_20260909/evaluations/MemoryVLA-c40000-t5-e10003/audited_summary.json
MemoryVLA,5,42,10003,40000,13,0,600,0,/pfs/pfs-7jnepv/lgd/libero_fullmatrix_20260909/evaluations/MemoryVLA-c40000-t5-e10003/audited_summary.json
MemoryVLA,5,42,10003,40000,14,0,600,0,/pfs/pfs-7jnepv/lgd/libero_fullmatrix_20260909/evaluations/MemoryVLA-c40000-t5-e10003/audited_summary.json
MemoryVLA,5,42,10003,40000,15,1,382,1,/pfs/pfs-7jnepv/lgd/libero_fullmatrix_20260909/evaluations/MemoryVLA-c40000-t5-e10003/audited_summary.json
MemoryVLA,5,42,10003,40000,16,0,600,0,/pfs/pfs-7jnepv/lgd/libero_fullmatrix_20260909/evaluations/MemoryVLA-c40000-t5-e10003/audited_summary.json
MemoryVLA,5,42,10003,40000,17,0,600,0,/pfs/pfs-7jnepv/lgd/libero_fullmatrix_20260909/evaluations/MemoryVLA-c40000-t5-e10003/audited_summary.json
MemoryVLA,5,42,10003,40000,18,0,600,0,/pfs/pfs-7jnepv/lgd/libero_fullmatrix_20260909/evaluations/MemoryVLA-c40000-t5-e10003/audited_summary.json
MemoryVLA,5,42,10003,40000,19,0,600,0,/pfs/pfs-7jnepv/lgd/libero_fullmatrix_20260909/evaluations/MemoryVLA-c40000-t5-e10003/audited_summary.json
MemoryVLA,6,42,10001,40000,0,0,600,0,/pfs/pfs-7jnepv/lgd/libero_fullmatrix_20260909/evaluations/MemoryVLA-c40000-t6-e10001/audited_summary.json
MemoryVLA,6,42,10001,40000,1,0,600,0,/pfs/pfs-7jnepv/lgd/libero_fullmatrix_20260909/evaluations/MemoryVLA-c40000-t6-e10001/audited_summary.json
MemoryVLA,6,42,10001,40000,2,0,600,0,/pfs/pfs-7jnepv/lgd/libero_fullmatrix_20260909/evaluations/MemoryVLA-c40000-t6-e10001/audited_summary.json
MemoryVLA,6,42,10001,40000,3,0,600,0,/pfs/pfs-7jnepv/lgd/libero_fullmatrix_20260909/evaluations/MemoryVLA-c40000-t6-e10001/audited_summary.json
MemoryVLA,6,42,10001,40000,4,0,600,0,/pfs/pfs-7jnepv/lgd/libero_fullmatrix_20260909/evaluations/MemoryVLA-c40000-t6-e10001/audited_summary.json
MemoryVLA,6,42,10001,40000,5,0,600,0,/pfs/pfs-7jnepv/lgd/libero_fullmatrix_20260909/evaluations/MemoryVLA-c40000-t6-e10001/audited_summary.json
MemoryVLA,6,42,10001,40000,6,0,600,0,/pfs/pfs-7jnepv/lgd/libero_fullmatrix_20260909/evaluations/MemoryVLA-c40000-t6-e10001/audited_summary.json
MemoryVLA,6,42,10001,40000,7,0,600,0,/pfs/pfs-7jnepv/lgd/libero_fullmatrix_20260909/evaluations/MemoryVLA-c40000-t6-e10001/audited_summary.json
MemoryVLA,6,42,10001,40000,8,0,600,0,/pfs/pfs-7jnepv/lgd/libero_fullmatrix_20260909/evaluations/MemoryVLA-c40000-t6-e10001/audited_summary.json
MemoryVLA,6,42,10001,40000,9,0,600,0,/pfs/pfs-7jnepv/lgd/libero_fullmatrix_20260909/evaluations/MemoryVLA-c40000-t6-e10001/audited_summary.json
MemoryVLA,6,42,10001,40000,10,0,600,0,/pfs/pfs-7jnepv/lgd/libero_fullmatrix_20260909/evaluations/MemoryVLA-c40000-t6-e10001/audited_summary.json
MemoryVLA,6,42,10001,40000,11,0,600,0,/pfs/pfs-7jnepv/lgd/libero_fullmatrix_20260909/evaluations/MemoryVLA-c40000-t6-e10001/audited_summary.json
MemoryVLA,6,42,10001,40000,12,0,600,0,/pfs/pfs-7jnepv/lgd/libero_fullmatrix_20260909/evaluations/MemoryVLA-c40000-t6-e10001/audited_summary.json
MemoryVLA,6,42,10001,40000,13,0,600,0,/pfs/pfs-7jnepv/lgd/libero_fullmatrix_20260909/evaluations/MemoryVLA-c40000-t6-e10001/audited_summary.json
MemoryVLA,6,42,10001,40000,14,0,600,0,/pfs/pfs-7jnepv/lgd/libero_fullmatrix_20260909/evaluations/MemoryVLA-c40000-t6-e10001/audited_summary.json
MemoryVLA,6,42,10001,40000,15,0,600,0,/pfs/pfs-7jnepv/lgd/libero_fullmatrix_20260909/evaluations/MemoryVLA-c40000-t6-e10001/audited_summary.json
MemoryVLA,6,42,10001,40000,16,0,600,0,/pfs/pfs-7jnepv/lgd/libero_fullmatrix_20260909/evaluations/MemoryVLA-c40000-t6-e10001/audited_summary.json
MemoryVLA,6,42,10001,40000,17,0,600,0,/pfs/pfs-7jnepv/lgd/libero_fullmatrix_20260909/evaluations/MemoryVLA-c40000-t6-e10001/audited_summary.json
MemoryVLA,6,42,10001,40000,18,0,600,0,/pfs/pfs-7jnepv/lgd/libero_fullmatrix_20260909/evaluations/MemoryVLA-c40000-t6-e10001/audited_summary.json
MemoryVLA,6,42,10001,40000,19,0,600,0,/pfs/pfs-7jnepv/lgd/libero_fullmatrix_20260909/evaluations/MemoryVLA-c40000-t6-e10001/audited_summary.json
MemoryVLA,6,42,10002,40000,0,0,600,0,/pfs/pfs-7jnepv/lgd/libero_fullmatrix_20260909/evaluations/MemoryVLA-c40000-t6-e10002/audited_summary.json
MemoryVLA,6,42,10002,40000,1,0,600,0,/pfs/pfs-7jnepv/lgd/libero_fullmatrix_20260909/evaluations/MemoryVLA-c40000-t6-e10002/audited_summary.json
MemoryVLA,6,42,10002,40000,2,0,600,0,/pfs/pfs-7jnepv/lgd/libero_fullmatrix_20260909/evaluations/MemoryVLA-c40000-t6-e10002/audited_summary.json
MemoryVLA,6,42,10002,40000,3,0,600,0,/pfs/pfs-7jnepv/lgd/libero_fullmatrix_20260909/evaluations/MemoryVLA-c40000-t6-e10002/audited_summary.json
MemoryVLA,6,42,10002,40000,4,0,600,0,/pfs/pfs-7jnepv/lgd/libero_fullmatrix_20260909/evaluations/MemoryVLA-c40000-t6-e10002/audited_summary.json
MemoryVLA,6,42,10002,40000,5,0,600,0,/pfs/pfs-7jnepv/lgd/libero_fullmatrix_20260909/evaluations/MemoryVLA-c40000-t6-e10002/audited_summary.json
MemoryVLA,6,42,10002,40000,6,0,600,0,/pfs/pfs-7jnepv/lgd/libero_fullmatrix_20260909/evaluations/MemoryVLA-c40000-t6-e10002/audited_summary.json
MemoryVLA,6,42,10002,40000,7,0,600,0,/pfs/pfs-7jnepv/lgd/libero_fullmatrix_20260909/evaluations/MemoryVLA-c40000-t6-e10002/audited_summary.json
MemoryVLA,6,42,10002,40000,8,0,600,0,/pfs/pfs-7jnepv/lgd/libero_fullmatrix_20260909/evaluations/MemoryVLA-c40000-t6-e10002/audited_summary.json
MemoryVLA,6,42,10002,40000,9,0,600,0,/pfs/pfs-7jnepv/lgd/libero_fullmatrix_20260909/evaluations/MemoryVLA-c40000-t6-e10002/audited_summary.json
MemoryVLA,6,42,10002,40000,10,0,600,0,/pfs/pfs-7jnepv/lgd/libero_fullmatrix_20260909/evaluations/MemoryVLA-c40000-t6-e10002/audited_summary.json
MemoryVLA,6,42,10002,40000,11,0,600,0,/pfs/pfs-7jnepv/lgd/libero_fullmatrix_20260909/evaluations/MemoryVLA-c40000-t6-e10002/audited_summary.json
MemoryVLA,6,42,10002,40000,12,0,600,0,/pfs/pfs-7jnepv/lgd/libero_fullmatrix_20260909/evaluations/MemoryVLA-c40000-t6-e10002/audited_summary.json
MemoryVLA,6,42,10002,40000,13,0,600,0,/pfs/pfs-7jnepv/lgd/libero_fullmatrix_20260909/evaluations/MemoryVLA-c40000-t6-e10002/audited_summary.json
MemoryVLA,6,42,10002,40000,14,0,600,0,/pfs/pfs-7jnepv/lgd/libero_fullmatrix_20260909/evaluations/MemoryVLA-c40000-t6-e10002/audited_summary.json
MemoryVLA,6,42,10002,40000,15,0,600,0,/pfs/pfs-7jnepv/lgd/libero_fullmatrix_20260909/evaluations/MemoryVLA-c40000-t6-e10002/audited_summary.json
MemoryVLA,6,42,10002,40000,16,0,600,0,/pfs/pfs-7jnepv/lgd/libero_fullmatrix_20260909/evaluations/MemoryVLA-c40000-t6-e10002/audited_summary.json
MemoryVLA,6,42,10002,40000,17,0,600,0,/pfs/pfs-7jnepv/lgd/libero_fullmatrix_20260909/evaluations/MemoryVLA-c40000-t6-e10002/audited_summary.json
MemoryVLA,6,42,10002,40000,18,0,600,0,/pfs/pfs-7jnepv/lgd/libero_fullmatrix_20260909/evaluations/MemoryVLA-c40000-t6-e10002/audited_summary.json
MemoryVLA,6,42,10002,40000,19,0,600,0,/pfs/pfs-7jnepv/lgd/libero_fullmatrix_20260909/evaluations/MemoryVLA-c40000-t6-e10002/audited_summary.json
MemoryVLA,6,42,10003,40000,0,0,600,0,/pfs/pfs-7jnepv/lgd/libero_fullmatrix_20260909/evaluations/MemoryVLA-c40000-t6-e10003/audited_summary.json
MemoryVLA,6,42,10003,40000,1,0,600,0,/pfs/pfs-7jnepv/lgd/libero_fullmatrix_20260909/evaluations/MemoryVLA-c40000-t6-e10003/audited_summary.json
MemoryVLA,6,42,10003,40000,2,0,600,0,/pfs/pfs-7jnepv/lgd/libero_fullmatrix_20260909/evaluations/MemoryVLA-c40000-t6-e10003/audited_summary.json
MemoryVLA,6,42,10003,40000,3,0,600,0,/pfs/pfs-7jnepv/lgd/libero_fullmatrix_20260909/evaluations/MemoryVLA-c40000-t6-e10003/audited_summary.json
MemoryVLA,6,42,10003,40000,4,0,600,0,/pfs/pfs-7jnepv/lgd/libero_fullmatrix_20260909/evaluations/MemoryVLA-c40000-t6-e10003/audited_summary.json
MemoryVLA,6,42,10003,40000,5,0,600,0,/pfs/pfs-7jnepv/lgd/libero_fullmatrix_20260909/evaluations/MemoryVLA-c40000-t6-e10003/audited_summary.json
MemoryVLA,6,42,10003,40000,6,0,600,0,/pfs/pfs-7jnepv/lgd/libero_fullmatrix_20260909/evaluations/MemoryVLA-c40000-t6-e10003/audited_summary.json
MemoryVLA,6,42,10003,40000,7,0,600,0,/pfs/pfs-7jnepv/lgd/libero_fullmatrix_20260909/evaluations/MemoryVLA-c40000-t6-e10003/audited_summary.json
MemoryVLA,6,42,10003,40000,8,0,600,0,/pfs/pfs-7jnepv/lgd/libero_fullmatrix_20260909/evaluations/MemoryVLA-c40000-t6-e10003/audited_summary.json
MemoryVLA,6,42,10003,40000,9,0,600,0,/pfs/pfs-7jnepv/lgd/libero_fullmatrix_20260909/evaluations/MemoryVLA-c40000-t6-e10003/audited_summary.json
MemoryVLA,6,42,10003,40000,10,0,600,0,/pfs/pfs-7jnepv/lgd/libero_fullmatrix_20260909/evaluations/MemoryVLA-c40000-t6-e10003/audited_summary.json
MemoryVLA,6,42,10003,40000,11,0,600,0,/pfs/pfs-7jnepv/lgd/libero_fullmatrix_20260909/evaluations/MemoryVLA-c40000-t6-e10003/audited_summary.json
MemoryVLA,6,42,10003,40000,12,0,600,0,/pfs/pfs-7jnepv/lgd/libero_fullmatrix_20260909/evaluations/MemoryVLA-c40000-t6-e10003/audited_summary.json
MemoryVLA,6,42,10003,40000,13,0,600,0,/pfs/pfs-7jnepv/lgd/libero_fullmatrix_20260909/evaluations/MemoryVLA-c40000-t6-e10003/audited_summary.json
MemoryVLA,6,42,10003,40000,14,0,600,0,/pfs/pfs-7jnepv/lgd/libero_fullmatrix_20260909/evaluations/MemoryVLA-c40000-t6-e10003/audited_summary.json
MemoryVLA,6,42,10003,40000,15,0,600,0,/pfs/pfs-7jnepv/lgd/libero_fullmatrix_20260909/evaluations/MemoryVLA-c40000-t6-e10003/audited_summary.json
MemoryVLA,6,42,10003,40000,16,0,600,0,/pfs/pfs-7jnepv/lgd/libero_fullmatrix_20260909/evaluations/MemoryVLA-c40000-t6-e10003/audited_summary.json
MemoryVLA,6,42,10003,40000,17,0,600,0,/pfs/pfs-7jnepv/lgd/libero_fullmatrix_20260909/evaluations/MemoryVLA-c40000-t6-e10003/audited_summary.json
MemoryVLA,6,42,10003,40000,18,0,600,0,/pfs/pfs-7jnepv/lgd/libero_fullmatrix_20260909/evaluations/MemoryVLA-c40000-t6-e10003/audited_summary.json
MemoryVLA,6,42,10003,40000,19,0,600,0,/pfs/pfs-7jnepv/lgd/libero_fullmatrix_20260909/evaluations/MemoryVLA-c40000-t6-e10003/audited_summary.json
MemoryVLA,7,42,10001,40000,0,0,600,0,/pfs/pfs-7jnepv/lgd/libero_fullmatrix_20260909/evaluations/MemoryVLA-c40000-t7-e10001/audited_summary.json
MemoryVLA,7,42,10001,40000,1,1,329,1,/pfs/pfs-7jnepv/lgd/libero_fullmatrix_20260909/evaluations/MemoryVLA-c40000-t7-e10001/audited_summary.json
MemoryVLA,7,42,10001,40000,2,0,600,0,/pfs/pfs-7jnepv/lgd/libero_fullmatrix_20260909/evaluations/MemoryVLA-c40000-t7-e10001/audited_summary.json
MemoryVLA,7,42,10001,40000,3,0,600,0,/pfs/pfs-7jnepv/lgd/libero_fullmatrix_20260909/evaluations/MemoryVLA-c40000-t7-e10001/audited_summary.json
MemoryVLA,7,42,10001,40000,4,0,600,0,/pfs/pfs-7jnepv/lgd/libero_fullmatrix_20260909/evaluations/MemoryVLA-c40000-t7-e10001/audited_summary.json
MemoryVLA,7,42,10001,40000,5,0,600,0,/pfs/pfs-7jnepv/lgd/libero_fullmatrix_20260909/evaluations/MemoryVLA-c40000-t7-e10001/audited_summary.json
MemoryVLA,7,42,10001,40000,6,1,375,1,/pfs/pfs-7jnepv/lgd/libero_fullmatrix_20260909/evaluations/MemoryVLA-c40000-t7-e10001/audited_summary.json
MemoryVLA,7,42,10001,40000,7,0,600,0,/pfs/pfs-7jnepv/lgd/libero_fullmatrix_20260909/evaluations/MemoryVLA-c40000-t7-e10001/audited_summary.json
MemoryVLA,7,42,10001,40000,8,0,600,0,/pfs/pfs-7jnepv/lgd/libero_fullmatrix_20260909/evaluations/MemoryVLA-c40000-t7-e10001/audited_summary.json
MemoryVLA,7,42,10001,40000,9,0,600,0,/pfs/pfs-7jnepv/lgd/libero_fullmatrix_20260909/evaluations/MemoryVLA-c40000-t7-e10001/audited_summary.json
MemoryVLA,7,42,10001,40000,10,1,298,1,/pfs/pfs-7jnepv/lgd/libero_fullmatrix_20260909/evaluations/MemoryVLA-c40000-t7-e10001/audited_summary.json
MemoryVLA,7,42,10001,40000,11,1,361,1,/pfs/pfs-7jnepv/lgd/libero_fullmatrix_20260909/evaluations/MemoryVLA-c40000-t7-e10001/audited_summary.json
MemoryVLA,7,42,10001,40000,12,0,600,0,/pfs/pfs-7jnepv/lgd/libero_fullmatrix_20260909/evaluations/MemoryVLA-c40000-t7-e10001/audited_summary.json
MemoryVLA,7,42,10001,40000,13,0,600,0,/pfs/pfs-7jnepv/lgd/libero_fullmatrix_20260909/evaluations/MemoryVLA-c40000-t7-e10001/audited_summary.json
MemoryVLA,7,42,10001,40000,14,1,489,1,/pfs/pfs-7jnepv/lgd/libero_fullmatrix_20260909/evaluations/MemoryVLA-c40000-t7-e10001/audited_summary.json
MemoryVLA,7,42,10001,40000,15,0,600,0,/pfs/pfs-7jnepv/lgd/libero_fullmatrix_20260909/evaluations/MemoryVLA-c40000-t7-e10001/audited_summary.json
MemoryVLA,7,42,10001,40000,16,1,341,1,/pfs/pfs-7jnepv/lgd/libero_fullmatrix_20260909/evaluations/MemoryVLA-c40000-t7-e10001/audited_summary.json
MemoryVLA,7,42,10001,40000,17,0,600,0,/pfs/pfs-7jnepv/lgd/libero_fullmatrix_20260909/evaluations/MemoryVLA-c40000-t7-e10001/audited_summary.json
MemoryVLA,7,42,10001,40000,18,0,600,0,/pfs/pfs-7jnepv/lgd/libero_fullmatrix_20260909/evaluations/MemoryVLA-c40000-t7-e10001/audited_summary.json
MemoryVLA,7,42,10001,40000,19,0,600,0,/pfs/pfs-7jnepv/lgd/libero_fullmatrix_20260909/evaluations/MemoryVLA-c40000-t7-e10001/audited_summary.json
MemoryVLA,7,42,10002,40000,0,0,600,0,/pfs/pfs-7jnepv/lgd/libero_fullmatrix_20260909/evaluations/MemoryVLA-c40000-t7-e10002/audited_summary.json
MemoryVLA,7,42,10002,40000,1,1,331,1,/pfs/pfs-7jnepv/lgd/libero_fullmatrix_20260909/evaluations/MemoryVLA-c40000-t7-e10002/audited_summary.json
MemoryVLA,7,42,10002,40000,2,1,282,1,/pfs/pfs-7jnepv/lgd/libero_fullmatrix_20260909/evaluations/MemoryVLA-c40000-t7-e10002/audited_summary.json
MemoryVLA,7,42,10002,40000,3,0,600,0,/pfs/pfs-7jnepv/lgd/libero_fullmatrix_20260909/evaluations/MemoryVLA-c40000-t7-e10002/audited_summary.json
MemoryVLA,7,42,10002,40000,4,1,315,1,/pfs/pfs-7jnepv/lgd/libero_fullmatrix_20260909/evaluations/MemoryVLA-c40000-t7-e10002/audited_summary.json
MemoryVLA,7,42,10002,40000,5,0,600,0,/pfs/pfs-7jnepv/lgd/libero_fullmatrix_20260909/evaluations/MemoryVLA-c40000-t7-e10002/audited_summary.json
MemoryVLA,7,42,10002,40000,6,1,434,1,/pfs/pfs-7jnepv/lgd/libero_fullmatrix_20260909/evaluations/MemoryVLA-c40000-t7-e10002/audited_summary.json
MemoryVLA,7,42,10002,40000,7,1,400,1,/pfs/pfs-7jnepv/lgd/libero_fullmatrix_20260909/evaluations/MemoryVLA-c40000-t7-e10002/audited_summary.json
MemoryVLA,7,42,10002,40000,8,0,600,0,/pfs/pfs-7jnepv/lgd/libero_fullmatrix_20260909/evaluations/MemoryVLA-c40000-t7-e10002/audited_summary.json
MemoryVLA,7,42,10002,40000,9,1,376,1,/pfs/pfs-7jnepv/lgd/libero_fullmatrix_20260909/evaluations/MemoryVLA-c40000-t7-e10002/audited_summary.json
MemoryVLA,7,42,10002,40000,10,0,600,0,/pfs/pfs-7jnepv/lgd/libero_fullmatrix_20260909/evaluations/MemoryVLA-c40000-t7-e10002/audited_summary.json
MemoryVLA,7,42,10002,40000,11,1,352,1,/pfs/pfs-7jnepv/lgd/libero_fullmatrix_20260909/evaluations/MemoryVLA-c40000-t7-e10002/audited_summary.json
MemoryVLA,7,42,10002,40000,12,1,345,1,/pfs/pfs-7jnepv/lgd/libero_fullmatrix_20260909/evaluations/MemoryVLA-c40000-t7-e10002/audited_summary.json
MemoryVLA,7,42,10002,40000,13,0,600,0,/pfs/pfs-7jnepv/lgd/libero_fullmatrix_20260909/evaluations/MemoryVLA-c40000-t7-e10002/audited_summary.json
MemoryVLA,7,42,10002,40000,14,0,600,0,/pfs/pfs-7jnepv/lgd/libero_fullmatrix_20260909/evaluations/MemoryVLA-c40000-t7-e10002/audited_summary.json
MemoryVLA,7,42,10002,40000,15,1,567,1,/pfs/pfs-7jnepv/lgd/libero_fullmatrix_20260909/evaluations/MemoryVLA-c40000-t7-e10002/audited_summary.json
MemoryVLA,7,42,10002,40000,16,1,344,1,/pfs/pfs-7jnepv/lgd/libero_fullmatrix_20260909/evaluations/MemoryVLA-c40000-t7-e10002/audited_summary.json
MemoryVLA,7,42,10002,40000,17,0,600,0,/pfs/pfs-7jnepv/lgd/libero_fullmatrix_20260909/evaluations/MemoryVLA-c40000-t7-e10002/audited_summary.json
MemoryVLA,7,42,10002,40000,18,0,600,0,/pfs/pfs-7jnepv/lgd/libero_fullmatrix_20260909/evaluations/MemoryVLA-c40000-t7-e10002/audited_summary.json
MemoryVLA,7,42,10002,40000,19,0,600,0,/pfs/pfs-7jnepv/lgd/libero_fullmatrix_20260909/evaluations/MemoryVLA-c40000-t7-e10002/audited_summary.json
MemoryVLA,7,42,10003,40000,0,0,600,0,/pfs/pfs-7jnepv/lgd/libero_fullmatrix_20260909/evaluations/MemoryVLA-c40000-t7-e10003/audited_summary.json
MemoryVLA,7,42,10003,40000,1,1,334,1,/pfs/pfs-7jnepv/lgd/libero_fullmatrix_20260909/evaluations/MemoryVLA-c40000-t7-e10003/audited_summary.json
MemoryVLA,7,42,10003,40000,2,1,557,1,/pfs/pfs-7jnepv/lgd/libero_fullmatrix_20260909/evaluations/MemoryVLA-c40000-t7-e10003/audited_summary.json
MemoryVLA,7,42,10003,40000,3,0,600,0,/pfs/pfs-7jnepv/lgd/libero_fullmatrix_20260909/evaluations/MemoryVLA-c40000-t7-e10003/audited_summary.json
MemoryVLA,7,42,10003,40000,4,1,317,1,/pfs/pfs-7jnepv/lgd/libero_fullmatrix_20260909/evaluations/MemoryVLA-c40000-t7-e10003/audited_summary.json
MemoryVLA,7,42,10003,40000,5,0,600,0,/pfs/pfs-7jnepv/lgd/libero_fullmatrix_20260909/evaluations/MemoryVLA-c40000-t7-e10003/audited_summary.json
MemoryVLA,7,42,10003,40000,6,0,600,0,/pfs/pfs-7jnepv/lgd/libero_fullmatrix_20260909/evaluations/MemoryVLA-c40000-t7-e10003/audited_summary.json
MemoryVLA,7,42,10003,40000,7,0,600,0,/pfs/pfs-7jnepv/lgd/libero_fullmatrix_20260909/evaluations/MemoryVLA-c40000-t7-e10003/audited_summary.json
MemoryVLA,7,42,10003,40000,8,0,600,0,/pfs/pfs-7jnepv/lgd/libero_fullmatrix_20260909/evaluations/MemoryVLA-c40000-t7-e10003/audited_summary.json
MemoryVLA,7,42,10003,40000,9,0,600,0,/pfs/pfs-7jnepv/lgd/libero_fullmatrix_20260909/evaluations/MemoryVLA-c40000-t7-e10003/audited_summary.json
MemoryVLA,7,42,10003,40000,10,0,600,0,/pfs/pfs-7jnepv/lgd/libero_fullmatrix_20260909/evaluations/MemoryVLA-c40000-t7-e10003/audited_summary.json
MemoryVLA,7,42,10003,40000,11,0,600,0,/pfs/pfs-7jnepv/lgd/libero_fullmatrix_20260909/evaluations/MemoryVLA-c40000-t7-e10003/audited_summary.json
MemoryVLA,7,42,10003,40000,12,1,465,1,/pfs/pfs-7jnepv/lgd/libero_fullmatrix_20260909/evaluations/MemoryVLA-c40000-t7-e10003/audited_summary.json
MemoryVLA,7,42,10003,40000,13,0,600,0,/pfs/pfs-7jnepv/lgd/libero_fullmatrix_20260909/evaluations/MemoryVLA-c40000-t7-e10003/audited_summary.json
MemoryVLA,7,42,10003,40000,14,1,407,1,/pfs/pfs-7jnepv/lgd/libero_fullmatrix_20260909/evaluations/MemoryVLA-c40000-t7-e10003/audited_summary.json
MemoryVLA,7,42,10003,40000,15,1,373,1,/pfs/pfs-7jnepv/lgd/libero_fullmatrix_20260909/evaluations/MemoryVLA-c40000-t7-e10003/audited_summary.json
MemoryVLA,7,42,10003,40000,16,1,341,1,/pfs/pfs-7jnepv/lgd/libero_fullmatrix_20260909/evaluations/MemoryVLA-c40000-t7-e10003/audited_summary.json
MemoryVLA,7,42,10003,40000,17,0,600,0,/pfs/pfs-7jnepv/lgd/libero_fullmatrix_20260909/evaluations/MemoryVLA-c40000-t7-e10003/audited_summary.json
MemoryVLA,7,42,10003,40000,18,0,600,0,/pfs/pfs-7jnepv/lgd/libero_fullmatrix_20260909/evaluations/MemoryVLA-c40000-t7-e10003/audited_summary.json
MemoryVLA,7,42,10003,40000,19,0,600,0,/pfs/pfs-7jnepv/lgd/libero_fullmatrix_20260909/evaluations/MemoryVLA-c40000-t7-e10003/audited_summary.json
MemoryVLA,8,42,10001,40000,0,1,505,1,/pfs/pfs-7jnepv/lgd/libero_fullmatrix_20260909/evaluations/MemoryVLA-c40000-t8-e10001/audited_summary.json
MemoryVLA,8,42,10001,40000,1,0,600,0,/pfs/pfs-7jnepv/lgd/libero_fullmatrix_20260909/evaluations/MemoryVLA-c40000-t8-e10001/audited_summary.json
MemoryVLA,8,42,10001,40000,2,1,454,1,/pfs/pfs-7jnepv/lgd/libero_fullmatrix_20260909/evaluations/MemoryVLA-c40000-t8-e10001/audited_summary.json
MemoryVLA,8,42,10001,40000,3,1,544,1,/pfs/pfs-7jnepv/lgd/libero_fullmatrix_20260909/evaluations/MemoryVLA-c40000-t8-e10001/audited_summary.json
MemoryVLA,8,42,10001,40000,4,1,487,1,/pfs/pfs-7jnepv/lgd/libero_fullmatrix_20260909/evaluations/MemoryVLA-c40000-t8-e10001/audited_summary.json
MemoryVLA,8,42,10001,40000,5,1,550,1,/pfs/pfs-7jnepv/lgd/libero_fullmatrix_20260909/evaluations/MemoryVLA-c40000-t8-e10001/audited_summary.json
MemoryVLA,8,42,10001,40000,6,0,600,0,/pfs/pfs-7jnepv/lgd/libero_fullmatrix_20260909/evaluations/MemoryVLA-c40000-t8-e10001/audited_summary.json
MemoryVLA,8,42,10001,40000,7,1,568,1,/pfs/pfs-7jnepv/lgd/libero_fullmatrix_20260909/evaluations/MemoryVLA-c40000-t8-e10001/audited_summary.json
MemoryVLA,8,42,10001,40000,8,0,600,0,/pfs/pfs-7jnepv/lgd/libero_fullmatrix_20260909/evaluations/MemoryVLA-c40000-t8-e10001/audited_summary.json
MemoryVLA,8,42,10001,40000,9,1,456,1,/pfs/pfs-7jnepv/lgd/libero_fullmatrix_20260909/evaluations/MemoryVLA-c40000-t8-e10001/audited_summary.json
MemoryVLA,8,42,10001,40000,10,0,600,0,/pfs/pfs-7jnepv/lgd/libero_fullmatrix_20260909/evaluations/MemoryVLA-c40000-t8-e10001/audited_summary.json
MemoryVLA,8,42,10001,40000,11,1,451,1,/pfs/pfs-7jnepv/lgd/libero_fullmatrix_20260909/evaluations/MemoryVLA-c40000-t8-e10001/audited_summary.json
MemoryVLA,8,42,10001,40000,12,1,497,1,/pfs/pfs-7jnepv/lgd/libero_fullmatrix_20260909/evaluations/MemoryVLA-c40000-t8-e10001/audited_summary.json
MemoryVLA,8,42,10001,40000,13,1,493,1,/pfs/pfs-7jnepv/lgd/libero_fullmatrix_20260909/evaluations/MemoryVLA-c40000-t8-e10001/audited_summary.json
MemoryVLA,8,42,10001,40000,14,1,483,1,/pfs/pfs-7jnepv/lgd/libero_fullmatrix_20260909/evaluations/MemoryVLA-c40000-t8-e10001/audited_summary.json
MemoryVLA,8,42,10001,40000,15,1,392,1,/pfs/pfs-7jnepv/lgd/libero_fullmatrix_20260909/evaluations/MemoryVLA-c40000-t8-e10001/audited_summary.json
MemoryVLA,8,42,10001,40000,16,1,432,1,/pfs/pfs-7jnepv/lgd/libero_fullmatrix_20260909/evaluations/MemoryVLA-c40000-t8-e10001/audited_summary.json
MemoryVLA,8,42,10001,40000,17,0,600,0,/pfs/pfs-7jnepv/lgd/libero_fullmatrix_20260909/evaluations/MemoryVLA-c40000-t8-e10001/audited_summary.json
MemoryVLA,8,42,10001,40000,18,0,600,0,/pfs/pfs-7jnepv/lgd/libero_fullmatrix_20260909/evaluations/MemoryVLA-c40000-t8-e10001/audited_summary.json
MemoryVLA,8,42,10001,40000,19,1,453,1,/pfs/pfs-7jnepv/lgd/libero_fullmatrix_20260909/evaluations/MemoryVLA-c40000-t8-e10001/audited_summary.json
MemoryVLA,8,42,10002,40000,0,1,485,1,/pfs/pfs-7jnepv/lgd/libero_fullmatrix_20260909/evaluations/MemoryVLA-c40000-t8-e10002/audited_summary.json
MemoryVLA,8,42,10002,40000,1,0,600,0,/pfs/pfs-7jnepv/lgd/libero_fullmatrix_20260909/evaluations/MemoryVLA-c40000-t8-e10002/audited_summary.json
MemoryVLA,8,42,10002,40000,2,0,600,0,/pfs/pfs-7jnepv/lgd/libero_fullmatrix_20260909/evaluations/MemoryVLA-c40000-t8-e10002/audited_summary.json
MemoryVLA,8,42,10002,40000,3,0,600,0,/pfs/pfs-7jnepv/lgd/libero_fullmatrix_20260909/evaluations/MemoryVLA-c40000-t8-e10002/audited_summary.json
MemoryVLA,8,42,10002,40000,4,1,488,1,/pfs/pfs-7jnepv/lgd/libero_fullmatrix_20260909/evaluations/MemoryVLA-c40000-t8-e10002/audited_summary.json
MemoryVLA,8,42,10002,40000,5,0,600,0,/pfs/pfs-7jnepv/lgd/libero_fullmatrix_20260909/evaluations/MemoryVLA-c40000-t8-e10002/audited_summary.json
MemoryVLA,8,42,10002,40000,6,0,600,0,/pfs/pfs-7jnepv/lgd/libero_fullmatrix_20260909/evaluations/MemoryVLA-c40000-t8-e10002/audited_summary.json
MemoryVLA,8,42,10002,40000,7,0,600,0,/pfs/pfs-7jnepv/lgd/libero_fullmatrix_20260909/evaluations/MemoryVLA-c40000-t8-e10002/audited_summary.json
MemoryVLA,8,42,10002,40000,8,1,524,1,/pfs/pfs-7jnepv/lgd/libero_fullmatrix_20260909/evaluations/MemoryVLA-c40000-t8-e10002/audited_summary.json
MemoryVLA,8,42,10002,40000,9,1,455,1,/pfs/pfs-7jnepv/lgd/libero_fullmatrix_20260909/evaluations/MemoryVLA-c40000-t8-e10002/audited_summary.json
MemoryVLA,8,42,10002,40000,10,0,600,0,/pfs/pfs-7jnepv/lgd/libero_fullmatrix_20260909/evaluations/MemoryVLA-c40000-t8-e10002/audited_summary.json
MemoryVLA,8,42,10002,40000,11,1,457,1,/pfs/pfs-7jnepv/lgd/libero_fullmatrix_20260909/evaluations/MemoryVLA-c40000-t8-e10002/audited_summary.json
MemoryVLA,8,42,10002,40000,12,1,502,1,/pfs/pfs-7jnepv/lgd/libero_fullmatrix_20260909/evaluations/MemoryVLA-c40000-t8-e10002/audited_summary.json
MemoryVLA,8,42,10002,40000,13,0,600,0,/pfs/pfs-7jnepv/lgd/libero_fullmatrix_20260909/evaluations/MemoryVLA-c40000-t8-e10002/audited_summary.json
MemoryVLA,8,42,10002,40000,14,1,505,1,/pfs/pfs-7jnepv/lgd/libero_fullmatrix_20260909/evaluations/MemoryVLA-c40000-t8-e10002/audited_summary.json
MemoryVLA,8,42,10002,40000,15,1,483,1,/pfs/pfs-7jnepv/lgd/libero_fullmatrix_20260909/evaluations/MemoryVLA-c40000-t8-e10002/audited_summary.json
MemoryVLA,8,42,10002,40000,16,0,600,0,/pfs/pfs-7jnepv/lgd/libero_fullmatrix_20260909/evaluations/MemoryVLA-c40000-t8-e10002/audited_summary.json
MemoryVLA,8,42,10002,40000,17,1,432,1,/pfs/pfs-7jnepv/lgd/libero_fullmatrix_20260909/evaluations/MemoryVLA-c40000-t8-e10002/audited_summary.json
MemoryVLA,8,42,10002,40000,18,0,600,0,/pfs/pfs-7jnepv/lgd/libero_fullmatrix_20260909/evaluations/MemoryVLA-c40000-t8-e10002/audited_summary.json
MemoryVLA,8,42,10002,40000,19,0,600,0,/pfs/pfs-7jnepv/lgd/libero_fullmatrix_20260909/evaluations/MemoryVLA-c40000-t8-e10002/audited_summary.json
MemoryVLA,8,42,10003,40000,0,1,538,1,/pfs/pfs-7jnepv/lgd/libero_fullmatrix_20260909/evaluations/MemoryVLA-c40000-t8-e10003/audited_summary.json
MemoryVLA,8,42,10003,40000,1,0,600,0,/pfs/pfs-7jnepv/lgd/libero_fullmatrix_20260909/evaluations/MemoryVLA-c40000-t8-e10003/audited_summary.json
MemoryVLA,8,42,10003,40000,2,1,455,1,/pfs/pfs-7jnepv/lgd/libero_fullmatrix_20260909/evaluations/MemoryVLA-c40000-t8-e10003/audited_summary.json
MemoryVLA,8,42,10003,40000,3,0,600,0,/pfs/pfs-7jnepv/lgd/libero_fullmatrix_20260909/evaluations/MemoryVLA-c40000-t8-e10003/audited_summary.json
MemoryVLA,8,42,10003,40000,4,0,600,0,/pfs/pfs-7jnepv/lgd/libero_fullmatrix_20260909/evaluations/MemoryVLA-c40000-t8-e10003/audited_summary.json
MemoryVLA,8,42,10003,40000,5,0,600,0,/pfs/pfs-7jnepv/lgd/libero_fullmatrix_20260909/evaluations/MemoryVLA-c40000-t8-e10003/audited_summary.json
MemoryVLA,8,42,10003,40000,6,0,600,0,/pfs/pfs-7jnepv/lgd/libero_fullmatrix_20260909/evaluations/MemoryVLA-c40000-t8-e10003/audited_summary.json
MemoryVLA,8,42,10003,40000,7,1,552,1,/pfs/pfs-7jnepv/lgd/libero_fullmatrix_20260909/evaluations/MemoryVLA-c40000-t8-e10003/audited_summary.json
MemoryVLA,8,42,10003,40000,8,0,600,0,/pfs/pfs-7jnepv/lgd/libero_fullmatrix_20260909/evaluations/MemoryVLA-c40000-t8-e10003/audited_summary.json
MemoryVLA,8,42,10003,40000,9,1,466,1,/pfs/pfs-7jnepv/lgd/libero_fullmatrix_20260909/evaluations/MemoryVLA-c40000-t8-e10003/audited_summary.json
MemoryVLA,8,42,10003,40000,10,1,449,1,/pfs/pfs-7jnepv/lgd/libero_fullmatrix_20260909/evaluations/MemoryVLA-c40000-t8-e10003/audited_summary.json
MemoryVLA,8,42,10003,40000,11,0,600,0,/pfs/pfs-7jnepv/lgd/libero_fullmatrix_20260909/evaluations/MemoryVLA-c40000-t8-e10003/audited_summary.json
MemoryVLA,8,42,10003,40000,12,1,470,1,/pfs/pfs-7jnepv/lgd/libero_fullmatrix_20260909/evaluations/MemoryVLA-c40000-t8-e10003/audited_summary.json
MemoryVLA,8,42,10003,40000,13,0,600,0,/pfs/pfs-7jnepv/lgd/libero_fullmatrix_20260909/evaluations/MemoryVLA-c40000-t8-e10003/audited_summary.json
MemoryVLA,8,42,10003,40000,14,0,600,0,/pfs/pfs-7jnepv/lgd/libero_fullmatrix_20260909/evaluations/MemoryVLA-c40000-t8-e10003/audited_summary.json
MemoryVLA,8,42,10003,40000,15,0,600,0,/pfs/pfs-7jnepv/lgd/libero_fullmatrix_20260909/evaluations/MemoryVLA-c40000-t8-e10003/audited_summary.json
MemoryVLA,8,42,10003,40000,16,1,463,1,/pfs/pfs-7jnepv/lgd/libero_fullmatrix_20260909/evaluations/MemoryVLA-c40000-t8-e10003/audited_summary.json
MemoryVLA,8,42,10003,40000,17,1,441,1,/pfs/pfs-7jnepv/lgd/libero_fullmatrix_20260909/evaluations/MemoryVLA-c40000-t8-e10003/audited_summary.json
MemoryVLA,8,42,10003,40000,18,0,600,0,/pfs/pfs-7jnepv/lgd/libero_fullmatrix_20260909/evaluations/MemoryVLA-c40000-t8-e10003/audited_summary.json
MemoryVLA,8,42,10003,40000,19,1,461,1,/pfs/pfs-7jnepv/lgd/libero_fullmatrix_20260909/evaluations/MemoryVLA-c40000-t8-e10003/audited_summary.json
MemoryVLA,9,42,10001,40000,0,1,261,1,/pfs/pfs-7jnepv/lgd/libero_fullmatrix_20260909/evaluations/MemoryVLA-c40000-t9-e10001/audited_summary.json
MemoryVLA,9,42,10001,40000,1,1,237,1,/pfs/pfs-7jnepv/lgd/libero_fullmatrix_20260909/evaluations/MemoryVLA-c40000-t9-e10001/audited_summary.json
MemoryVLA,9,42,10001,40000,2,1,258,1,/pfs/pfs-7jnepv/lgd/libero_fullmatrix_20260909/evaluations/MemoryVLA-c40000-t9-e10001/audited_summary.json
MemoryVLA,9,42,10001,40000,3,1,235,1,/pfs/pfs-7jnepv/lgd/libero_fullmatrix_20260909/evaluations/MemoryVLA-c40000-t9-e10001/audited_summary.json
MemoryVLA,9,42,10001,40000,4,1,270,1,/pfs/pfs-7jnepv/lgd/libero_fullmatrix_20260909/evaluations/MemoryVLA-c40000-t9-e10001/audited_summary.json
MemoryVLA,9,42,10001,40000,5,1,322,1,/pfs/pfs-7jnepv/lgd/libero_fullmatrix_20260909/evaluations/MemoryVLA-c40000-t9-e10001/audited_summary.json
MemoryVLA,9,42,10001,40000,6,1,269,1,/pfs/pfs-7jnepv/lgd/libero_fullmatrix_20260909/evaluations/MemoryVLA-c40000-t9-e10001/audited_summary.json
MemoryVLA,9,42,10001,40000,7,0,600,0,/pfs/pfs-7jnepv/lgd/libero_fullmatrix_20260909/evaluations/MemoryVLA-c40000-t9-e10001/audited_summary.json
MemoryVLA,9,42,10001,40000,8,1,265,1,/pfs/pfs-7jnepv/lgd/libero_fullmatrix_20260909/evaluations/MemoryVLA-c40000-t9-e10001/audited_summary.json
MemoryVLA,9,42,10001,40000,9,1,256,1,/pfs/pfs-7jnepv/lgd/libero_fullmatrix_20260909/evaluations/MemoryVLA-c40000-t9-e10001/audited_summary.json
MemoryVLA,9,42,10001,40000,10,1,317,1,/pfs/pfs-7jnepv/lgd/libero_fullmatrix_20260909/evaluations/MemoryVLA-c40000-t9-e10001/audited_summary.json
MemoryVLA,9,42,10001,40000,11,1,266,1,/pfs/pfs-7jnepv/lgd/libero_fullmatrix_20260909/evaluations/MemoryVLA-c40000-t9-e10001/audited_summary.json
MemoryVLA,9,42,10001,40000,12,1,247,1,/pfs/pfs-7jnepv/lgd/libero_fullmatrix_20260909/evaluations/MemoryVLA-c40000-t9-e10001/audited_summary.json
MemoryVLA,9,42,10001,40000,13,1,262,1,/pfs/pfs-7jnepv/lgd/libero_fullmatrix_20260909/evaluations/MemoryVLA-c40000-t9-e10001/audited_summary.json
MemoryVLA,9,42,10001,40000,14,1,282,1,/pfs/pfs-7jnepv/lgd/libero_fullmatrix_20260909/evaluations/MemoryVLA-c40000-t9-e10001/audited_summary.json
MemoryVLA,9,42,10001,40000,15,1,252,1,/pfs/pfs-7jnepv/lgd/libero_fullmatrix_20260909/evaluations/MemoryVLA-c40000-t9-e10001/audited_summary.json
MemoryVLA,9,42,10001,40000,16,1,302,1,/pfs/pfs-7jnepv/lgd/libero_fullmatrix_20260909/evaluations/MemoryVLA-c40000-t9-e10001/audited_summary.json
MemoryVLA,9,42,10001,40000,17,1,254,1,/pfs/pfs-7jnepv/lgd/libero_fullmatrix_20260909/evaluations/MemoryVLA-c40000-t9-e10001/audited_summary.json
MemoryVLA,9,42,10001,40000,18,1,246,1,/pfs/pfs-7jnepv/lgd/libero_fullmatrix_20260909/evaluations/MemoryVLA-c40000-t9-e10001/audited_summary.json
MemoryVLA,9,42,10001,40000,19,1,223,1,/pfs/pfs-7jnepv/lgd/libero_fullmatrix_20260909/evaluations/MemoryVLA-c40000-t9-e10001/audited_summary.json
MemoryVLA,9,42,10002,40000,0,1,247,1,/pfs/pfs-7jnepv/lgd/libero_fullmatrix_20260909/evaluations/MemoryVLA-c40000-t9-e10002/audited_summary.json
MemoryVLA,9,42,10002,40000,1,1,244,1,/pfs/pfs-7jnepv/lgd/libero_fullmatrix_20260909/evaluations/MemoryVLA-c40000-t9-e10002/audited_summary.json
MemoryVLA,9,42,10002,40000,2,0,600,0,/pfs/pfs-7jnepv/lgd/libero_fullmatrix_20260909/evaluations/MemoryVLA-c40000-t9-e10002/audited_summary.json
MemoryVLA,9,42,10002,40000,3,1,277,1,/pfs/pfs-7jnepv/lgd/libero_fullmatrix_20260909/evaluations/MemoryVLA-c40000-t9-e10002/audited_summary.json
MemoryVLA,9,42,10002,40000,4,1,286,1,/pfs/pfs-7jnepv/lgd/libero_fullmatrix_20260909/evaluations/MemoryVLA-c40000-t9-e10002/audited_summary.json
MemoryVLA,9,42,10002,40000,5,1,295,1,/pfs/pfs-7jnepv/lgd/libero_fullmatrix_20260909/evaluations/MemoryVLA-c40000-t9-e10002/audited_summary.json
MemoryVLA,9,42,10002,40000,6,1,255,1,/pfs/pfs-7jnepv/lgd/libero_fullmatrix_20260909/evaluations/MemoryVLA-c40000-t9-e10002/audited_summary.json
MemoryVLA,9,42,10002,40000,7,1,245,1,/pfs/pfs-7jnepv/lgd/libero_fullmatrix_20260909/evaluations/MemoryVLA-c40000-t9-e10002/audited_summary.json
MemoryVLA,9,42,10002,40000,8,0,600,0,/pfs/pfs-7jnepv/lgd/libero_fullmatrix_20260909/evaluations/MemoryVLA-c40000-t9-e10002/audited_summary.json
MemoryVLA,9,42,10002,40000,9,1,307,1,/pfs/pfs-7jnepv/lgd/libero_fullmatrix_20260909/evaluations/MemoryVLA-c40000-t9-e10002/audited_summary.json
MemoryVLA,9,42,10002,40000,10,1,280,1,/pfs/pfs-7jnepv/lgd/libero_fullmatrix_20260909/evaluations/MemoryVLA-c40000-t9-e10002/audited_summary.json
MemoryVLA,9,42,10002,40000,11,1,247,1,/pfs/pfs-7jnepv/lgd/libero_fullmatrix_20260909/evaluations/MemoryVLA-c40000-t9-e10002/audited_summary.json
MemoryVLA,9,42,10002,40000,12,1,230,1,/pfs/pfs-7jnepv/lgd/libero_fullmatrix_20260909/evaluations/MemoryVLA-c40000-t9-e10002/audited_summary.json
MemoryVLA,9,42,10002,40000,13,1,270,1,/pfs/pfs-7jnepv/lgd/libero_fullmatrix_20260909/evaluations/MemoryVLA-c40000-t9-e10002/audited_summary.json
MemoryVLA,9,42,10002,40000,14,1,226,1,/pfs/pfs-7jnepv/lgd/libero_fullmatrix_20260909/evaluations/MemoryVLA-c40000-t9-e10002/audited_summary.json
MemoryVLA,9,42,10002,40000,15,0,600,0,/pfs/pfs-7jnepv/lgd/libero_fullmatrix_20260909/evaluations/MemoryVLA-c40000-t9-e10002/audited_summary.json
MemoryVLA,9,42,10002,40000,16,1,241,1,/pfs/pfs-7jnepv/lgd/libero_fullmatrix_20260909/evaluations/MemoryVLA-c40000-t9-e10002/audited_summary.json
MemoryVLA,9,42,10002,40000,17,1,250,1,/pfs/pfs-7jnepv/lgd/libero_fullmatrix_20260909/evaluations/MemoryVLA-c40000-t9-e10002/audited_summary.json
MemoryVLA,9,42,10002,40000,18,1,212,1,/pfs/pfs-7jnepv/lgd/libero_fullmatrix_20260909/evaluations/MemoryVLA-c40000-t9-e10002/audited_summary.json
MemoryVLA,9,42,10002,40000,19,1,248,1,/pfs/pfs-7jnepv/lgd/libero_fullmatrix_20260909/evaluations/MemoryVLA-c40000-t9-e10002/audited_summary.json
MemoryVLA,9,42,10003,40000,0,1,246,1,/pfs/pfs-7jnepv/lgd/libero_fullmatrix_20260909/evaluations/MemoryVLA-c40000-t9-e10003/audited_summary.json
MemoryVLA,9,42,10003,40000,1,1,237,1,/pfs/pfs-7jnepv/lgd/libero_fullmatrix_20260909/evaluations/MemoryVLA-c40000-t9-e10003/audited_summary.json
MemoryVLA,9,42,10003,40000,2,1,252,1,/pfs/pfs-7jnepv/lgd/libero_fullmatrix_20260909/evaluations/MemoryVLA-c40000-t9-e10003/audited_summary.json
MemoryVLA,9,42,10003,40000,3,1,238,1,/pfs/pfs-7jnepv/lgd/libero_fullmatrix_20260909/evaluations/MemoryVLA-c40000-t9-e10003/audited_summary.json
MemoryVLA,9,42,10003,40000,4,1,287,1,/pfs/pfs-7jnepv/lgd/libero_fullmatrix_20260909/evaluations/MemoryVLA-c40000-t9-e10003/audited_summary.json
MemoryVLA,9,42,10003,40000,5,1,296,1,/pfs/pfs-7jnepv/lgd/libero_fullmatrix_20260909/evaluations/MemoryVLA-c40000-t9-e10003/audited_summary.json
MemoryVLA,9,42,10003,40000,6,1,286,1,/pfs/pfs-7jnepv/lgd/libero_fullmatrix_20260909/evaluations/MemoryVLA-c40000-t9-e10003/audited_summary.json
MemoryVLA,9,42,10003,40000,7,0,600,0,/pfs/pfs-7jnepv/lgd/libero_fullmatrix_20260909/evaluations/MemoryVLA-c40000-t9-e10003/audited_summary.json
MemoryVLA,9,42,10003,40000,8,1,270,1,/pfs/pfs-7jnepv/lgd/libero_fullmatrix_20260909/evaluations/MemoryVLA-c40000-t9-e10003/audited_summary.json
MemoryVLA,9,42,10003,40000,9,1,271,1,/pfs/pfs-7jnepv/lgd/libero_fullmatrix_20260909/evaluations/MemoryVLA-c40000-t9-e10003/audited_summary.json
MemoryVLA,9,42,10003,40000,10,1,295,1,/pfs/pfs-7jnepv/lgd/libero_fullmatrix_20260909/evaluations/MemoryVLA-c40000-t9-e10003/audited_summary.json
MemoryVLA,9,42,10003,40000,11,1,265,1,/pfs/pfs-7jnepv/lgd/libero_fullmatrix_20260909/evaluations/MemoryVLA-c40000-t9-e10003/audited_summary.json
MemoryVLA,9,42,10003,40000,12,1,229,1,/pfs/pfs-7jnepv/lgd/libero_fullmatrix_20260909/evaluations/MemoryVLA-c40000-t9-e10003/audited_summary.json
MemoryVLA,9,42,10003,40000,13,1,283,1,/pfs/pfs-7jnepv/lgd/libero_fullmatrix_20260909/evaluations/MemoryVLA-c40000-t9-e10003/audited_summary.json
MemoryVLA,9,42,10003,40000,14,1,250,1,/pfs/pfs-7jnepv/lgd/libero_fullmatrix_20260909/evaluations/MemoryVLA-c40000-t9-e10003/audited_summary.json
MemoryVLA,9,42,10003,40000,15,1,289,1,/pfs/pfs-7jnepv/lgd/libero_fullmatrix_20260909/evaluations/MemoryVLA-c40000-t9-e10003/audited_summary.json
MemoryVLA,9,42,10003,40000,16,1,247,1,/pfs/pfs-7jnepv/lgd/libero_fullmatrix_20260909/evaluations/MemoryVLA-c40000-t9-e10003/audited_summary.json
MemoryVLA,9,42,10003,40000,17,1,257,1,/pfs/pfs-7jnepv/lgd/libero_fullmatrix_20260909/evaluations/MemoryVLA-c40000-t9-e10003/audited_summary.json
MemoryVLA,9,42,10003,40000,18,1,232,1,/pfs/pfs-7jnepv/lgd/libero_fullmatrix_20260909/evaluations/MemoryVLA-c40000-t9-e10003/audited_summary.json
MemoryVLA,9,42,10003,40000,19,1,298,1,/pfs/pfs-7jnepv/lgd/libero_fullmatrix_20260909/evaluations/MemoryVLA-c40000-t9-e10003/audited_summary.json
MemoryVLA,10,42,10001,40000,0,1,471,1,/pfs/pfs-7jnepv/lgd/libero_fullmatrix_20260909/evaluations/MemoryVLA-c40000-t10-e10001/audited_summary.json
MemoryVLA,10,42,10001,40000,1,1,271,1,/pfs/pfs-7jnepv/lgd/libero_fullmatrix_20260909/evaluations/MemoryVLA-c40000-t10-e10001/audited_summary.json
MemoryVLA,10,42,10001,40000,2,1,275,1,/pfs/pfs-7jnepv/lgd/libero_fullmatrix_20260909/evaluations/MemoryVLA-c40000-t10-e10001/audited_summary.json
MemoryVLA,10,42,10001,40000,3,0,600,0,/pfs/pfs-7jnepv/lgd/libero_fullmatrix_20260909/evaluations/MemoryVLA-c40000-t10-e10001/audited_summary.json
MemoryVLA,10,42,10001,40000,4,1,253,1,/pfs/pfs-7jnepv/lgd/libero_fullmatrix_20260909/evaluations/MemoryVLA-c40000-t10-e10001/audited_summary.json
MemoryVLA,10,42,10001,40000,5,1,275,1,/pfs/pfs-7jnepv/lgd/libero_fullmatrix_20260909/evaluations/MemoryVLA-c40000-t10-e10001/audited_summary.json
MemoryVLA,10,42,10001,40000,6,1,258,1,/pfs/pfs-7jnepv/lgd/libero_fullmatrix_20260909/evaluations/MemoryVLA-c40000-t10-e10001/audited_summary.json
MemoryVLA,10,42,10001,40000,7,1,262,1,/pfs/pfs-7jnepv/lgd/libero_fullmatrix_20260909/evaluations/MemoryVLA-c40000-t10-e10001/audited_summary.json
MemoryVLA,10,42,10001,40000,8,1,252,1,/pfs/pfs-7jnepv/lgd/libero_fullmatrix_20260909/evaluations/MemoryVLA-c40000-t10-e10001/audited_summary.json
MemoryVLA,10,42,10001,40000,9,1,298,1,/pfs/pfs-7jnepv/lgd/libero_fullmatrix_20260909/evaluations/MemoryVLA-c40000-t10-e10001/audited_summary.json
MemoryVLA,10,42,10001,40000,10,1,264,1,/pfs/pfs-7jnepv/lgd/libero_fullmatrix_20260909/evaluations/MemoryVLA-c40000-t10-e10001/audited_summary.json
MemoryVLA,10,42,10001,40000,11,1,447,1,/pfs/pfs-7jnepv/lgd/libero_fullmatrix_20260909/evaluations/MemoryVLA-c40000-t10-e10001/audited_summary.json
MemoryVLA,10,42,10001,40000,12,1,247,1,/pfs/pfs-7jnepv/lgd/libero_fullmatrix_20260909/evaluations/MemoryVLA-c40000-t10-e10001/audited_summary.json
MemoryVLA,10,42,10001,40000,13,1,290,1,/pfs/pfs-7jnepv/lgd/libero_fullmatrix_20260909/evaluations/MemoryVLA-c40000-t10-e10001/audited_summary.json
MemoryVLA,10,42,10001,40000,14,0,600,0,/pfs/pfs-7jnepv/lgd/libero_fullmatrix_20260909/evaluations/MemoryVLA-c40000-t10-e10001/audited_summary.json
MemoryVLA,10,42,10001,40000,15,1,261,1,/pfs/pfs-7jnepv/lgd/libero_fullmatrix_20260909/evaluations/MemoryVLA-c40000-t10-e10001/audited_summary.json
MemoryVLA,10,42,10001,40000,16,1,264,1,/pfs/pfs-7jnepv/lgd/libero_fullmatrix_20260909/evaluations/MemoryVLA-c40000-t10-e10001/audited_summary.json
MemoryVLA,10,42,10001,40000,17,1,293,1,/pfs/pfs-7jnepv/lgd/libero_fullmatrix_20260909/evaluations/MemoryVLA-c40000-t10-e10001/audited_summary.json
MemoryVLA,10,42,10001,40000,18,1,263,1,/pfs/pfs-7jnepv/lgd/libero_fullmatrix_20260909/evaluations/MemoryVLA-c40000-t10-e10001/audited_summary.json
MemoryVLA,10,42,10001,40000,19,1,238,1,/pfs/pfs-7jnepv/lgd/libero_fullmatrix_20260909/evaluations/MemoryVLA-c40000-t10-e10001/audited_summary.json
MemoryVLA,10,42,10002,40000,0,1,301,1,/pfs/pfs-7jnepv/lgd/libero_fullmatrix_20260909/evaluations/MemoryVLA-c40000-t10-e10002/audited_summary.json
MemoryVLA,10,42,10002,40000,1,1,261,1,/pfs/pfs-7jnepv/lgd/libero_fullmatrix_20260909/evaluations/MemoryVLA-c40000-t10-e10002/audited_summary.json
MemoryVLA,10,42,10002,40000,2,1,268,1,/pfs/pfs-7jnepv/lgd/libero_fullmatrix_20260909/evaluations/MemoryVLA-c40000-t10-e10002/audited_summary.json
MemoryVLA,10,42,10002,40000,3,1,263,1,/pfs/pfs-7jnepv/lgd/libero_fullmatrix_20260909/evaluations/MemoryVLA-c40000-t10-e10002/audited_summary.json
MemoryVLA,10,42,10002,40000,4,1,259,1,/pfs/pfs-7jnepv/lgd/libero_fullmatrix_20260909/evaluations/MemoryVLA-c40000-t10-e10002/audited_summary.json
MemoryVLA,10,42,10002,40000,5,1,266,1,/pfs/pfs-7jnepv/lgd/libero_fullmatrix_20260909/evaluations/MemoryVLA-c40000-t10-e10002/audited_summary.json
MemoryVLA,10,42,10002,40000,6,1,267,1,/pfs/pfs-7jnepv/lgd/libero_fullmatrix_20260909/evaluations/MemoryVLA-c40000-t10-e10002/audited_summary.json
MemoryVLA,10,42,10002,40000,7,1,263,1,/pfs/pfs-7jnepv/lgd/libero_fullmatrix_20260909/evaluations/MemoryVLA-c40000-t10-e10002/audited_summary.json
MemoryVLA,10,42,10002,40000,8,1,239,1,/pfs/pfs-7jnepv/lgd/libero_fullmatrix_20260909/evaluations/MemoryVLA-c40000-t10-e10002/audited_summary.json
MemoryVLA,10,42,10002,40000,9,1,292,1,/pfs/pfs-7jnepv/lgd/libero_fullmatrix_20260909/evaluations/MemoryVLA-c40000-t10-e10002/audited_summary.json
MemoryVLA,10,42,10002,40000,10,1,265,1,/pfs/pfs-7jnepv/lgd/libero_fullmatrix_20260909/evaluations/MemoryVLA-c40000-t10-e10002/audited_summary.json
MemoryVLA,10,42,10002,40000,11,1,257,1,/pfs/pfs-7jnepv/lgd/libero_fullmatrix_20260909/evaluations/MemoryVLA-c40000-t10-e10002/audited_summary.json
MemoryVLA,10,42,10002,40000,12,1,260,1,/pfs/pfs-7jnepv/lgd/libero_fullmatrix_20260909/evaluations/MemoryVLA-c40000-t10-e10002/audited_summary.json
MemoryVLA,10,42,10002,40000,13,1,292,1,/pfs/pfs-7jnepv/lgd/libero_fullmatrix_20260909/evaluations/MemoryVLA-c40000-t10-e10002/audited_summary.json
MemoryVLA,10,42,10002,40000,14,1,318,1,/pfs/pfs-7jnepv/lgd/libero_fullmatrix_20260909/evaluations/MemoryVLA-c40000-t10-e10002/audited_summary.json
MemoryVLA,10,42,10002,40000,15,1,255,1,/pfs/pfs-7jnepv/lgd/libero_fullmatrix_20260909/evaluations/MemoryVLA-c40000-t10-e10002/audited_summary.json
MemoryVLA,10,42,10002,40000,16,1,261,1,/pfs/pfs-7jnepv/lgd/libero_fullmatrix_20260909/evaluations/MemoryVLA-c40000-t10-e10002/audited_summary.json
MemoryVLA,10,42,10002,40000,17,1,294,1,/pfs/pfs-7jnepv/lgd/libero_fullmatrix_20260909/evaluations/MemoryVLA-c40000-t10-e10002/audited_summary.json
MemoryVLA,10,42,10002,40000,18,1,263,1,/pfs/pfs-7jnepv/lgd/libero_fullmatrix_20260909/evaluations/MemoryVLA-c40000-t10-e10002/audited_summary.json
MemoryVLA,10,42,10002,40000,19,1,234,1,/pfs/pfs-7jnepv/lgd/libero_fullmatrix_20260909/evaluations/MemoryVLA-c40000-t10-e10002/audited_summary.json
MemoryVLA,10,42,10003,40000,0,1,266,1,/pfs/pfs-7jnepv/lgd/libero_fullmatrix_20260909/evaluations/MemoryVLA-c40000-t10-e10003/audited_summary.json
MemoryVLA,10,42,10003,40000,1,1,265,1,/pfs/pfs-7jnepv/lgd/libero_fullmatrix_20260909/evaluations/MemoryVLA-c40000-t10-e10003/audited_summary.json
MemoryVLA,10,42,10003,40000,2,1,269,1,/pfs/pfs-7jnepv/lgd/libero_fullmatrix_20260909/evaluations/MemoryVLA-c40000-t10-e10003/audited_summary.json
MemoryVLA,10,42,10003,40000,3,1,279,1,/pfs/pfs-7jnepv/lgd/libero_fullmatrix_20260909/evaluations/MemoryVLA-c40000-t10-e10003/audited_summary.json
MemoryVLA,10,42,10003,40000,4,1,258,1,/pfs/pfs-7jnepv/lgd/libero_fullmatrix_20260909/evaluations/MemoryVLA-c40000-t10-e10003/audited_summary.json
MemoryVLA,10,42,10003,40000,5,1,253,1,/pfs/pfs-7jnepv/lgd/libero_fullmatrix_20260909/evaluations/MemoryVLA-c40000-t10-e10003/audited_summary.json
MemoryVLA,10,42,10003,40000,6,1,263,1,/pfs/pfs-7jnepv/lgd/libero_fullmatrix_20260909/evaluations/MemoryVLA-c40000-t10-e10003/audited_summary.json
MemoryVLA,10,42,10003,40000,7,1,271,1,/pfs/pfs-7jnepv/lgd/libero_fullmatrix_20260909/evaluations/MemoryVLA-c40000-t10-e10003/audited_summary.json
MemoryVLA,10,42,10003,40000,8,1,232,1,/pfs/pfs-7jnepv/lgd/libero_fullmatrix_20260909/evaluations/MemoryVLA-c40000-t10-e10003/audited_summary.json
MemoryVLA,10,42,10003,40000,9,1,294,1,/pfs/pfs-7jnepv/lgd/libero_fullmatrix_20260909/evaluations/MemoryVLA-c40000-t10-e10003/audited_summary.json
MemoryVLA,10,42,10003,40000,10,1,266,1,/pfs/pfs-7jnepv/lgd/libero_fullmatrix_20260909/evaluations/MemoryVLA-c40000-t10-e10003/audited_summary.json
MemoryVLA,10,42,10003,40000,11,0,600,0,/pfs/pfs-7jnepv/lgd/libero_fullmatrix_20260909/evaluations/MemoryVLA-c40000-t10-e10003/audited_summary.json
MemoryVLA,10,42,10003,40000,12,1,252,1,/pfs/pfs-7jnepv/lgd/libero_fullmatrix_20260909/evaluations/MemoryVLA-c40000-t10-e10003/audited_summary.json
MemoryVLA,10,42,10003,40000,13,1,302,1,/pfs/pfs-7jnepv/lgd/libero_fullmatrix_20260909/evaluations/MemoryVLA-c40000-t10-e10003/audited_summary.json
MemoryVLA,10,42,10003,40000,14,1,319,1,/pfs/pfs-7jnepv/lgd/libero_fullmatrix_20260909/evaluations/MemoryVLA-c40000-t10-e10003/audited_summary.json
MemoryVLA,10,42,10003,40000,15,1,241,1,/pfs/pfs-7jnepv/lgd/libero_fullmatrix_20260909/evaluations/MemoryVLA-c40000-t10-e10003/audited_summary.json
MemoryVLA,10,42,10003,40000,16,1,262,1,/pfs/pfs-7jnepv/lgd/libero_fullmatrix_20260909/evaluations/MemoryVLA-c40000-t10-e10003/audited_summary.json
MemoryVLA,10,42,10003,40000,17,1,288,1,/pfs/pfs-7jnepv/lgd/libero_fullmatrix_20260909/evaluations/MemoryVLA-c40000-t10-e10003/audited_summary.json
MemoryVLA,10,42,10003,40000,18,1,262,1,/pfs/pfs-7jnepv/lgd/libero_fullmatrix_20260909/evaluations/MemoryVLA-c40000-t10-e10003/audited_summary.json
MemoryVLA,10,42,10003,40000,19,1,232,1,/pfs/pfs-7jnepv/lgd/libero_fullmatrix_20260909/evaluations/MemoryVLA-c40000-t10-e10003/audited_summary.json
Demonstrations,1,,,,0,,162,1,/data/libero_mem_baseline/lerobot/libero-mem/LIBERO-Mem-Lerobot/data/chunk-000/episode_000000.parquet
Demonstrations,1,,,,1,,141,1,/data/libero_mem_baseline/lerobot/libero-mem/LIBERO-Mem-Lerobot/data/chunk-000/episode_000001.parquet
Demonstrations,1,,,,2,,148,1,/data/libero_mem_baseline/lerobot/libero-mem/LIBERO-Mem-Lerobot/data/chunk-000/episode_000002.parquet
Demonstrations,1,,,,3,,145,1,/data/libero_mem_baseline/lerobot/libero-mem/LIBERO-Mem-Lerobot/data/chunk-000/episode_000003.parquet
Demonstrations,1,,,,4,,142,1,/data/libero_mem_baseline/lerobot/libero-mem/LIBERO-Mem-Lerobot/data/chunk-000/episode_000004.parquet
Demonstrations,1,,,,5,,140,1,/data/libero_mem_baseline/lerobot/libero-mem/LIBERO-Mem-Lerobot/data/chunk-000/episode_000005.parquet
Demonstrations,1,,,,6,,138,1,/data/libero_mem_baseline/lerobot/libero-mem/LIBERO-Mem-Lerobot/data/chunk-000/episode_000006.parquet
Demonstrations,1,,,,7,,133,1,/data/libero_mem_baseline/lerobot/libero-mem/LIBERO-Mem-Lerobot/data/chunk-000/episode_000007.parquet
Demonstrations,1,,,,8,,140,1,/data/libero_mem_baseline/lerobot/libero-mem/LIBERO-Mem-Lerobot/data/chunk-000/episode_000008.parquet
Demonstrations,1,,,,9,,148,1,/data/libero_mem_baseline/lerobot/libero-mem/LIBERO-Mem-Lerobot/data/chunk-000/episode_000009.parquet
Demonstrations,1,,,,10,,140,1,/data/libero_mem_baseline/lerobot/libero-mem/LIBERO-Mem-Lerobot/data/chunk-000/episode_000010.parquet
Demonstrations,1,,,,11,,150,1,/data/libero_mem_baseline/lerobot/libero-mem/LIBERO-Mem-Lerobot/data/chunk-000/episode_000011.parquet
Demonstrations,1,,,,12,,149,1,/data/libero_mem_baseline/lerobot/libero-mem/LIBERO-Mem-Lerobot/data/chunk-000/episode_000012.parquet
Demonstrations,1,,,,13,,153,1,/data/libero_mem_baseline/lerobot/libero-mem/LIBERO-Mem-Lerobot/data/chunk-000/episode_000013.parquet
Demonstrations,1,,,,14,,138,1,/data/libero_mem_baseline/lerobot/libero-mem/LIBERO-Mem-Lerobot/data/chunk-000/episode_000014.parquet
Demonstrations,1,,,,15,,143,1,/data/libero_mem_baseline/lerobot/libero-mem/LIBERO-Mem-Lerobot/data/chunk-000/episode_000015.parquet
Demonstrations,1,,,,16,,145,1,/data/libero_mem_baseline/lerobot/libero-mem/LIBERO-Mem-Lerobot/data/chunk-000/episode_000016.parquet
Demonstrations,1,,,,17,,147,1,/data/libero_mem_baseline/lerobot/libero-mem/LIBERO-Mem-Lerobot/data/chunk-000/episode_000017.parquet
Demonstrations,1,,,,18,,159,1,/data/libero_mem_baseline/lerobot/libero-mem/LIBERO-Mem-Lerobot/data/chunk-000/episode_000018.parquet
Demonstrations,1,,,,19,,148,1,/data/libero_mem_baseline/lerobot/libero-mem/LIBERO-Mem-Lerobot/data/chunk-000/episode_000019.parquet
Demonstrations,1,,,,20,,175,1,/data/libero_mem_baseline/lerobot/libero-mem/LIBERO-Mem-Lerobot/data/chunk-000/episode_000020.parquet
Demonstrations,1,,,,21,,167,1,/data/libero_mem_baseline/lerobot/libero-mem/LIBERO-Mem-Lerobot/data/chunk-000/episode_000021.parquet
Demonstrations,1,,,,22,,148,1,/data/libero_mem_baseline/lerobot/libero-mem/LIBERO-Mem-Lerobot/data/chunk-000/episode_000022.parquet
Demonstrations,1,,,,23,,148,1,/data/libero_mem_baseline/lerobot/libero-mem/LIBERO-Mem-Lerobot/data/chunk-000/episode_000023.parquet
Demonstrations,1,,,,24,,151,1,/data/libero_mem_baseline/lerobot/libero-mem/LIBERO-Mem-Lerobot/data/chunk-000/episode_000024.parquet
Demonstrations,1,,,,25,,153,1,/data/libero_mem_baseline/lerobot/libero-mem/LIBERO-Mem-Lerobot/data/chunk-000/episode_000025.parquet
Demonstrations,1,,,,26,,137,1,/data/libero_mem_baseline/lerobot/libero-mem/LIBERO-Mem-Lerobot/data/chunk-000/episode_000026.parquet
Demonstrations,1,,,,27,,140,1,/data/libero_mem_baseline/lerobot/libero-mem/LIBERO-Mem-Lerobot/data/chunk-000/episode_000027.parquet
Demonstrations,1,,,,28,,149,1,/data/libero_mem_baseline/lerobot/libero-mem/LIBERO-Mem-Lerobot/data/chunk-000/episode_000028.parquet
Demonstrations,1,,,,29,,149,1,/data/libero_mem_baseline/lerobot/libero-mem/LIBERO-Mem-Lerobot/data/chunk-000/episode_000029.parquet
Demonstrations,1,,,,30,,147,1,/data/libero_mem_baseline/lerobot/libero-mem/LIBERO-Mem-Lerobot/data/chunk-000/episode_000030.parquet
Demonstrations,1,,,,31,,139,1,/data/libero_mem_baseline/lerobot/libero-mem/LIBERO-Mem-Lerobot/data/chunk-000/episode_000031.parquet
Demonstrations,1,,,,32,,142,1,/data/libero_mem_baseline/lerobot/libero-mem/LIBERO-Mem-Lerobot/data/chunk-000/episode_000032.parquet
Demonstrations,1,,,,33,,169,1,/data/libero_mem_baseline/lerobot/libero-mem/LIBERO-Mem-Lerobot/data/chunk-000/episode_000033.parquet
Demonstrations,1,,,,34,,149,1,/data/libero_mem_baseline/lerobot/libero-mem/LIBERO-Mem-Lerobot/data/chunk-000/episode_000034.parquet
Demonstrations,1,,,,35,,146,1,/data/libero_mem_baseline/lerobot/libero-mem/LIBERO-Mem-Lerobot/data/chunk-000/episode_000035.parquet
Demonstrations,1,,,,36,,162,1,/data/libero_mem_baseline/lerobot/libero-mem/LIBERO-Mem-Lerobot/data/chunk-000/episode_000036.parquet
Demonstrations,1,,,,37,,167,1,/data/libero_mem_baseline/lerobot/libero-mem/LIBERO-Mem-Lerobot/data/chunk-000/episode_000037.parquet
Demonstrations,1,,,,38,,156,1,/data/libero_mem_baseline/lerobot/libero-mem/LIBERO-Mem-Lerobot/data/chunk-000/episode_000038.parquet
Demonstrations,1,,,,39,,135,1,/data/libero_mem_baseline/lerobot/libero-mem/LIBERO-Mem-Lerobot/data/chunk-000/episode_000039.parquet
Demonstrations,1,,,,40,,147,1,/data/libero_mem_baseline/lerobot/libero-mem/LIBERO-Mem-Lerobot/data/chunk-000/episode_000040.parquet
Demonstrations,1,,,,41,,135,1,/data/libero_mem_baseline/lerobot/libero-mem/LIBERO-Mem-Lerobot/data/chunk-000/episode_000041.parquet
Demonstrations,1,,,,42,,138,1,/data/libero_mem_baseline/lerobot/libero-mem/LIBERO-Mem-Lerobot/data/chunk-000/episode_000042.parquet
Demonstrations,1,,,,43,,155,1,/data/libero_mem_baseline/lerobot/libero-mem/LIBERO-Mem-Lerobot/data/chunk-000/episode_000043.parquet
Demonstrations,1,,,,44,,143,1,/data/libero_mem_baseline/lerobot/libero-mem/LIBERO-Mem-Lerobot/data/chunk-000/episode_000044.parquet
Demonstrations,1,,,,45,,128,1,/data/libero_mem_baseline/lerobot/libero-mem/LIBERO-Mem-Lerobot/data/chunk-000/episode_000045.parquet
Demonstrations,1,,,,46,,149,1,/data/libero_mem_baseline/lerobot/libero-mem/LIBERO-Mem-Lerobot/data/chunk-000/episode_000046.parquet
Demonstrations,1,,,,47,,137,1,/data/libero_mem_baseline/lerobot/libero-mem/LIBERO-Mem-Lerobot/data/chunk-000/episode_000047.parquet
Demonstrations,1,,,,48,,137,1,/data/libero_mem_baseline/lerobot/libero-mem/LIBERO-Mem-Lerobot/data/chunk-000/episode_000048.parquet
Demonstrations,1,,,,49,,145,1,/data/libero_mem_baseline/lerobot/libero-mem/LIBERO-Mem-Lerobot/data/chunk-000/episode_000049.parquet
Demonstrations,1,,,,50,,149,1,/data/libero_mem_baseline/lerobot/libero-mem/LIBERO-Mem-Lerobot/data/chunk-000/episode_000050.parquet
Demonstrations,1,,,,51,,145,1,/data/libero_mem_baseline/lerobot/libero-mem/LIBERO-Mem-Lerobot/data/chunk-000/episode_000051.parquet
Demonstrations,1,,,,52,,148,1,/data/libero_mem_baseline/lerobot/libero-mem/LIBERO-Mem-Lerobot/data/chunk-000/episode_000052.parquet
Demonstrations,1,,,,53,,141,1,/data/libero_mem_baseline/lerobot/libero-mem/LIBERO-Mem-Lerobot/data/chunk-000/episode_000053.parquet
Demonstrations,1,,,,54,,144,1,/data/libero_mem_baseline/lerobot/libero-mem/LIBERO-Mem-Lerobot/data/chunk-000/episode_000054.parquet
Demonstrations,1,,,,55,,140,1,/data/libero_mem_baseline/lerobot/libero-mem/LIBERO-Mem-Lerobot/data/chunk-000/episode_000055.parquet
Demonstrations,1,,,,56,,156,1,/data/libero_mem_baseline/lerobot/libero-mem/LIBERO-Mem-Lerobot/data/chunk-000/episode_000056.parquet
Demonstrations,1,,,,57,,143,1,/data/libero_mem_baseline/lerobot/libero-mem/LIBERO-Mem-Lerobot/data/chunk-000/episode_000057.parquet
Demonstrations,1,,,,58,,150,1,/data/libero_mem_baseline/lerobot/libero-mem/LIBERO-Mem-Lerobot/data/chunk-000/episode_000058.parquet
Demonstrations,1,,,,59,,135,1,/data/libero_mem_baseline/lerobot/libero-mem/LIBERO-Mem-Lerobot/data/chunk-000/episode_000059.parquet
Demonstrations,1,,,,60,,147,1,/data/libero_mem_baseline/lerobot/libero-mem/LIBERO-Mem-Lerobot/data/chunk-000/episode_000060.parquet
Demonstrations,1,,,,61,,162,1,/data/libero_mem_baseline/lerobot/libero-mem/LIBERO-Mem-Lerobot/data/chunk-000/episode_000061.parquet
Demonstrations,1,,,,62,,138,1,/data/libero_mem_baseline/lerobot/libero-mem/LIBERO-Mem-Lerobot/data/chunk-000/episode_000062.parquet
Demonstrations,1,,,,63,,144,1,/data/libero_mem_baseline/lerobot/libero-mem/LIBERO-Mem-Lerobot/data/chunk-000/episode_000063.parquet
Demonstrations,1,,,,64,,138,1,/data/libero_mem_baseline/lerobot/libero-mem/LIBERO-Mem-Lerobot/data/chunk-000/episode_000064.parquet
Demonstrations,1,,,,65,,157,1,/data/libero_mem_baseline/lerobot/libero-mem/LIBERO-Mem-Lerobot/data/chunk-000/episode_000065.parquet
Demonstrations,1,,,,66,,148,1,/data/libero_mem_baseline/lerobot/libero-mem/LIBERO-Mem-Lerobot/data/chunk-000/episode_000066.parquet
Demonstrations,1,,,,67,,145,1,/data/libero_mem_baseline/lerobot/libero-mem/LIBERO-Mem-Lerobot/data/chunk-000/episode_000067.parquet
Demonstrations,1,,,,68,,141,1,/data/libero_mem_baseline/lerobot/libero-mem/LIBERO-Mem-Lerobot/data/chunk-000/episode_000068.parquet
Demonstrations,1,,,,69,,152,1,/data/libero_mem_baseline/lerobot/libero-mem/LIBERO-Mem-Lerobot/data/chunk-000/episode_000069.parquet
Demonstrations,1,,,,70,,131,1,/data/libero_mem_baseline/lerobot/libero-mem/LIBERO-Mem-Lerobot/data/chunk-000/episode_000070.parquet
Demonstrations,1,,,,71,,145,1,/data/libero_mem_baseline/lerobot/libero-mem/LIBERO-Mem-Lerobot/data/chunk-000/episode_000071.parquet
Demonstrations,1,,,,72,,138,1,/data/libero_mem_baseline/lerobot/libero-mem/LIBERO-Mem-Lerobot/data/chunk-000/episode_000072.parquet
Demonstrations,1,,,,73,,141,1,/data/libero_mem_baseline/lerobot/libero-mem/LIBERO-Mem-Lerobot/data/chunk-000/episode_000073.parquet
Demonstrations,1,,,,74,,137,1,/data/libero_mem_baseline/lerobot/libero-mem/LIBERO-Mem-Lerobot/data/chunk-000/episode_000074.parquet
Demonstrations,1,,,,75,,147,1,/data/libero_mem_baseline/lerobot/libero-mem/LIBERO-Mem-Lerobot/data/chunk-000/episode_000075.parquet
Demonstrations,1,,,,76,,136,1,/data/libero_mem_baseline/lerobot/libero-mem/LIBERO-Mem-Lerobot/data/chunk-000/episode_000076.parquet
Demonstrations,1,,,,77,,137,1,/data/libero_mem_baseline/lerobot/libero-mem/LIBERO-Mem-Lerobot/data/chunk-000/episode_000077.parquet
Demonstrations,1,,,,78,,145,1,/data/libero_mem_baseline/lerobot/libero-mem/LIBERO-Mem-Lerobot/data/chunk-000/episode_000078.parquet
Demonstrations,1,,,,79,,139,1,/data/libero_mem_baseline/lerobot/libero-mem/LIBERO-Mem-Lerobot/data/chunk-000/episode_000079.parquet
Demonstrations,1,,,,80,,144,1,/data/libero_mem_baseline/lerobot/libero-mem/LIBERO-Mem-Lerobot/data/chunk-000/episode_000080.parquet
Demonstrations,1,,,,81,,151,1,/data/libero_mem_baseline/lerobot/libero-mem/LIBERO-Mem-Lerobot/data/chunk-000/episode_000081.parquet
Demonstrations,1,,,,82,,141,1,/data/libero_mem_baseline/lerobot/libero-mem/LIBERO-Mem-Lerobot/data/chunk-000/episode_000082.parquet
Demonstrations,1,,,,83,,169,1,/data/libero_mem_baseline/lerobot/libero-mem/LIBERO-Mem-Lerobot/data/chunk-000/episode_000083.parquet
Demonstrations,1,,,,84,,168,1,/data/libero_mem_baseline/lerobot/libero-mem/LIBERO-Mem-Lerobot/data/chunk-000/episode_000084.parquet
Demonstrations,1,,,,85,,161,1,/data/libero_mem_baseline/lerobot/libero-mem/LIBERO-Mem-Lerobot/data/chunk-000/episode_000085.parquet
Demonstrations,1,,,,86,,138,1,/data/libero_mem_baseline/lerobot/libero-mem/LIBERO-Mem-Lerobot/data/chunk-000/episode_000086.parquet
Demonstrations,1,,,,87,,140,1,/data/libero_mem_baseline/lerobot/libero-mem/LIBERO-Mem-Lerobot/data/chunk-000/episode_000087.parquet
Demonstrations,1,,,,88,,160,1,/data/libero_mem_baseline/lerobot/libero-mem/LIBERO-Mem-Lerobot/data/chunk-000/episode_000088.parquet
Demonstrations,1,,,,89,,143,1,/data/libero_mem_baseline/lerobot/libero-mem/LIBERO-Mem-Lerobot/data/chunk-000/episode_000089.parquet
Demonstrations,1,,,,90,,141,1,/data/libero_mem_baseline/lerobot/libero-mem/LIBERO-Mem-Lerobot/data/chunk-000/episode_000090.parquet
Demonstrations,1,,,,91,,165,1,/data/libero_mem_baseline/lerobot/libero-mem/LIBERO-Mem-Lerobot/data/chunk-000/episode_000091.parquet
Demonstrations,1,,,,92,,147,1,/data/libero_mem_baseline/lerobot/libero-mem/LIBERO-Mem-Lerobot/data/chunk-000/episode_000092.parquet
Demonstrations,1,,,,93,,154,1,/data/libero_mem_baseline/lerobot/libero-mem/LIBERO-Mem-Lerobot/data/chunk-000/episode_000093.parquet
Demonstrations,1,,,,94,,148,1,/data/libero_mem_baseline/lerobot/libero-mem/LIBERO-Mem-Lerobot/data/chunk-000/episode_000094.parquet
Demonstrations,1,,,,95,,137,1,/data/libero_mem_baseline/lerobot/libero-mem/LIBERO-Mem-Lerobot/data/chunk-000/episode_000095.parquet
Demonstrations,1,,,,96,,163,1,/data/libero_mem_baseline/lerobot/libero-mem/LIBERO-Mem-Lerobot/data/chunk-000/episode_000096.parquet
Demonstrations,1,,,,97,,155,1,/data/libero_mem_baseline/lerobot/libero-mem/LIBERO-Mem-Lerobot/data/chunk-000/episode_000097.parquet
Demonstrations,1,,,,98,,191,1,/data/libero_mem_baseline/lerobot/libero-mem/LIBERO-Mem-Lerobot/data/chunk-000/episode_000098.parquet
Demonstrations,1,,,,99,,159,1,/data/libero_mem_baseline/lerobot/libero-mem/LIBERO-Mem-Lerobot/data/chunk-000/episode_000099.parquet
Demonstrations,2,,,,100,,159,1,/data/libero_mem_baseline/lerobot/libero-mem/LIBERO-Mem-Lerobot/data/chunk-000/episode_000100.parquet
Demonstrations,2,,,,101,,148,1,/data/libero_mem_baseline/lerobot/libero-mem/LIBERO-Mem-Lerobot/data/chunk-000/episode_000101.parquet
Demonstrations,2,,,,102,,138,1,/data/libero_mem_baseline/lerobot/libero-mem/LIBERO-Mem-Lerobot/data/chunk-000/episode_000102.parquet
Demonstrations,2,,,,103,,155,1,/data/libero_mem_baseline/lerobot/libero-mem/LIBERO-Mem-Lerobot/data/chunk-000/episode_000103.parquet
Demonstrations,2,,,,104,,153,1,/data/libero_mem_baseline/lerobot/libero-mem/LIBERO-Mem-Lerobot/data/chunk-000/episode_000104.parquet
Demonstrations,2,,,,105,,149,1,/data/libero_mem_baseline/lerobot/libero-mem/LIBERO-Mem-Lerobot/data/chunk-000/episode_000105.parquet
Demonstrations,2,,,,106,,135,1,/data/libero_mem_baseline/lerobot/libero-mem/LIBERO-Mem-Lerobot/data/chunk-000/episode_000106.parquet
Demonstrations,2,,,,107,,170,1,/data/libero_mem_baseline/lerobot/libero-mem/LIBERO-Mem-Lerobot/data/chunk-000/episode_000107.parquet
Demonstrations,2,,,,108,,148,1,/data/libero_mem_baseline/lerobot/libero-mem/LIBERO-Mem-Lerobot/data/chunk-000/episode_000108.parquet
Demonstrations,2,,,,109,,147,1,/data/libero_mem_baseline/lerobot/libero-mem/LIBERO-Mem-Lerobot/data/chunk-000/episode_000109.parquet
Demonstrations,2,,,,110,,153,1,/data/libero_mem_baseline/lerobot/libero-mem/LIBERO-Mem-Lerobot/data/chunk-000/episode_000110.parquet
Demonstrations,2,,,,111,,165,1,/data/libero_mem_baseline/lerobot/libero-mem/LIBERO-Mem-Lerobot/data/chunk-000/episode_000111.parquet
Demonstrations,2,,,,112,,156,1,/data/libero_mem_baseline/lerobot/libero-mem/LIBERO-Mem-Lerobot/data/chunk-000/episode_000112.parquet
Demonstrations,2,,,,113,,134,1,/data/libero_mem_baseline/lerobot/libero-mem/LIBERO-Mem-Lerobot/data/chunk-000/episode_000113.parquet
Demonstrations,2,,,,114,,182,1,/data/libero_mem_baseline/lerobot/libero-mem/LIBERO-Mem-Lerobot/data/chunk-000/episode_000114.parquet
Demonstrations,2,,,,115,,122,1,/data/libero_mem_baseline/lerobot/libero-mem/LIBERO-Mem-Lerobot/data/chunk-000/episode_000115.parquet
Demonstrations,2,,,,116,,131,1,/data/libero_mem_baseline/lerobot/libero-mem/LIBERO-Mem-Lerobot/data/chunk-000/episode_000116.parquet
Demonstrations,2,,,,117,,126,1,/data/libero_mem_baseline/lerobot/libero-mem/LIBERO-Mem-Lerobot/data/chunk-000/episode_000117.parquet
Demonstrations,2,,,,118,,146,1,/data/libero_mem_baseline/lerobot/libero-mem/LIBERO-Mem-Lerobot/data/chunk-000/episode_000118.parquet
Demonstrations,2,,,,119,,153,1,/data/libero_mem_baseline/lerobot/libero-mem/LIBERO-Mem-Lerobot/data/chunk-000/episode_000119.parquet
Demonstrations,2,,,,120,,157,1,/data/libero_mem_baseline/lerobot/libero-mem/LIBERO-Mem-Lerobot/data/chunk-000/episode_000120.parquet
Demonstrations,2,,,,121,,143,1,/data/libero_mem_baseline/lerobot/libero-mem/LIBERO-Mem-Lerobot/data/chunk-000/episode_000121.parquet
Demonstrations,2,,,,122,,148,1,/data/libero_mem_baseline/lerobot/libero-mem/LIBERO-Mem-Lerobot/data/chunk-000/episode_000122.parquet
Demonstrations,2,,,,123,,142,1,/data/libero_mem_baseline/lerobot/libero-mem/LIBERO-Mem-Lerobot/data/chunk-000/episode_000123.parquet
Demonstrations,2,,,,124,,154,1,/data/libero_mem_baseline/lerobot/libero-mem/LIBERO-Mem-Lerobot/data/chunk-000/episode_000124.parquet
Demonstrations,2,,,,125,,162,1,/data/libero_mem_baseline/lerobot/libero-mem/LIBERO-Mem-Lerobot/data/chunk-000/episode_000125.parquet
Demonstrations,2,,,,126,,134,1,/data/libero_mem_baseline/lerobot/libero-mem/LIBERO-Mem-Lerobot/data/chunk-000/episode_000126.parquet
Demonstrations,2,,,,127,,155,1,/data/libero_mem_baseline/lerobot/libero-mem/LIBERO-Mem-Lerobot/data/chunk-000/episode_000127.parquet
Demonstrations,2,,,,128,,128,1,/data/libero_mem_baseline/lerobot/libero-mem/LIBERO-Mem-Lerobot/data/chunk-000/episode_000128.parquet
Demonstrations,2,,,,129,,162,1,/data/libero_mem_baseline/lerobot/libero-mem/LIBERO-Mem-Lerobot/data/chunk-000/episode_000129.parquet
Demonstrations,2,,,,130,,173,1,/data/libero_mem_baseline/lerobot/libero-mem/LIBERO-Mem-Lerobot/data/chunk-000/episode_000130.parquet
Demonstrations,2,,,,131,,153,1,/data/libero_mem_baseline/lerobot/libero-mem/LIBERO-Mem-Lerobot/data/chunk-000/episode_000131.parquet
Demonstrations,2,,,,132,,195,1,/data/libero_mem_baseline/lerobot/libero-mem/LIBERO-Mem-Lerobot/data/chunk-000/episode_000132.parquet
Demonstrations,2,,,,133,,137,1,/data/libero_mem_baseline/lerobot/libero-mem/LIBERO-Mem-Lerobot/data/chunk-000/episode_000133.parquet
Demonstrations,2,,,,134,,139,1,/data/libero_mem_baseline/lerobot/libero-mem/LIBERO-Mem-Lerobot/data/chunk-000/episode_000134.parquet
Demonstrations,2,,,,135,,133,1,/data/libero_mem_baseline/lerobot/libero-mem/LIBERO-Mem-Lerobot/data/chunk-000/episode_000135.parquet
Demonstrations,2,,,,136,,175,1,/data/libero_mem_baseline/lerobot/libero-mem/LIBERO-Mem-Lerobot/data/chunk-000/episode_000136.parquet
Demonstrations,2,,,,137,,125,1,/data/libero_mem_baseline/lerobot/libero-mem/LIBERO-Mem-Lerobot/data/chunk-000/episode_000137.parquet
Demonstrations,2,,,,138,,120,1,/data/libero_mem_baseline/lerobot/libero-mem/LIBERO-Mem-Lerobot/data/chunk-000/episode_000138.parquet
Demonstrations,2,,,,139,,124,1,/data/libero_mem_baseline/lerobot/libero-mem/LIBERO-Mem-Lerobot/data/chunk-000/episode_000139.parquet
Demonstrations,2,,,,140,,162,1,/data/libero_mem_baseline/lerobot/libero-mem/LIBERO-Mem-Lerobot/data/chunk-000/episode_000140.parquet
Demonstrations,2,,,,141,,131,1,/data/libero_mem_baseline/lerobot/libero-mem/LIBERO-Mem-Lerobot/data/chunk-000/episode_000141.parquet
Demonstrations,2,,,,142,,235,1,/data/libero_mem_baseline/lerobot/libero-mem/LIBERO-Mem-Lerobot/data/chunk-000/episode_000142.parquet
Demonstrations,2,,,,143,,125,1,/data/libero_mem_baseline/lerobot/libero-mem/LIBERO-Mem-Lerobot/data/chunk-000/episode_000143.parquet
Demonstrations,2,,,,144,,296,1,/data/libero_mem_baseline/lerobot/libero-mem/LIBERO-Mem-Lerobot/data/chunk-000/episode_000144.parquet
Demonstrations,2,,,,145,,201,1,/data/libero_mem_baseline/lerobot/libero-mem/LIBERO-Mem-Lerobot/data/chunk-000/episode_000145.parquet
Demonstrations,2,,,,146,,133,1,/data/libero_mem_baseline/lerobot/libero-mem/LIBERO-Mem-Lerobot/data/chunk-000/episode_000146.parquet
Demonstrations,2,,,,147,,191,1,/data/libero_mem_baseline/lerobot/libero-mem/LIBERO-Mem-Lerobot/data/chunk-000/episode_000147.parquet
Demonstrations,2,,,,148,,204,1,/data/libero_mem_baseline/lerobot/libero-mem/LIBERO-Mem-Lerobot/data/chunk-000/episode_000148.parquet
Demonstrations,2,,,,149,,193,1,/data/libero_mem_baseline/lerobot/libero-mem/LIBERO-Mem-Lerobot/data/chunk-000/episode_000149.parquet
Demonstrations,2,,,,150,,148,1,/data/libero_mem_baseline/lerobot/libero-mem/LIBERO-Mem-Lerobot/data/chunk-000/episode_000150.parquet
Demonstrations,2,,,,151,,192,1,/data/libero_mem_baseline/lerobot/libero-mem/LIBERO-Mem-Lerobot/data/chunk-000/episode_000151.parquet
Demonstrations,2,,,,152,,152,1,/data/libero_mem_baseline/lerobot/libero-mem/LIBERO-Mem-Lerobot/data/chunk-000/episode_000152.parquet
Demonstrations,2,,,,153,,199,1,/data/libero_mem_baseline/lerobot/libero-mem/LIBERO-Mem-Lerobot/data/chunk-000/episode_000153.parquet
Demonstrations,2,,,,154,,131,1,/data/libero_mem_baseline/lerobot/libero-mem/LIBERO-Mem-Lerobot/data/chunk-000/episode_000154.parquet
Demonstrations,2,,,,155,,160,1,/data/libero_mem_baseline/lerobot/libero-mem/LIBERO-Mem-Lerobot/data/chunk-000/episode_000155.parquet
Demonstrations,2,,,,156,,139,1,/data/libero_mem_baseline/lerobot/libero-mem/LIBERO-Mem-Lerobot/data/chunk-000/episode_000156.parquet
Demonstrations,2,,,,157,,158,1,/data/libero_mem_baseline/lerobot/libero-mem/LIBERO-Mem-Lerobot/data/chunk-000/episode_000157.parquet
Demonstrations,2,,,,158,,142,1,/data/libero_mem_baseline/lerobot/libero-mem/LIBERO-Mem-Lerobot/data/chunk-000/episode_000158.parquet
Demonstrations,2,,,,159,,137,1,/data/libero_mem_baseline/lerobot/libero-mem/LIBERO-Mem-Lerobot/data/chunk-000/episode_000159.parquet
Demonstrations,2,,,,160,,140,1,/data/libero_mem_baseline/lerobot/libero-mem/LIBERO-Mem-Lerobot/data/chunk-000/episode_000160.parquet
Demonstrations,2,,,,161,,137,1,/data/libero_mem_baseline/lerobot/libero-mem/LIBERO-Mem-Lerobot/data/chunk-000/episode_000161.parquet
Demonstrations,2,,,,162,,157,1,/data/libero_mem_baseline/lerobot/libero-mem/LIBERO-Mem-Lerobot/data/chunk-000/episode_000162.parquet
Demonstrations,2,,,,163,,192,1,/data/libero_mem_baseline/lerobot/libero-mem/LIBERO-Mem-Lerobot/data/chunk-000/episode_000163.parquet
Demonstrations,2,,,,164,,192,1,/data/libero_mem_baseline/lerobot/libero-mem/LIBERO-Mem-Lerobot/data/chunk-000/episode_000164.parquet
Demonstrations,2,,,,165,,218,1,/data/libero_mem_baseline/lerobot/libero-mem/LIBERO-Mem-Lerobot/data/chunk-000/episode_000165.parquet
Demonstrations,2,,,,166,,203,1,/data/libero_mem_baseline/lerobot/libero-mem/LIBERO-Mem-Lerobot/data/chunk-000/episode_000166.parquet
Demonstrations,2,,,,167,,162,1,/data/libero_mem_baseline/lerobot/libero-mem/LIBERO-Mem-Lerobot/data/chunk-000/episode_000167.parquet
Demonstrations,2,,,,168,,197,1,/data/libero_mem_baseline/lerobot/libero-mem/LIBERO-Mem-Lerobot/data/chunk-000/episode_000168.parquet
Demonstrations,2,,,,169,,199,1,/data/libero_mem_baseline/lerobot/libero-mem/LIBERO-Mem-Lerobot/data/chunk-000/episode_000169.parquet
Demonstrations,2,,,,170,,133,1,/data/libero_mem_baseline/lerobot/libero-mem/LIBERO-Mem-Lerobot/data/chunk-000/episode_000170.parquet
Demonstrations,2,,,,171,,126,1,/data/libero_mem_baseline/lerobot/libero-mem/LIBERO-Mem-Lerobot/data/chunk-000/episode_000171.parquet
Demonstrations,2,,,,172,,135,1,/data/libero_mem_baseline/lerobot/libero-mem/LIBERO-Mem-Lerobot/data/chunk-000/episode_000172.parquet
Demonstrations,2,,,,173,,190,1,/data/libero_mem_baseline/lerobot/libero-mem/LIBERO-Mem-Lerobot/data/chunk-000/episode_000173.parquet
Demonstrations,2,,,,174,,146,1,/data/libero_mem_baseline/lerobot/libero-mem/LIBERO-Mem-Lerobot/data/chunk-000/episode_000174.parquet
Demonstrations,2,,,,175,,149,1,/data/libero_mem_baseline/lerobot/libero-mem/LIBERO-Mem-Lerobot/data/chunk-000/episode_000175.parquet
Demonstrations,2,,,,176,,162,1,/data/libero_mem_baseline/lerobot/libero-mem/LIBERO-Mem-Lerobot/data/chunk-000/episode_000176.parquet
Demonstrations,2,,,,177,,203,1,/data/libero_mem_baseline/lerobot/libero-mem/LIBERO-Mem-Lerobot/data/chunk-000/episode_000177.parquet
Demonstrations,2,,,,178,,155,1,/data/libero_mem_baseline/lerobot/libero-mem/LIBERO-Mem-Lerobot/data/chunk-000/episode_000178.parquet
Demonstrations,2,,,,179,,147,1,/data/libero_mem_baseline/lerobot/libero-mem/LIBERO-Mem-Lerobot/data/chunk-000/episode_000179.parquet
Demonstrations,2,,,,180,,137,1,/data/libero_mem_baseline/lerobot/libero-mem/LIBERO-Mem-Lerobot/data/chunk-000/episode_000180.parquet
Demonstrations,2,,,,181,,190,1,/data/libero_mem_baseline/lerobot/libero-mem/LIBERO-Mem-Lerobot/data/chunk-000/episode_000181.parquet
Demonstrations,2,,,,182,,132,1,/data/libero_mem_baseline/lerobot/libero-mem/LIBERO-Mem-Lerobot/data/chunk-000/episode_000182.parquet
Demonstrations,2,,,,183,,138,1,/data/libero_mem_baseline/lerobot/libero-mem/LIBERO-Mem-Lerobot/data/chunk-000/episode_000183.parquet
Demonstrations,2,,,,184,,128,1,/data/libero_mem_baseline/lerobot/libero-mem/LIBERO-Mem-Lerobot/data/chunk-000/episode_000184.parquet
Demonstrations,2,,,,185,,185,1,/data/libero_mem_baseline/lerobot/libero-mem/LIBERO-Mem-Lerobot/data/chunk-000/episode_000185.parquet
Demonstrations,2,,,,186,,128,1,/data/libero_mem_baseline/lerobot/libero-mem/LIBERO-Mem-Lerobot/data/chunk-000/episode_000186.parquet
Demonstrations,2,,,,187,,190,1,/data/libero_mem_baseline/lerobot/libero-mem/LIBERO-Mem-Lerobot/data/chunk-000/episode_000187.parquet
Demonstrations,2,,,,188,,153,1,/data/libero_mem_baseline/lerobot/libero-mem/LIBERO-Mem-Lerobot/data/chunk-000/episode_000188.parquet
Demonstrations,2,,,,189,,183,1,/data/libero_mem_baseline/lerobot/libero-mem/LIBERO-Mem-Lerobot/data/chunk-000/episode_000189.parquet
Demonstrations,2,,,,190,,131,1,/data/libero_mem_baseline/lerobot/libero-mem/LIBERO-Mem-Lerobot/data/chunk-000/episode_000190.parquet
Demonstrations,2,,,,191,,160,1,/data/libero_mem_baseline/lerobot/libero-mem/LIBERO-Mem-Lerobot/data/chunk-000/episode_000191.parquet
Demonstrations,2,,,,192,,140,1,/data/libero_mem_baseline/lerobot/libero-mem/LIBERO-Mem-Lerobot/data/chunk-000/episode_000192.parquet
Demonstrations,2,,,,193,,136,1,/data/libero_mem_baseline/lerobot/libero-mem/LIBERO-Mem-Lerobot/data/chunk-000/episode_000193.parquet
Demonstrations,2,,,,194,,131,1,/data/libero_mem_baseline/lerobot/libero-mem/LIBERO-Mem-Lerobot/data/chunk-000/episode_000194.parquet
Demonstrations,2,,,,195,,164,1,/data/libero_mem_baseline/lerobot/libero-mem/LIBERO-Mem-Lerobot/data/chunk-000/episode_000195.parquet
Demonstrations,2,,,,196,,175,1,/data/libero_mem_baseline/lerobot/libero-mem/LIBERO-Mem-Lerobot/data/chunk-000/episode_000196.parquet
Demonstrations,2,,,,197,,131,1,/data/libero_mem_baseline/lerobot/libero-mem/LIBERO-Mem-Lerobot/data/chunk-000/episode_000197.parquet
Demonstrations,3,,,,198,,276,1,/data/libero_mem_baseline/lerobot/libero-mem/LIBERO-Mem-Lerobot/data/chunk-000/episode_000198.parquet
Demonstrations,3,,,,199,,286,1,/data/libero_mem_baseline/lerobot/libero-mem/LIBERO-Mem-Lerobot/data/chunk-000/episode_000199.parquet
Demonstrations,3,,,,200,,273,1,/data/libero_mem_baseline/lerobot/libero-mem/LIBERO-Mem-Lerobot/data/chunk-000/episode_000200.parquet
Demonstrations,3,,,,201,,266,1,/data/libero_mem_baseline/lerobot/libero-mem/LIBERO-Mem-Lerobot/data/chunk-000/episode_000201.parquet
Demonstrations,3,,,,202,,272,1,/data/libero_mem_baseline/lerobot/libero-mem/LIBERO-Mem-Lerobot/data/chunk-000/episode_000202.parquet
Demonstrations,3,,,,203,,298,1,/data/libero_mem_baseline/lerobot/libero-mem/LIBERO-Mem-Lerobot/data/chunk-000/episode_000203.parquet
Demonstrations,3,,,,204,,284,1,/data/libero_mem_baseline/lerobot/libero-mem/LIBERO-Mem-Lerobot/data/chunk-000/episode_000204.parquet
Demonstrations,3,,,,205,,266,1,/data/libero_mem_baseline/lerobot/libero-mem/LIBERO-Mem-Lerobot/data/chunk-000/episode_000205.parquet
Demonstrations,3,,,,206,,298,1,/data/libero_mem_baseline/lerobot/libero-mem/LIBERO-Mem-Lerobot/data/chunk-000/episode_000206.parquet
Demonstrations,3,,,,207,,289,1,/data/libero_mem_baseline/lerobot/libero-mem/LIBERO-Mem-Lerobot/data/chunk-000/episode_000207.parquet
Demonstrations,3,,,,208,,295,1,/data/libero_mem_baseline/lerobot/libero-mem/LIBERO-Mem-Lerobot/data/chunk-000/episode_000208.parquet
Demonstrations,3,,,,209,,306,1,/data/libero_mem_baseline/lerobot/libero-mem/LIBERO-Mem-Lerobot/data/chunk-000/episode_000209.parquet
Demonstrations,3,,,,210,,297,1,/data/libero_mem_baseline/lerobot/libero-mem/LIBERO-Mem-Lerobot/data/chunk-000/episode_000210.parquet
Demonstrations,3,,,,211,,295,1,/data/libero_mem_baseline/lerobot/libero-mem/LIBERO-Mem-Lerobot/data/chunk-000/episode_000211.parquet
Demonstrations,3,,,,212,,297,1,/data/libero_mem_baseline/lerobot/libero-mem/LIBERO-Mem-Lerobot/data/chunk-000/episode_000212.parquet
Demonstrations,3,,,,213,,297,1,/data/libero_mem_baseline/lerobot/libero-mem/LIBERO-Mem-Lerobot/data/chunk-000/episode_000213.parquet
Demonstrations,3,,,,214,,294,1,/data/libero_mem_baseline/lerobot/libero-mem/LIBERO-Mem-Lerobot/data/chunk-000/episode_000214.parquet
Demonstrations,3,,,,215,,287,1,/data/libero_mem_baseline/lerobot/libero-mem/LIBERO-Mem-Lerobot/data/chunk-000/episode_000215.parquet
Demonstrations,3,,,,216,,291,1,/data/libero_mem_baseline/lerobot/libero-mem/LIBERO-Mem-Lerobot/data/chunk-000/episode_000216.parquet
Demonstrations,3,,,,217,,302,1,/data/libero_mem_baseline/lerobot/libero-mem/LIBERO-Mem-Lerobot/data/chunk-000/episode_000217.parquet
Demonstrations,3,,,,218,,301,1,/data/libero_mem_baseline/lerobot/libero-mem/LIBERO-Mem-Lerobot/data/chunk-000/episode_000218.parquet
Demonstrations,3,,,,219,,306,1,/data/libero_mem_baseline/lerobot/libero-mem/LIBERO-Mem-Lerobot/data/chunk-000/episode_000219.parquet
Demonstrations,3,,,,220,,300,1,/data/libero_mem_baseline/lerobot/libero-mem/LIBERO-Mem-Lerobot/data/chunk-000/episode_000220.parquet
Demonstrations,3,,,,221,,300,1,/data/libero_mem_baseline/lerobot/libero-mem/LIBERO-Mem-Lerobot/data/chunk-000/episode_000221.parquet
Demonstrations,3,,,,222,,283,1,/data/libero_mem_baseline/lerobot/libero-mem/LIBERO-Mem-Lerobot/data/chunk-000/episode_000222.parquet
Demonstrations,3,,,,223,,291,1,/data/libero_mem_baseline/lerobot/libero-mem/LIBERO-Mem-Lerobot/data/chunk-000/episode_000223.parquet
Demonstrations,3,,,,224,,308,1,/data/libero_mem_baseline/lerobot/libero-mem/LIBERO-Mem-Lerobot/data/chunk-000/episode_000224.parquet
Demonstrations,3,,,,225,,331,1,/data/libero_mem_baseline/lerobot/libero-mem/LIBERO-Mem-Lerobot/data/chunk-000/episode_000225.parquet
Demonstrations,3,,,,226,,316,1,/data/libero_mem_baseline/lerobot/libero-mem/LIBERO-Mem-Lerobot/data/chunk-000/episode_000226.parquet
Demonstrations,3,,,,227,,270,1,/data/libero_mem_baseline/lerobot/libero-mem/LIBERO-Mem-Lerobot/data/chunk-000/episode_000227.parquet
Demonstrations,3,,,,228,,277,1,/data/libero_mem_baseline/lerobot/libero-mem/LIBERO-Mem-Lerobot/data/chunk-000/episode_000228.parquet
Demonstrations,3,,,,229,,274,1,/data/libero_mem_baseline/lerobot/libero-mem/LIBERO-Mem-Lerobot/data/chunk-000/episode_000229.parquet
Demonstrations,3,,,,230,,271,1,/data/libero_mem_baseline/lerobot/libero-mem/LIBERO-Mem-Lerobot/data/chunk-000/episode_000230.parquet
Demonstrations,3,,,,231,,275,1,/data/libero_mem_baseline/lerobot/libero-mem/LIBERO-Mem-Lerobot/data/chunk-000/episode_000231.parquet
Demonstrations,3,,,,232,,257,1,/data/libero_mem_baseline/lerobot/libero-mem/LIBERO-Mem-Lerobot/data/chunk-000/episode_000232.parquet
Demonstrations,3,,,,233,,283,1,/data/libero_mem_baseline/lerobot/libero-mem/LIBERO-Mem-Lerobot/data/chunk-000/episode_000233.parquet
Demonstrations,3,,,,234,,308,1,/data/libero_mem_baseline/lerobot/libero-mem/LIBERO-Mem-Lerobot/data/chunk-000/episode_000234.parquet
Demonstrations,3,,,,235,,285,1,/data/libero_mem_baseline/lerobot/libero-mem/LIBERO-Mem-Lerobot/data/chunk-000/episode_000235.parquet
Demonstrations,3,,,,236,,300,1,/data/libero_mem_baseline/lerobot/libero-mem/LIBERO-Mem-Lerobot/data/chunk-000/episode_000236.parquet
Demonstrations,3,,,,237,,280,1,/data/libero_mem_baseline/lerobot/libero-mem/LIBERO-Mem-Lerobot/data/chunk-000/episode_000237.parquet
Demonstrations,3,,,,238,,330,1,/data/libero_mem_baseline/lerobot/libero-mem/LIBERO-Mem-Lerobot/data/chunk-000/episode_000238.parquet
Demonstrations,3,,,,239,,277,1,/data/libero_mem_baseline/lerobot/libero-mem/LIBERO-Mem-Lerobot/data/chunk-000/episode_000239.parquet
Demonstrations,3,,,,240,,289,1,/data/libero_mem_baseline/lerobot/libero-mem/LIBERO-Mem-Lerobot/data/chunk-000/episode_000240.parquet
Demonstrations,3,,,,241,,316,1,/data/libero_mem_baseline/lerobot/libero-mem/LIBERO-Mem-Lerobot/data/chunk-000/episode_000241.parquet
Demonstrations,3,,,,242,,307,1,/data/libero_mem_baseline/lerobot/libero-mem/LIBERO-Mem-Lerobot/data/chunk-000/episode_000242.parquet
Demonstrations,3,,,,243,,269,1,/data/libero_mem_baseline/lerobot/libero-mem/LIBERO-Mem-Lerobot/data/chunk-000/episode_000243.parquet
Demonstrations,3,,,,244,,298,1,/data/libero_mem_baseline/lerobot/libero-mem/LIBERO-Mem-Lerobot/data/chunk-000/episode_000244.parquet
Demonstrations,3,,,,245,,275,1,/data/libero_mem_baseline/lerobot/libero-mem/LIBERO-Mem-Lerobot/data/chunk-000/episode_000245.parquet
Demonstrations,3,,,,246,,274,1,/data/libero_mem_baseline/lerobot/libero-mem/LIBERO-Mem-Lerobot/data/chunk-000/episode_000246.parquet
Demonstrations,3,,,,247,,294,1,/data/libero_mem_baseline/lerobot/libero-mem/LIBERO-Mem-Lerobot/data/chunk-000/episode_000247.parquet
Demonstrations,3,,,,248,,265,1,/data/libero_mem_baseline/lerobot/libero-mem/LIBERO-Mem-Lerobot/data/chunk-000/episode_000248.parquet
Demonstrations,3,,,,249,,264,1,/data/libero_mem_baseline/lerobot/libero-mem/LIBERO-Mem-Lerobot/data/chunk-000/episode_000249.parquet
Demonstrations,3,,,,250,,259,1,/data/libero_mem_baseline/lerobot/libero-mem/LIBERO-Mem-Lerobot/data/chunk-000/episode_000250.parquet
Demonstrations,3,,,,251,,294,1,/data/libero_mem_baseline/lerobot/libero-mem/LIBERO-Mem-Lerobot/data/chunk-000/episode_000251.parquet
Demonstrations,3,,,,252,,289,1,/data/libero_mem_baseline/lerobot/libero-mem/LIBERO-Mem-Lerobot/data/chunk-000/episode_000252.parquet
Demonstrations,3,,,,253,,302,1,/data/libero_mem_baseline/lerobot/libero-mem/LIBERO-Mem-Lerobot/data/chunk-000/episode_000253.parquet
Demonstrations,3,,,,254,,296,1,/data/libero_mem_baseline/lerobot/libero-mem/LIBERO-Mem-Lerobot/data/chunk-000/episode_000254.parquet
Demonstrations,3,,,,255,,294,1,/data/libero_mem_baseline/lerobot/libero-mem/LIBERO-Mem-Lerobot/data/chunk-000/episode_000255.parquet
Demonstrations,3,,,,256,,277,1,/data/libero_mem_baseline/lerobot/libero-mem/LIBERO-Mem-Lerobot/data/chunk-000/episode_000256.parquet
Demonstrations,3,,,,257,,283,1,/data/libero_mem_baseline/lerobot/libero-mem/LIBERO-Mem-Lerobot/data/chunk-000/episode_000257.parquet
Demonstrations,3,,,,258,,290,1,/data/libero_mem_baseline/lerobot/libero-mem/LIBERO-Mem-Lerobot/data/chunk-000/episode_000258.parquet
Demonstrations,3,,,,259,,284,1,/data/libero_mem_baseline/lerobot/libero-mem/LIBERO-Mem-Lerobot/data/chunk-000/episode_000259.parquet
Demonstrations,3,,,,260,,280,1,/data/libero_mem_baseline/lerobot/libero-mem/LIBERO-Mem-Lerobot/data/chunk-000/episode_000260.parquet
Demonstrations,3,,,,261,,281,1,/data/libero_mem_baseline/lerobot/libero-mem/LIBERO-Mem-Lerobot/data/chunk-000/episode_000261.parquet
Demonstrations,3,,,,262,,321,1,/data/libero_mem_baseline/lerobot/libero-mem/LIBERO-Mem-Lerobot/data/chunk-000/episode_000262.parquet
Demonstrations,3,,,,263,,292,1,/data/libero_mem_baseline/lerobot/libero-mem/LIBERO-Mem-Lerobot/data/chunk-000/episode_000263.parquet
Demonstrations,3,,,,264,,283,1,/data/libero_mem_baseline/lerobot/libero-mem/LIBERO-Mem-Lerobot/data/chunk-000/episode_000264.parquet
Demonstrations,3,,,,265,,275,1,/data/libero_mem_baseline/lerobot/libero-mem/LIBERO-Mem-Lerobot/data/chunk-000/episode_000265.parquet
Demonstrations,3,,,,266,,271,1,/data/libero_mem_baseline/lerobot/libero-mem/LIBERO-Mem-Lerobot/data/chunk-000/episode_000266.parquet
Demonstrations,3,,,,267,,290,1,/data/libero_mem_baseline/lerobot/libero-mem/LIBERO-Mem-Lerobot/data/chunk-000/episode_000267.parquet
Demonstrations,3,,,,268,,285,1,/data/libero_mem_baseline/lerobot/libero-mem/LIBERO-Mem-Lerobot/data/chunk-000/episode_000268.parquet
Demonstrations,3,,,,269,,276,1,/data/libero_mem_baseline/lerobot/libero-mem/LIBERO-Mem-Lerobot/data/chunk-000/episode_000269.parquet
Demonstrations,3,,,,270,,273,1,/data/libero_mem_baseline/lerobot/libero-mem/LIBERO-Mem-Lerobot/data/chunk-000/episode_000270.parquet
Demonstrations,3,,,,271,,293,1,/data/libero_mem_baseline/lerobot/libero-mem/LIBERO-Mem-Lerobot/data/chunk-000/episode_000271.parquet
Demonstrations,3,,,,272,,281,1,/data/libero_mem_baseline/lerobot/libero-mem/LIBERO-Mem-Lerobot/data/chunk-000/episode_000272.parquet
Demonstrations,3,,,,273,,279,1,/data/libero_mem_baseline/lerobot/libero-mem/LIBERO-Mem-Lerobot/data/chunk-000/episode_000273.parquet
Demonstrations,3,,,,274,,275,1,/data/libero_mem_baseline/lerobot/libero-mem/LIBERO-Mem-Lerobot/data/chunk-000/episode_000274.parquet
Demonstrations,3,,,,275,,291,1,/data/libero_mem_baseline/lerobot/libero-mem/LIBERO-Mem-Lerobot/data/chunk-000/episode_000275.parquet
Demonstrations,3,,,,276,,287,1,/data/libero_mem_baseline/lerobot/libero-mem/LIBERO-Mem-Lerobot/data/chunk-000/episode_000276.parquet
Demonstrations,3,,,,277,,279,1,/data/libero_mem_baseline/lerobot/libero-mem/LIBERO-Mem-Lerobot/data/chunk-000/episode_000277.parquet
Demonstrations,3,,,,278,,270,1,/data/libero_mem_baseline/lerobot/libero-mem/LIBERO-Mem-Lerobot/data/chunk-000/episode_000278.parquet
Demonstrations,3,,,,279,,283,1,/data/libero_mem_baseline/lerobot/libero-mem/LIBERO-Mem-Lerobot/data/chunk-000/episode_000279.parquet
Demonstrations,3,,,,280,,272,1,/data/libero_mem_baseline/lerobot/libero-mem/LIBERO-Mem-Lerobot/data/chunk-000/episode_000280.parquet
Demonstrations,3,,,,281,,284,1,/data/libero_mem_baseline/lerobot/libero-mem/LIBERO-Mem-Lerobot/data/chunk-000/episode_000281.parquet
Demonstrations,3,,,,282,,262,1,/data/libero_mem_baseline/lerobot/libero-mem/LIBERO-Mem-Lerobot/data/chunk-000/episode_000282.parquet
Demonstrations,3,,,,283,,259,1,/data/libero_mem_baseline/lerobot/libero-mem/LIBERO-Mem-Lerobot/data/chunk-000/episode_000283.parquet
Demonstrations,3,,,,284,,299,1,/data/libero_mem_baseline/lerobot/libero-mem/LIBERO-Mem-Lerobot/data/chunk-000/episode_000284.parquet
Demonstrations,3,,,,285,,284,1,/data/libero_mem_baseline/lerobot/libero-mem/LIBERO-Mem-Lerobot/data/chunk-000/episode_000285.parquet
Demonstrations,3,,,,286,,282,1,/data/libero_mem_baseline/lerobot/libero-mem/LIBERO-Mem-Lerobot/data/chunk-000/episode_000286.parquet
Demonstrations,3,,,,287,,284,1,/data/libero_mem_baseline/lerobot/libero-mem/LIBERO-Mem-Lerobot/data/chunk-000/episode_000287.parquet
Demonstrations,3,,,,288,,256,1,/data/libero_mem_baseline/lerobot/libero-mem/LIBERO-Mem-Lerobot/data/chunk-000/episode_000288.parquet
Demonstrations,3,,,,289,,294,1,/data/libero_mem_baseline/lerobot/libero-mem/LIBERO-Mem-Lerobot/data/chunk-000/episode_000289.parquet
Demonstrations,3,,,,290,,279,1,/data/libero_mem_baseline/lerobot/libero-mem/LIBERO-Mem-Lerobot/data/chunk-000/episode_000290.parquet
Demonstrations,3,,,,291,,270,1,/data/libero_mem_baseline/lerobot/libero-mem/LIBERO-Mem-Lerobot/data/chunk-000/episode_000291.parquet
Demonstrations,3,,,,292,,314,1,/data/libero_mem_baseline/lerobot/libero-mem/LIBERO-Mem-Lerobot/data/chunk-000/episode_000292.parquet
Demonstrations,3,,,,293,,314,1,/data/libero_mem_baseline/lerobot/libero-mem/LIBERO-Mem-Lerobot/data/chunk-000/episode_000293.parquet
Demonstrations,3,,,,294,,275,1,/data/libero_mem_baseline/lerobot/libero-mem/LIBERO-Mem-Lerobot/data/chunk-000/episode_000294.parquet
Demonstrations,3,,,,295,,307,1,/data/libero_mem_baseline/lerobot/libero-mem/LIBERO-Mem-Lerobot/data/chunk-000/episode_000295.parquet
Demonstrations,4,,,,296,,303,1,/data/libero_mem_baseline/lerobot/libero-mem/LIBERO-Mem-Lerobot/data/chunk-000/episode_000296.parquet
Demonstrations,4,,,,297,,347,1,/data/libero_mem_baseline/lerobot/libero-mem/LIBERO-Mem-Lerobot/data/chunk-000/episode_000297.parquet
Demonstrations,4,,,,298,,255,1,/data/libero_mem_baseline/lerobot/libero-mem/LIBERO-Mem-Lerobot/data/chunk-000/episode_000298.parquet
Demonstrations,4,,,,299,,300,1,/data/libero_mem_baseline/lerobot/libero-mem/LIBERO-Mem-Lerobot/data/chunk-000/episode_000299.parquet
Demonstrations,4,,,,300,,256,1,/data/libero_mem_baseline/lerobot/libero-mem/LIBERO-Mem-Lerobot/data/chunk-000/episode_000300.parquet
Demonstrations,4,,,,301,,265,1,/data/libero_mem_baseline/lerobot/libero-mem/LIBERO-Mem-Lerobot/data/chunk-000/episode_000301.parquet
Demonstrations,4,,,,302,,256,1,/data/libero_mem_baseline/lerobot/libero-mem/LIBERO-Mem-Lerobot/data/chunk-000/episode_000302.parquet
Demonstrations,4,,,,303,,313,1,/data/libero_mem_baseline/lerobot/libero-mem/LIBERO-Mem-Lerobot/data/chunk-000/episode_000303.parquet
Demonstrations,4,,,,304,,273,1,/data/libero_mem_baseline/lerobot/libero-mem/LIBERO-Mem-Lerobot/data/chunk-000/episode_000304.parquet
Demonstrations,4,,,,305,,308,1,/data/libero_mem_baseline/lerobot/libero-mem/LIBERO-Mem-Lerobot/data/chunk-000/episode_000305.parquet
Demonstrations,4,,,,306,,260,1,/data/libero_mem_baseline/lerobot/libero-mem/LIBERO-Mem-Lerobot/data/chunk-000/episode_000306.parquet
Demonstrations,4,,,,307,,320,1,/data/libero_mem_baseline/lerobot/libero-mem/LIBERO-Mem-Lerobot/data/chunk-000/episode_000307.parquet
Demonstrations,4,,,,308,,289,1,/data/libero_mem_baseline/lerobot/libero-mem/LIBERO-Mem-Lerobot/data/chunk-000/episode_000308.parquet
Demonstrations,4,,,,309,,257,1,/data/libero_mem_baseline/lerobot/libero-mem/LIBERO-Mem-Lerobot/data/chunk-000/episode_000309.parquet
Demonstrations,4,,,,310,,320,1,/data/libero_mem_baseline/lerobot/libero-mem/LIBERO-Mem-Lerobot/data/chunk-000/episode_000310.parquet
Demonstrations,4,,,,311,,377,1,/data/libero_mem_baseline/lerobot/libero-mem/LIBERO-Mem-Lerobot/data/chunk-000/episode_000311.parquet
Demonstrations,4,,,,312,,309,1,/data/libero_mem_baseline/lerobot/libero-mem/LIBERO-Mem-Lerobot/data/chunk-000/episode_000312.parquet
Demonstrations,4,,,,313,,332,1,/data/libero_mem_baseline/lerobot/libero-mem/LIBERO-Mem-Lerobot/data/chunk-000/episode_000313.parquet
Demonstrations,4,,,,314,,267,1,/data/libero_mem_baseline/lerobot/libero-mem/LIBERO-Mem-Lerobot/data/chunk-000/episode_000314.parquet
Demonstrations,4,,,,315,,255,1,/data/libero_mem_baseline/lerobot/libero-mem/LIBERO-Mem-Lerobot/data/chunk-000/episode_000315.parquet
Demonstrations,4,,,,316,,273,1,/data/libero_mem_baseline/lerobot/libero-mem/LIBERO-Mem-Lerobot/data/chunk-000/episode_000316.parquet
Demonstrations,4,,,,317,,267,1,/data/libero_mem_baseline/lerobot/libero-mem/LIBERO-Mem-Lerobot/data/chunk-000/episode_000317.parquet
Demonstrations,4,,,,318,,283,1,/data/libero_mem_baseline/lerobot/libero-mem/LIBERO-Mem-Lerobot/data/chunk-000/episode_000318.parquet
Demonstrations,4,,,,319,,259,1,/data/libero_mem_baseline/lerobot/libero-mem/LIBERO-Mem-Lerobot/data/chunk-000/episode_000319.parquet
Demonstrations,4,,,,320,,273,1,/data/libero_mem_baseline/lerobot/libero-mem/LIBERO-Mem-Lerobot/data/chunk-000/episode_000320.parquet
Demonstrations,4,,,,321,,266,1,/data/libero_mem_baseline/lerobot/libero-mem/LIBERO-Mem-Lerobot/data/chunk-000/episode_000321.parquet
Demonstrations,4,,,,322,,304,1,/data/libero_mem_baseline/lerobot/libero-mem/LIBERO-Mem-Lerobot/data/chunk-000/episode_000322.parquet
Demonstrations,4,,,,323,,278,1,/data/libero_mem_baseline/lerobot/libero-mem/LIBERO-Mem-Lerobot/data/chunk-000/episode_000323.parquet
Demonstrations,4,,,,324,,279,1,/data/libero_mem_baseline/lerobot/libero-mem/LIBERO-Mem-Lerobot/data/chunk-000/episode_000324.parquet
Demonstrations,4,,,,325,,270,1,/data/libero_mem_baseline/lerobot/libero-mem/LIBERO-Mem-Lerobot/data/chunk-000/episode_000325.parquet
Demonstrations,4,,,,326,,280,1,/data/libero_mem_baseline/lerobot/libero-mem/LIBERO-Mem-Lerobot/data/chunk-000/episode_000326.parquet
Demonstrations,4,,,,327,,343,1,/data/libero_mem_baseline/lerobot/libero-mem/LIBERO-Mem-Lerobot/data/chunk-000/episode_000327.parquet
Demonstrations,4,,,,328,,259,1,/data/libero_mem_baseline/lerobot/libero-mem/LIBERO-Mem-Lerobot/data/chunk-000/episode_000328.parquet
Demonstrations,4,,,,329,,260,1,/data/libero_mem_baseline/lerobot/libero-mem/LIBERO-Mem-Lerobot/data/chunk-000/episode_000329.parquet
Demonstrations,4,,,,330,,276,1,/data/libero_mem_baseline/lerobot/libero-mem/LIBERO-Mem-Lerobot/data/chunk-000/episode_000330.parquet
Demonstrations,4,,,,331,,316,1,/data/libero_mem_baseline/lerobot/libero-mem/LIBERO-Mem-Lerobot/data/chunk-000/episode_000331.parquet
Demonstrations,4,,,,332,,317,1,/data/libero_mem_baseline/lerobot/libero-mem/LIBERO-Mem-Lerobot/data/chunk-000/episode_000332.parquet
Demonstrations,4,,,,333,,262,1,/data/libero_mem_baseline/lerobot/libero-mem/LIBERO-Mem-Lerobot/data/chunk-000/episode_000333.parquet
Demonstrations,4,,,,334,,293,1,/data/libero_mem_baseline/lerobot/libero-mem/LIBERO-Mem-Lerobot/data/chunk-000/episode_000334.parquet
Demonstrations,4,,,,335,,287,1,/data/libero_mem_baseline/lerobot/libero-mem/LIBERO-Mem-Lerobot/data/chunk-000/episode_000335.parquet
Demonstrations,4,,,,336,,272,1,/data/libero_mem_baseline/lerobot/libero-mem/LIBERO-Mem-Lerobot/data/chunk-000/episode_000336.parquet
Demonstrations,4,,,,337,,259,1,/data/libero_mem_baseline/lerobot/libero-mem/LIBERO-Mem-Lerobot/data/chunk-000/episode_000337.parquet
Demonstrations,4,,,,338,,258,1,/data/libero_mem_baseline/lerobot/libero-mem/LIBERO-Mem-Lerobot/data/chunk-000/episode_000338.parquet
Demonstrations,4,,,,339,,345,1,/data/libero_mem_baseline/lerobot/libero-mem/LIBERO-Mem-Lerobot/data/chunk-000/episode_000339.parquet
Demonstrations,4,,,,340,,282,1,/data/libero_mem_baseline/lerobot/libero-mem/LIBERO-Mem-Lerobot/data/chunk-000/episode_000340.parquet
Demonstrations,4,,,,341,,269,1,/data/libero_mem_baseline/lerobot/libero-mem/LIBERO-Mem-Lerobot/data/chunk-000/episode_000341.parquet
Demonstrations,4,,,,342,,277,1,/data/libero_mem_baseline/lerobot/libero-mem/LIBERO-Mem-Lerobot/data/chunk-000/episode_000342.parquet
Demonstrations,4,,,,343,,322,1,/data/libero_mem_baseline/lerobot/libero-mem/LIBERO-Mem-Lerobot/data/chunk-000/episode_000343.parquet
Demonstrations,4,,,,344,,305,1,/data/libero_mem_baseline/lerobot/libero-mem/LIBERO-Mem-Lerobot/data/chunk-000/episode_000344.parquet
Demonstrations,4,,,,345,,269,1,/data/libero_mem_baseline/lerobot/libero-mem/LIBERO-Mem-Lerobot/data/chunk-000/episode_000345.parquet
Demonstrations,4,,,,346,,337,1,/data/libero_mem_baseline/lerobot/libero-mem/LIBERO-Mem-Lerobot/data/chunk-000/episode_000346.parquet
Demonstrations,4,,,,347,,270,1,/data/libero_mem_baseline/lerobot/libero-mem/LIBERO-Mem-Lerobot/data/chunk-000/episode_000347.parquet
Demonstrations,4,,,,348,,276,1,/data/libero_mem_baseline/lerobot/libero-mem/LIBERO-Mem-Lerobot/data/chunk-000/episode_000348.parquet
Demonstrations,4,,,,349,,253,1,/data/libero_mem_baseline/lerobot/libero-mem/LIBERO-Mem-Lerobot/data/chunk-000/episode_000349.parquet
Demonstrations,4,,,,350,,254,1,/data/libero_mem_baseline/lerobot/libero-mem/LIBERO-Mem-Lerobot/data/chunk-000/episode_000350.parquet
Demonstrations,4,,,,351,,270,1,/data/libero_mem_baseline/lerobot/libero-mem/LIBERO-Mem-Lerobot/data/chunk-000/episode_000351.parquet
Demonstrations,4,,,,352,,270,1,/data/libero_mem_baseline/lerobot/libero-mem/LIBERO-Mem-Lerobot/data/chunk-000/episode_000352.parquet
Demonstrations,4,,,,353,,292,1,/data/libero_mem_baseline/lerobot/libero-mem/LIBERO-Mem-Lerobot/data/chunk-000/episode_000353.parquet
Demonstrations,4,,,,354,,337,1,/data/libero_mem_baseline/lerobot/libero-mem/LIBERO-Mem-Lerobot/data/chunk-000/episode_000354.parquet
Demonstrations,4,,,,355,,289,1,/data/libero_mem_baseline/lerobot/libero-mem/LIBERO-Mem-Lerobot/data/chunk-000/episode_000355.parquet
Demonstrations,4,,,,356,,273,1,/data/libero_mem_baseline/lerobot/libero-mem/LIBERO-Mem-Lerobot/data/chunk-000/episode_000356.parquet
Demonstrations,4,,,,357,,258,1,/data/libero_mem_baseline/lerobot/libero-mem/LIBERO-Mem-Lerobot/data/chunk-000/episode_000357.parquet
Demonstrations,4,,,,358,,261,1,/data/libero_mem_baseline/lerobot/libero-mem/LIBERO-Mem-Lerobot/data/chunk-000/episode_000358.parquet
Demonstrations,4,,,,359,,324,1,/data/libero_mem_baseline/lerobot/libero-mem/LIBERO-Mem-Lerobot/data/chunk-000/episode_000359.parquet
Demonstrations,4,,,,360,,341,1,/data/libero_mem_baseline/lerobot/libero-mem/LIBERO-Mem-Lerobot/data/chunk-000/episode_000360.parquet
Demonstrations,4,,,,361,,278,1,/data/libero_mem_baseline/lerobot/libero-mem/LIBERO-Mem-Lerobot/data/chunk-000/episode_000361.parquet
Demonstrations,4,,,,362,,261,1,/data/libero_mem_baseline/lerobot/libero-mem/LIBERO-Mem-Lerobot/data/chunk-000/episode_000362.parquet
Demonstrations,4,,,,363,,309,1,/data/libero_mem_baseline/lerobot/libero-mem/LIBERO-Mem-Lerobot/data/chunk-000/episode_000363.parquet
Demonstrations,4,,,,364,,297,1,/data/libero_mem_baseline/lerobot/libero-mem/LIBERO-Mem-Lerobot/data/chunk-000/episode_000364.parquet
Demonstrations,4,,,,365,,277,1,/data/libero_mem_baseline/lerobot/libero-mem/LIBERO-Mem-Lerobot/data/chunk-000/episode_000365.parquet
Demonstrations,4,,,,366,,258,1,/data/libero_mem_baseline/lerobot/libero-mem/LIBERO-Mem-Lerobot/data/chunk-000/episode_000366.parquet
Demonstrations,4,,,,367,,257,1,/data/libero_mem_baseline/lerobot/libero-mem/LIBERO-Mem-Lerobot/data/chunk-000/episode_000367.parquet
Demonstrations,4,,,,368,,267,1,/data/libero_mem_baseline/lerobot/libero-mem/LIBERO-Mem-Lerobot/data/chunk-000/episode_000368.parquet
Demonstrations,4,,,,369,,273,1,/data/libero_mem_baseline/lerobot/libero-mem/LIBERO-Mem-Lerobot/data/chunk-000/episode_000369.parquet
Demonstrations,4,,,,370,,252,1,/data/libero_mem_baseline/lerobot/libero-mem/LIBERO-Mem-Lerobot/data/chunk-000/episode_000370.parquet
Demonstrations,4,,,,371,,259,1,/data/libero_mem_baseline/lerobot/libero-mem/LIBERO-Mem-Lerobot/data/chunk-000/episode_000371.parquet
Demonstrations,4,,,,372,,315,1,/data/libero_mem_baseline/lerobot/libero-mem/LIBERO-Mem-Lerobot/data/chunk-000/episode_000372.parquet
Demonstrations,4,,,,373,,313,1,/data/libero_mem_baseline/lerobot/libero-mem/LIBERO-Mem-Lerobot/data/chunk-000/episode_000373.parquet
Demonstrations,4,,,,374,,285,1,/data/libero_mem_baseline/lerobot/libero-mem/LIBERO-Mem-Lerobot/data/chunk-000/episode_000374.parquet
Demonstrations,4,,,,375,,273,1,/data/libero_mem_baseline/lerobot/libero-mem/LIBERO-Mem-Lerobot/data/chunk-000/episode_000375.parquet
Demonstrations,4,,,,376,,321,1,/data/libero_mem_baseline/lerobot/libero-mem/LIBERO-Mem-Lerobot/data/chunk-000/episode_000376.parquet
Demonstrations,4,,,,377,,258,1,/data/libero_mem_baseline/lerobot/libero-mem/LIBERO-Mem-Lerobot/data/chunk-000/episode_000377.parquet
Demonstrations,4,,,,378,,242,1,/data/libero_mem_baseline/lerobot/libero-mem/LIBERO-Mem-Lerobot/data/chunk-000/episode_000378.parquet
Demonstrations,4,,,,379,,259,1,/data/libero_mem_baseline/lerobot/libero-mem/LIBERO-Mem-Lerobot/data/chunk-000/episode_000379.parquet
Demonstrations,4,,,,380,,278,1,/data/libero_mem_baseline/lerobot/libero-mem/LIBERO-Mem-Lerobot/data/chunk-000/episode_000380.parquet
Demonstrations,4,,,,381,,327,1,/data/libero_mem_baseline/lerobot/libero-mem/LIBERO-Mem-Lerobot/data/chunk-000/episode_000381.parquet
Demonstrations,4,,,,382,,268,1,/data/libero_mem_baseline/lerobot/libero-mem/LIBERO-Mem-Lerobot/data/chunk-000/episode_000382.parquet
Demonstrations,4,,,,383,,285,1,/data/libero_mem_baseline/lerobot/libero-mem/LIBERO-Mem-Lerobot/data/chunk-000/episode_000383.parquet
Demonstrations,4,,,,384,,270,1,/data/libero_mem_baseline/lerobot/libero-mem/LIBERO-Mem-Lerobot/data/chunk-000/episode_000384.parquet
Demonstrations,4,,,,385,,243,1,/data/libero_mem_baseline/lerobot/libero-mem/LIBERO-Mem-Lerobot/data/chunk-000/episode_000385.parquet
Demonstrations,4,,,,386,,262,1,/data/libero_mem_baseline/lerobot/libero-mem/LIBERO-Mem-Lerobot/data/chunk-000/episode_000386.parquet
Demonstrations,4,,,,387,,314,1,/data/libero_mem_baseline/lerobot/libero-mem/LIBERO-Mem-Lerobot/data/chunk-000/episode_000387.parquet
Demonstrations,4,,,,388,,305,1,/data/libero_mem_baseline/lerobot/libero-mem/LIBERO-Mem-Lerobot/data/chunk-000/episode_000388.parquet
Demonstrations,4,,,,389,,262,1,/data/libero_mem_baseline/lerobot/libero-mem/LIBERO-Mem-Lerobot/data/chunk-000/episode_000389.parquet
Demonstrations,4,,,,390,,263,1,/data/libero_mem_baseline/lerobot/libero-mem/LIBERO-Mem-Lerobot/data/chunk-000/episode_000390.parquet
Demonstrations,4,,,,391,,283,1,/data/libero_mem_baseline/lerobot/libero-mem/LIBERO-Mem-Lerobot/data/chunk-000/episode_000391.parquet
Demonstrations,4,,,,392,,323,1,/data/libero_mem_baseline/lerobot/libero-mem/LIBERO-Mem-Lerobot/data/chunk-000/episode_000392.parquet
Demonstrations,4,,,,393,,258,1,/data/libero_mem_baseline/lerobot/libero-mem/LIBERO-Mem-Lerobot/data/chunk-000/episode_000393.parquet
Demonstrations,4,,,,394,,318,1,/data/libero_mem_baseline/lerobot/libero-mem/LIBERO-Mem-Lerobot/data/chunk-000/episode_000394.parquet
Demonstrations,5,,,,395,,373,1,/data/libero_mem_baseline/lerobot/libero-mem/LIBERO-Mem-Lerobot/data/chunk-000/episode_000395.parquet
Demonstrations,5,,,,396,,312,1,/data/libero_mem_baseline/lerobot/libero-mem/LIBERO-Mem-Lerobot/data/chunk-000/episode_000396.parquet
Demonstrations,5,,,,397,,334,1,/data/libero_mem_baseline/lerobot/libero-mem/LIBERO-Mem-Lerobot/data/chunk-000/episode_000397.parquet
Demonstrations,5,,,,398,,366,1,/data/libero_mem_baseline/lerobot/libero-mem/LIBERO-Mem-Lerobot/data/chunk-000/episode_000398.parquet
Demonstrations,5,,,,399,,362,1,/data/libero_mem_baseline/lerobot/libero-mem/LIBERO-Mem-Lerobot/data/chunk-000/episode_000399.parquet
Demonstrations,5,,,,400,,377,1,/data/libero_mem_baseline/lerobot/libero-mem/LIBERO-Mem-Lerobot/data/chunk-000/episode_000400.parquet
Demonstrations,5,,,,401,,374,1,/data/libero_mem_baseline/lerobot/libero-mem/LIBERO-Mem-Lerobot/data/chunk-000/episode_000401.parquet
Demonstrations,5,,,,402,,353,1,/data/libero_mem_baseline/lerobot/libero-mem/LIBERO-Mem-Lerobot/data/chunk-000/episode_000402.parquet
Demonstrations,5,,,,403,,370,1,/data/libero_mem_baseline/lerobot/libero-mem/LIBERO-Mem-Lerobot/data/chunk-000/episode_000403.parquet
Demonstrations,5,,,,404,,399,1,/data/libero_mem_baseline/lerobot/libero-mem/LIBERO-Mem-Lerobot/data/chunk-000/episode_000404.parquet
Demonstrations,5,,,,405,,412,1,/data/libero_mem_baseline/lerobot/libero-mem/LIBERO-Mem-Lerobot/data/chunk-000/episode_000405.parquet
Demonstrations,5,,,,406,,349,1,/data/libero_mem_baseline/lerobot/libero-mem/LIBERO-Mem-Lerobot/data/chunk-000/episode_000406.parquet
Demonstrations,5,,,,407,,390,1,/data/libero_mem_baseline/lerobot/libero-mem/LIBERO-Mem-Lerobot/data/chunk-000/episode_000407.parquet
Demonstrations,5,,,,408,,350,1,/data/libero_mem_baseline/lerobot/libero-mem/LIBERO-Mem-Lerobot/data/chunk-000/episode_000408.parquet
Demonstrations,5,,,,409,,431,1,/data/libero_mem_baseline/lerobot/libero-mem/LIBERO-Mem-Lerobot/data/chunk-000/episode_000409.parquet
Demonstrations,5,,,,410,,403,1,/data/libero_mem_baseline/lerobot/libero-mem/LIBERO-Mem-Lerobot/data/chunk-000/episode_000410.parquet
Demonstrations,5,,,,411,,439,1,/data/libero_mem_baseline/lerobot/libero-mem/LIBERO-Mem-Lerobot/data/chunk-000/episode_000411.parquet
Demonstrations,5,,,,412,,365,1,/data/libero_mem_baseline/lerobot/libero-mem/LIBERO-Mem-Lerobot/data/chunk-000/episode_000412.parquet
Demonstrations,5,,,,413,,367,1,/data/libero_mem_baseline/lerobot/libero-mem/LIBERO-Mem-Lerobot/data/chunk-000/episode_000413.parquet
Demonstrations,5,,,,414,,395,1,/data/libero_mem_baseline/lerobot/libero-mem/LIBERO-Mem-Lerobot/data/chunk-000/episode_000414.parquet
Demonstrations,5,,,,415,,392,1,/data/libero_mem_baseline/lerobot/libero-mem/LIBERO-Mem-Lerobot/data/chunk-000/episode_000415.parquet
Demonstrations,5,,,,416,,443,1,/data/libero_mem_baseline/lerobot/libero-mem/LIBERO-Mem-Lerobot/data/chunk-000/episode_000416.parquet
Demonstrations,5,,,,417,,362,1,/data/libero_mem_baseline/lerobot/libero-mem/LIBERO-Mem-Lerobot/data/chunk-000/episode_000417.parquet
Demonstrations,5,,,,418,,372,1,/data/libero_mem_baseline/lerobot/libero-mem/LIBERO-Mem-Lerobot/data/chunk-000/episode_000418.parquet
Demonstrations,5,,,,419,,380,1,/data/libero_mem_baseline/lerobot/libero-mem/LIBERO-Mem-Lerobot/data/chunk-000/episode_000419.parquet
Demonstrations,5,,,,420,,401,1,/data/libero_mem_baseline/lerobot/libero-mem/LIBERO-Mem-Lerobot/data/chunk-000/episode_000420.parquet
Demonstrations,5,,,,421,,369,1,/data/libero_mem_baseline/lerobot/libero-mem/LIBERO-Mem-Lerobot/data/chunk-000/episode_000421.parquet
Demonstrations,5,,,,422,,401,1,/data/libero_mem_baseline/lerobot/libero-mem/LIBERO-Mem-Lerobot/data/chunk-000/episode_000422.parquet
Demonstrations,5,,,,423,,453,1,/data/libero_mem_baseline/lerobot/libero-mem/LIBERO-Mem-Lerobot/data/chunk-000/episode_000423.parquet
Demonstrations,5,,,,424,,413,1,/data/libero_mem_baseline/lerobot/libero-mem/LIBERO-Mem-Lerobot/data/chunk-000/episode_000424.parquet
Demonstrations,5,,,,425,,380,1,/data/libero_mem_baseline/lerobot/libero-mem/LIBERO-Mem-Lerobot/data/chunk-000/episode_000425.parquet
Demonstrations,5,,,,426,,450,1,/data/libero_mem_baseline/lerobot/libero-mem/LIBERO-Mem-Lerobot/data/chunk-000/episode_000426.parquet
Demonstrations,5,,,,427,,378,1,/data/libero_mem_baseline/lerobot/libero-mem/LIBERO-Mem-Lerobot/data/chunk-000/episode_000427.parquet
Demonstrations,5,,,,428,,396,1,/data/libero_mem_baseline/lerobot/libero-mem/LIBERO-Mem-Lerobot/data/chunk-000/episode_000428.parquet
Demonstrations,5,,,,429,,398,1,/data/libero_mem_baseline/lerobot/libero-mem/LIBERO-Mem-Lerobot/data/chunk-000/episode_000429.parquet
Demonstrations,5,,,,430,,398,1,/data/libero_mem_baseline/lerobot/libero-mem/LIBERO-Mem-Lerobot/data/chunk-000/episode_000430.parquet
Demonstrations,5,,,,431,,447,1,/data/libero_mem_baseline/lerobot/libero-mem/LIBERO-Mem-Lerobot/data/chunk-000/episode_000431.parquet
Demonstrations,5,,,,432,,369,1,/data/libero_mem_baseline/lerobot/libero-mem/LIBERO-Mem-Lerobot/data/chunk-000/episode_000432.parquet
Demonstrations,5,,,,433,,393,1,/data/libero_mem_baseline/lerobot/libero-mem/LIBERO-Mem-Lerobot/data/chunk-000/episode_000433.parquet
Demonstrations,5,,,,434,,358,1,/data/libero_mem_baseline/lerobot/libero-mem/LIBERO-Mem-Lerobot/data/chunk-000/episode_000434.parquet
Demonstrations,5,,,,435,,371,1,/data/libero_mem_baseline/lerobot/libero-mem/LIBERO-Mem-Lerobot/data/chunk-000/episode_000435.parquet
Demonstrations,5,,,,436,,420,1,/data/libero_mem_baseline/lerobot/libero-mem/LIBERO-Mem-Lerobot/data/chunk-000/episode_000436.parquet
Demonstrations,5,,,,437,,420,1,/data/libero_mem_baseline/lerobot/libero-mem/LIBERO-Mem-Lerobot/data/chunk-000/episode_000437.parquet
Demonstrations,5,,,,438,,370,1,/data/libero_mem_baseline/lerobot/libero-mem/LIBERO-Mem-Lerobot/data/chunk-000/episode_000438.parquet
Demonstrations,5,,,,439,,373,1,/data/libero_mem_baseline/lerobot/libero-mem/LIBERO-Mem-Lerobot/data/chunk-000/episode_000439.parquet
Demonstrations,5,,,,440,,376,1,/data/libero_mem_baseline/lerobot/libero-mem/LIBERO-Mem-Lerobot/data/chunk-000/episode_000440.parquet
Demonstrations,5,,,,441,,347,1,/data/libero_mem_baseline/lerobot/libero-mem/LIBERO-Mem-Lerobot/data/chunk-000/episode_000441.parquet
Demonstrations,5,,,,442,,398,1,/data/libero_mem_baseline/lerobot/libero-mem/LIBERO-Mem-Lerobot/data/chunk-000/episode_000442.parquet
Demonstrations,5,,,,443,,393,1,/data/libero_mem_baseline/lerobot/libero-mem/LIBERO-Mem-Lerobot/data/chunk-000/episode_000443.parquet
Demonstrations,5,,,,444,,368,1,/data/libero_mem_baseline/lerobot/libero-mem/LIBERO-Mem-Lerobot/data/chunk-000/episode_000444.parquet
Demonstrations,5,,,,445,,355,1,/data/libero_mem_baseline/lerobot/libero-mem/LIBERO-Mem-Lerobot/data/chunk-000/episode_000445.parquet
Demonstrations,5,,,,446,,382,1,/data/libero_mem_baseline/lerobot/libero-mem/LIBERO-Mem-Lerobot/data/chunk-000/episode_000446.parquet
Demonstrations,5,,,,447,,377,1,/data/libero_mem_baseline/lerobot/libero-mem/LIBERO-Mem-Lerobot/data/chunk-000/episode_000447.parquet
Demonstrations,5,,,,448,,378,1,/data/libero_mem_baseline/lerobot/libero-mem/LIBERO-Mem-Lerobot/data/chunk-000/episode_000448.parquet
Demonstrations,5,,,,449,,391,1,/data/libero_mem_baseline/lerobot/libero-mem/LIBERO-Mem-Lerobot/data/chunk-000/episode_000449.parquet
Demonstrations,5,,,,450,,351,1,/data/libero_mem_baseline/lerobot/libero-mem/LIBERO-Mem-Lerobot/data/chunk-000/episode_000450.parquet
Demonstrations,5,,,,451,,396,1,/data/libero_mem_baseline/lerobot/libero-mem/LIBERO-Mem-Lerobot/data/chunk-000/episode_000451.parquet
Demonstrations,5,,,,452,,373,1,/data/libero_mem_baseline/lerobot/libero-mem/LIBERO-Mem-Lerobot/data/chunk-000/episode_000452.parquet
Demonstrations,5,,,,453,,351,1,/data/libero_mem_baseline/lerobot/libero-mem/LIBERO-Mem-Lerobot/data/chunk-000/episode_000453.parquet
Demonstrations,5,,,,454,,444,1,/data/libero_mem_baseline/lerobot/libero-mem/LIBERO-Mem-Lerobot/data/chunk-000/episode_000454.parquet
Demonstrations,5,,,,455,,363,1,/data/libero_mem_baseline/lerobot/libero-mem/LIBERO-Mem-Lerobot/data/chunk-000/episode_000455.parquet
Demonstrations,5,,,,456,,362,1,/data/libero_mem_baseline/lerobot/libero-mem/LIBERO-Mem-Lerobot/data/chunk-000/episode_000456.parquet
Demonstrations,5,,,,457,,406,1,/data/libero_mem_baseline/lerobot/libero-mem/LIBERO-Mem-Lerobot/data/chunk-000/episode_000457.parquet
Demonstrations,5,,,,458,,391,1,/data/libero_mem_baseline/lerobot/libero-mem/LIBERO-Mem-Lerobot/data/chunk-000/episode_000458.parquet
Demonstrations,5,,,,459,,409,1,/data/libero_mem_baseline/lerobot/libero-mem/LIBERO-Mem-Lerobot/data/chunk-000/episode_000459.parquet
Demonstrations,5,,,,460,,405,1,/data/libero_mem_baseline/lerobot/libero-mem/LIBERO-Mem-Lerobot/data/chunk-000/episode_000460.parquet
Demonstrations,5,,,,461,,353,1,/data/libero_mem_baseline/lerobot/libero-mem/LIBERO-Mem-Lerobot/data/chunk-000/episode_000461.parquet
Demonstrations,5,,,,462,,385,1,/data/libero_mem_baseline/lerobot/libero-mem/LIBERO-Mem-Lerobot/data/chunk-000/episode_000462.parquet
Demonstrations,5,,,,463,,415,1,/data/libero_mem_baseline/lerobot/libero-mem/LIBERO-Mem-Lerobot/data/chunk-000/episode_000463.parquet
Demonstrations,5,,,,464,,399,1,/data/libero_mem_baseline/lerobot/libero-mem/LIBERO-Mem-Lerobot/data/chunk-000/episode_000464.parquet
Demonstrations,5,,,,465,,355,1,/data/libero_mem_baseline/lerobot/libero-mem/LIBERO-Mem-Lerobot/data/chunk-000/episode_000465.parquet
Demonstrations,5,,,,466,,384,1,/data/libero_mem_baseline/lerobot/libero-mem/LIBERO-Mem-Lerobot/data/chunk-000/episode_000466.parquet
Demonstrations,5,,,,467,,450,1,/data/libero_mem_baseline/lerobot/libero-mem/LIBERO-Mem-Lerobot/data/chunk-000/episode_000467.parquet
Demonstrations,5,,,,468,,357,1,/data/libero_mem_baseline/lerobot/libero-mem/LIBERO-Mem-Lerobot/data/chunk-000/episode_000468.parquet
Demonstrations,5,,,,469,,365,1,/data/libero_mem_baseline/lerobot/libero-mem/LIBERO-Mem-Lerobot/data/chunk-000/episode_000469.parquet
Demonstrations,5,,,,470,,387,1,/data/libero_mem_baseline/lerobot/libero-mem/LIBERO-Mem-Lerobot/data/chunk-000/episode_000470.parquet
Demonstrations,5,,,,471,,455,1,/data/libero_mem_baseline/lerobot/libero-mem/LIBERO-Mem-Lerobot/data/chunk-000/episode_000471.parquet
Demonstrations,5,,,,472,,382,1,/data/libero_mem_baseline/lerobot/libero-mem/LIBERO-Mem-Lerobot/data/chunk-000/episode_000472.parquet
Demonstrations,5,,,,473,,371,1,/data/libero_mem_baseline/lerobot/libero-mem/LIBERO-Mem-Lerobot/data/chunk-000/episode_000473.parquet
Demonstrations,5,,,,474,,382,1,/data/libero_mem_baseline/lerobot/libero-mem/LIBERO-Mem-Lerobot/data/chunk-000/episode_000474.parquet
Demonstrations,5,,,,475,,376,1,/data/libero_mem_baseline/lerobot/libero-mem/LIBERO-Mem-Lerobot/data/chunk-000/episode_000475.parquet
Demonstrations,5,,,,476,,375,1,/data/libero_mem_baseline/lerobot/libero-mem/LIBERO-Mem-Lerobot/data/chunk-000/episode_000476.parquet
Demonstrations,5,,,,477,,389,1,/data/libero_mem_baseline/lerobot/libero-mem/LIBERO-Mem-Lerobot/data/chunk-000/episode_000477.parquet
Demonstrations,5,,,,478,,369,1,/data/libero_mem_baseline/lerobot/libero-mem/LIBERO-Mem-Lerobot/data/chunk-000/episode_000478.parquet
Demonstrations,5,,,,479,,406,1,/data/libero_mem_baseline/lerobot/libero-mem/LIBERO-Mem-Lerobot/data/chunk-000/episode_000479.parquet
Demonstrations,5,,,,480,,380,1,/data/libero_mem_baseline/lerobot/libero-mem/LIBERO-Mem-Lerobot/data/chunk-000/episode_000480.parquet
Demonstrations,5,,,,481,,426,1,/data/libero_mem_baseline/lerobot/libero-mem/LIBERO-Mem-Lerobot/data/chunk-000/episode_000481.parquet
Demonstrations,5,,,,482,,380,1,/data/libero_mem_baseline/lerobot/libero-mem/LIBERO-Mem-Lerobot/data/chunk-000/episode_000482.parquet
Demonstrations,5,,,,483,,402,1,/data/libero_mem_baseline/lerobot/libero-mem/LIBERO-Mem-Lerobot/data/chunk-000/episode_000483.parquet
Demonstrations,5,,,,484,,382,1,/data/libero_mem_baseline/lerobot/libero-mem/LIBERO-Mem-Lerobot/data/chunk-000/episode_000484.parquet
Demonstrations,5,,,,485,,446,1,/data/libero_mem_baseline/lerobot/libero-mem/LIBERO-Mem-Lerobot/data/chunk-000/episode_000485.parquet
Demonstrations,5,,,,486,,388,1,/data/libero_mem_baseline/lerobot/libero-mem/LIBERO-Mem-Lerobot/data/chunk-000/episode_000486.parquet
Demonstrations,5,,,,487,,373,1,/data/libero_mem_baseline/lerobot/libero-mem/LIBERO-Mem-Lerobot/data/chunk-000/episode_000487.parquet
Demonstrations,5,,,,488,,438,1,/data/libero_mem_baseline/lerobot/libero-mem/LIBERO-Mem-Lerobot/data/chunk-000/episode_000488.parquet
Demonstrations,5,,,,489,,422,1,/data/libero_mem_baseline/lerobot/libero-mem/LIBERO-Mem-Lerobot/data/chunk-000/episode_000489.parquet
Demonstrations,5,,,,490,,395,1,/data/libero_mem_baseline/lerobot/libero-mem/LIBERO-Mem-Lerobot/data/chunk-000/episode_000490.parquet
Demonstrations,5,,,,491,,411,1,/data/libero_mem_baseline/lerobot/libero-mem/LIBERO-Mem-Lerobot/data/chunk-000/episode_000491.parquet
Demonstrations,6,,,,492,,528,1,/data/libero_mem_baseline/lerobot/libero-mem/LIBERO-Mem-Lerobot/data/chunk-000/episode_000492.parquet
Demonstrations,6,,,,493,,588,1,/data/libero_mem_baseline/lerobot/libero-mem/LIBERO-Mem-Lerobot/data/chunk-000/episode_000493.parquet
Demonstrations,6,,,,494,,554,1,/data/libero_mem_baseline/lerobot/libero-mem/LIBERO-Mem-Lerobot/data/chunk-000/episode_000494.parquet
Demonstrations,6,,,,495,,548,1,/data/libero_mem_baseline/lerobot/libero-mem/LIBERO-Mem-Lerobot/data/chunk-000/episode_000495.parquet
Demonstrations,6,,,,496,,649,1,/data/libero_mem_baseline/lerobot/libero-mem/LIBERO-Mem-Lerobot/data/chunk-000/episode_000496.parquet
Demonstrations,6,,,,497,,525,1,/data/libero_mem_baseline/lerobot/libero-mem/LIBERO-Mem-Lerobot/data/chunk-000/episode_000497.parquet
Demonstrations,6,,,,498,,578,1,/data/libero_mem_baseline/lerobot/libero-mem/LIBERO-Mem-Lerobot/data/chunk-000/episode_000498.parquet
Demonstrations,6,,,,499,,586,1,/data/libero_mem_baseline/lerobot/libero-mem/LIBERO-Mem-Lerobot/data/chunk-000/episode_000499.parquet
Demonstrations,6,,,,500,,616,1,/data/libero_mem_baseline/lerobot/libero-mem/LIBERO-Mem-Lerobot/data/chunk-000/episode_000500.parquet
Demonstrations,6,,,,501,,566,1,/data/libero_mem_baseline/lerobot/libero-mem/LIBERO-Mem-Lerobot/data/chunk-000/episode_000501.parquet
Demonstrations,6,,,,502,,595,1,/data/libero_mem_baseline/lerobot/libero-mem/LIBERO-Mem-Lerobot/data/chunk-000/episode_000502.parquet
Demonstrations,6,,,,503,,637,1,/data/libero_mem_baseline/lerobot/libero-mem/LIBERO-Mem-Lerobot/data/chunk-000/episode_000503.parquet
Demonstrations,6,,,,504,,626,1,/data/libero_mem_baseline/lerobot/libero-mem/LIBERO-Mem-Lerobot/data/chunk-000/episode_000504.parquet
Demonstrations,6,,,,505,,583,1,/data/libero_mem_baseline/lerobot/libero-mem/LIBERO-Mem-Lerobot/data/chunk-000/episode_000505.parquet
Demonstrations,6,,,,506,,588,1,/data/libero_mem_baseline/lerobot/libero-mem/LIBERO-Mem-Lerobot/data/chunk-000/episode_000506.parquet
Demonstrations,6,,,,507,,640,1,/data/libero_mem_baseline/lerobot/libero-mem/LIBERO-Mem-Lerobot/data/chunk-000/episode_000507.parquet
Demonstrations,6,,,,508,,607,1,/data/libero_mem_baseline/lerobot/libero-mem/LIBERO-Mem-Lerobot/data/chunk-000/episode_000508.parquet
Demonstrations,6,,,,509,,658,1,/data/libero_mem_baseline/lerobot/libero-mem/LIBERO-Mem-Lerobot/data/chunk-000/episode_000509.parquet
Demonstrations,6,,,,510,,604,1,/data/libero_mem_baseline/lerobot/libero-mem/LIBERO-Mem-Lerobot/data/chunk-000/episode_000510.parquet
Demonstrations,6,,,,511,,544,1,/data/libero_mem_baseline/lerobot/libero-mem/LIBERO-Mem-Lerobot/data/chunk-000/episode_000511.parquet
Demonstrations,6,,,,512,,599,1,/data/libero_mem_baseline/lerobot/libero-mem/LIBERO-Mem-Lerobot/data/chunk-000/episode_000512.parquet
Demonstrations,6,,,,513,,595,1,/data/libero_mem_baseline/lerobot/libero-mem/LIBERO-Mem-Lerobot/data/chunk-000/episode_000513.parquet
Demonstrations,6,,,,514,,613,1,/data/libero_mem_baseline/lerobot/libero-mem/LIBERO-Mem-Lerobot/data/chunk-000/episode_000514.parquet
Demonstrations,6,,,,515,,605,1,/data/libero_mem_baseline/lerobot/libero-mem/LIBERO-Mem-Lerobot/data/chunk-000/episode_000515.parquet
Demonstrations,6,,,,516,,591,1,/data/libero_mem_baseline/lerobot/libero-mem/LIBERO-Mem-Lerobot/data/chunk-000/episode_000516.parquet
Demonstrations,6,,,,517,,609,1,/data/libero_mem_baseline/lerobot/libero-mem/LIBERO-Mem-Lerobot/data/chunk-000/episode_000517.parquet
Demonstrations,6,,,,518,,538,1,/data/libero_mem_baseline/lerobot/libero-mem/LIBERO-Mem-Lerobot/data/chunk-000/episode_000518.parquet
Demonstrations,6,,,,519,,580,1,/data/libero_mem_baseline/lerobot/libero-mem/LIBERO-Mem-Lerobot/data/chunk-000/episode_000519.parquet
Demonstrations,6,,,,520,,633,1,/data/libero_mem_baseline/lerobot/libero-mem/LIBERO-Mem-Lerobot/data/chunk-000/episode_000520.parquet
Demonstrations,6,,,,521,,602,1,/data/libero_mem_baseline/lerobot/libero-mem/LIBERO-Mem-Lerobot/data/chunk-000/episode_000521.parquet
Demonstrations,6,,,,522,,606,1,/data/libero_mem_baseline/lerobot/libero-mem/LIBERO-Mem-Lerobot/data/chunk-000/episode_000522.parquet
Demonstrations,6,,,,523,,578,1,/data/libero_mem_baseline/lerobot/libero-mem/LIBERO-Mem-Lerobot/data/chunk-000/episode_000523.parquet
Demonstrations,6,,,,524,,583,1,/data/libero_mem_baseline/lerobot/libero-mem/LIBERO-Mem-Lerobot/data/chunk-000/episode_000524.parquet
Demonstrations,6,,,,525,,580,1,/data/libero_mem_baseline/lerobot/libero-mem/LIBERO-Mem-Lerobot/data/chunk-000/episode_000525.parquet
Demonstrations,6,,,,526,,587,1,/data/libero_mem_baseline/lerobot/libero-mem/LIBERO-Mem-Lerobot/data/chunk-000/episode_000526.parquet
Demonstrations,6,,,,527,,568,1,/data/libero_mem_baseline/lerobot/libero-mem/LIBERO-Mem-Lerobot/data/chunk-000/episode_000527.parquet
Demonstrations,6,,,,528,,605,1,/data/libero_mem_baseline/lerobot/libero-mem/LIBERO-Mem-Lerobot/data/chunk-000/episode_000528.parquet
Demonstrations,6,,,,529,,604,1,/data/libero_mem_baseline/lerobot/libero-mem/LIBERO-Mem-Lerobot/data/chunk-000/episode_000529.parquet
Demonstrations,6,,,,530,,564,1,/data/libero_mem_baseline/lerobot/libero-mem/LIBERO-Mem-Lerobot/data/chunk-000/episode_000530.parquet
Demonstrations,6,,,,531,,553,1,/data/libero_mem_baseline/lerobot/libero-mem/LIBERO-Mem-Lerobot/data/chunk-000/episode_000531.parquet
Demonstrations,6,,,,532,,588,1,/data/libero_mem_baseline/lerobot/libero-mem/LIBERO-Mem-Lerobot/data/chunk-000/episode_000532.parquet
Demonstrations,6,,,,533,,543,1,/data/libero_mem_baseline/lerobot/libero-mem/LIBERO-Mem-Lerobot/data/chunk-000/episode_000533.parquet
Demonstrations,6,,,,534,,545,1,/data/libero_mem_baseline/lerobot/libero-mem/LIBERO-Mem-Lerobot/data/chunk-000/episode_000534.parquet
Demonstrations,6,,,,535,,579,1,/data/libero_mem_baseline/lerobot/libero-mem/LIBERO-Mem-Lerobot/data/chunk-000/episode_000535.parquet
Demonstrations,6,,,,536,,619,1,/data/libero_mem_baseline/lerobot/libero-mem/LIBERO-Mem-Lerobot/data/chunk-000/episode_000536.parquet
Demonstrations,6,,,,537,,529,1,/data/libero_mem_baseline/lerobot/libero-mem/LIBERO-Mem-Lerobot/data/chunk-000/episode_000537.parquet
Demonstrations,6,,,,538,,549,1,/data/libero_mem_baseline/lerobot/libero-mem/LIBERO-Mem-Lerobot/data/chunk-000/episode_000538.parquet
Demonstrations,6,,,,539,,556,1,/data/libero_mem_baseline/lerobot/libero-mem/LIBERO-Mem-Lerobot/data/chunk-000/episode_000539.parquet
Demonstrations,6,,,,540,,582,1,/data/libero_mem_baseline/lerobot/libero-mem/LIBERO-Mem-Lerobot/data/chunk-000/episode_000540.parquet
Demonstrations,6,,,,541,,547,1,/data/libero_mem_baseline/lerobot/libero-mem/LIBERO-Mem-Lerobot/data/chunk-000/episode_000541.parquet
Demonstrations,6,,,,542,,569,1,/data/libero_mem_baseline/lerobot/libero-mem/LIBERO-Mem-Lerobot/data/chunk-000/episode_000542.parquet
Demonstrations,6,,,,543,,556,1,/data/libero_mem_baseline/lerobot/libero-mem/LIBERO-Mem-Lerobot/data/chunk-000/episode_000543.parquet
Demonstrations,6,,,,544,,555,1,/data/libero_mem_baseline/lerobot/libero-mem/LIBERO-Mem-Lerobot/data/chunk-000/episode_000544.parquet
Demonstrations,6,,,,545,,563,1,/data/libero_mem_baseline/lerobot/libero-mem/LIBERO-Mem-Lerobot/data/chunk-000/episode_000545.parquet
Demonstrations,6,,,,546,,552,1,/data/libero_mem_baseline/lerobot/libero-mem/LIBERO-Mem-Lerobot/data/chunk-000/episode_000546.parquet
Demonstrations,6,,,,547,,514,1,/data/libero_mem_baseline/lerobot/libero-mem/LIBERO-Mem-Lerobot/data/chunk-000/episode_000547.parquet
Demonstrations,6,,,,548,,485,1,/data/libero_mem_baseline/lerobot/libero-mem/LIBERO-Mem-Lerobot/data/chunk-000/episode_000548.parquet
Demonstrations,6,,,,549,,518,1,/data/libero_mem_baseline/lerobot/libero-mem/LIBERO-Mem-Lerobot/data/chunk-000/episode_000549.parquet
Demonstrations,6,,,,550,,514,1,/data/libero_mem_baseline/lerobot/libero-mem/LIBERO-Mem-Lerobot/data/chunk-000/episode_000550.parquet
Demonstrations,6,,,,551,,502,1,/data/libero_mem_baseline/lerobot/libero-mem/LIBERO-Mem-Lerobot/data/chunk-000/episode_000551.parquet
Demonstrations,6,,,,552,,481,1,/data/libero_mem_baseline/lerobot/libero-mem/LIBERO-Mem-Lerobot/data/chunk-000/episode_000552.parquet
Demonstrations,6,,,,553,,505,1,/data/libero_mem_baseline/lerobot/libero-mem/LIBERO-Mem-Lerobot/data/chunk-000/episode_000553.parquet
Demonstrations,6,,,,554,,515,1,/data/libero_mem_baseline/lerobot/libero-mem/LIBERO-Mem-Lerobot/data/chunk-000/episode_000554.parquet
Demonstrations,6,,,,555,,508,1,/data/libero_mem_baseline/lerobot/libero-mem/LIBERO-Mem-Lerobot/data/chunk-000/episode_000555.parquet
Demonstrations,6,,,,556,,586,1,/data/libero_mem_baseline/lerobot/libero-mem/LIBERO-Mem-Lerobot/data/chunk-000/episode_000556.parquet
Demonstrations,6,,,,557,,559,1,/data/libero_mem_baseline/lerobot/libero-mem/LIBERO-Mem-Lerobot/data/chunk-000/episode_000557.parquet
Demonstrations,6,,,,558,,553,1,/data/libero_mem_baseline/lerobot/libero-mem/LIBERO-Mem-Lerobot/data/chunk-000/episode_000558.parquet
Demonstrations,6,,,,559,,513,1,/data/libero_mem_baseline/lerobot/libero-mem/LIBERO-Mem-Lerobot/data/chunk-000/episode_000559.parquet
Demonstrations,6,,,,560,,536,1,/data/libero_mem_baseline/lerobot/libero-mem/LIBERO-Mem-Lerobot/data/chunk-000/episode_000560.parquet
Demonstrations,6,,,,561,,548,1,/data/libero_mem_baseline/lerobot/libero-mem/LIBERO-Mem-Lerobot/data/chunk-000/episode_000561.parquet
Demonstrations,6,,,,562,,596,1,/data/libero_mem_baseline/lerobot/libero-mem/LIBERO-Mem-Lerobot/data/chunk-000/episode_000562.parquet
Demonstrations,6,,,,563,,598,1,/data/libero_mem_baseline/lerobot/libero-mem/LIBERO-Mem-Lerobot/data/chunk-000/episode_000563.parquet
Demonstrations,6,,,,564,,549,1,/data/libero_mem_baseline/lerobot/libero-mem/LIBERO-Mem-Lerobot/data/chunk-000/episode_000564.parquet
Demonstrations,6,,,,565,,521,1,/data/libero_mem_baseline/lerobot/libero-mem/LIBERO-Mem-Lerobot/data/chunk-000/episode_000565.parquet
Demonstrations,6,,,,566,,527,1,/data/libero_mem_baseline/lerobot/libero-mem/LIBERO-Mem-Lerobot/data/chunk-000/episode_000566.parquet
Demonstrations,6,,,,567,,546,1,/data/libero_mem_baseline/lerobot/libero-mem/LIBERO-Mem-Lerobot/data/chunk-000/episode_000567.parquet
Demonstrations,6,,,,568,,526,1,/data/libero_mem_baseline/lerobot/libero-mem/LIBERO-Mem-Lerobot/data/chunk-000/episode_000568.parquet
Demonstrations,6,,,,569,,555,1,/data/libero_mem_baseline/lerobot/libero-mem/LIBERO-Mem-Lerobot/data/chunk-000/episode_000569.parquet
Demonstrations,6,,,,570,,525,1,/data/libero_mem_baseline/lerobot/libero-mem/LIBERO-Mem-Lerobot/data/chunk-000/episode_000570.parquet
Demonstrations,6,,,,571,,567,1,/data/libero_mem_baseline/lerobot/libero-mem/LIBERO-Mem-Lerobot/data/chunk-000/episode_000571.parquet
Demonstrations,6,,,,572,,550,1,/data/libero_mem_baseline/lerobot/libero-mem/LIBERO-Mem-Lerobot/data/chunk-000/episode_000572.parquet
Demonstrations,6,,,,573,,516,1,/data/libero_mem_baseline/lerobot/libero-mem/LIBERO-Mem-Lerobot/data/chunk-000/episode_000573.parquet
Demonstrations,6,,,,574,,529,1,/data/libero_mem_baseline/lerobot/libero-mem/LIBERO-Mem-Lerobot/data/chunk-000/episode_000574.parquet
Demonstrations,6,,,,575,,600,1,/data/libero_mem_baseline/lerobot/libero-mem/LIBERO-Mem-Lerobot/data/chunk-000/episode_000575.parquet
Demonstrations,6,,,,576,,546,1,/data/libero_mem_baseline/lerobot/libero-mem/LIBERO-Mem-Lerobot/data/chunk-000/episode_000576.parquet
Demonstrations,6,,,,577,,584,1,/data/libero_mem_baseline/lerobot/libero-mem/LIBERO-Mem-Lerobot/data/chunk-000/episode_000577.parquet
Demonstrations,6,,,,578,,509,1,/data/libero_mem_baseline/lerobot/libero-mem/LIBERO-Mem-Lerobot/data/chunk-000/episode_000578.parquet
Demonstrations,6,,,,579,,566,1,/data/libero_mem_baseline/lerobot/libero-mem/LIBERO-Mem-Lerobot/data/chunk-000/episode_000579.parquet
Demonstrations,6,,,,580,,587,1,/data/libero_mem_baseline/lerobot/libero-mem/LIBERO-Mem-Lerobot/data/chunk-000/episode_000580.parquet
Demonstrations,6,,,,581,,564,1,/data/libero_mem_baseline/lerobot/libero-mem/LIBERO-Mem-Lerobot/data/chunk-000/episode_000581.parquet
Demonstrations,6,,,,582,,544,1,/data/libero_mem_baseline/lerobot/libero-mem/LIBERO-Mem-Lerobot/data/chunk-000/episode_000582.parquet
Demonstrations,6,,,,583,,579,1,/data/libero_mem_baseline/lerobot/libero-mem/LIBERO-Mem-Lerobot/data/chunk-000/episode_000583.parquet
Demonstrations,6,,,,584,,558,1,/data/libero_mem_baseline/lerobot/libero-mem/LIBERO-Mem-Lerobot/data/chunk-000/episode_000584.parquet
Demonstrations,6,,,,585,,519,1,/data/libero_mem_baseline/lerobot/libero-mem/LIBERO-Mem-Lerobot/data/chunk-000/episode_000585.parquet
Demonstrations,6,,,,586,,542,1,/data/libero_mem_baseline/lerobot/libero-mem/LIBERO-Mem-Lerobot/data/chunk-000/episode_000586.parquet
Demonstrations,6,,,,587,,509,1,/data/libero_mem_baseline/lerobot/libero-mem/LIBERO-Mem-Lerobot/data/chunk-000/episode_000587.parquet
Demonstrations,6,,,,588,,550,1,/data/libero_mem_baseline/lerobot/libero-mem/LIBERO-Mem-Lerobot/data/chunk-000/episode_000588.parquet
Demonstrations,6,,,,589,,574,1,/data/libero_mem_baseline/lerobot/libero-mem/LIBERO-Mem-Lerobot/data/chunk-000/episode_000589.parquet
Demonstrations,6,,,,590,,539,1,/data/libero_mem_baseline/lerobot/libero-mem/LIBERO-Mem-Lerobot/data/chunk-000/episode_000590.parquet
Demonstrations,6,,,,591,,522,1,/data/libero_mem_baseline/lerobot/libero-mem/LIBERO-Mem-Lerobot/data/chunk-000/episode_000591.parquet
Demonstrations,7,,,,592,,425,1,/data/libero_mem_baseline/lerobot/libero-mem/LIBERO-Mem-Lerobot/data/chunk-000/episode_000592.parquet
Demonstrations,7,,,,593,,384,1,/data/libero_mem_baseline/lerobot/libero-mem/LIBERO-Mem-Lerobot/data/chunk-000/episode_000593.parquet
Demonstrations,7,,,,594,,338,1,/data/libero_mem_baseline/lerobot/libero-mem/LIBERO-Mem-Lerobot/data/chunk-000/episode_000594.parquet
Demonstrations,7,,,,595,,406,1,/data/libero_mem_baseline/lerobot/libero-mem/LIBERO-Mem-Lerobot/data/chunk-000/episode_000595.parquet
Demonstrations,7,,,,596,,363,1,/data/libero_mem_baseline/lerobot/libero-mem/LIBERO-Mem-Lerobot/data/chunk-000/episode_000596.parquet
Demonstrations,7,,,,597,,406,1,/data/libero_mem_baseline/lerobot/libero-mem/LIBERO-Mem-Lerobot/data/chunk-000/episode_000597.parquet
Demonstrations,7,,,,598,,463,1,/data/libero_mem_baseline/lerobot/libero-mem/LIBERO-Mem-Lerobot/data/chunk-000/episode_000598.parquet
Demonstrations,7,,,,599,,473,1,/data/libero_mem_baseline/lerobot/libero-mem/LIBERO-Mem-Lerobot/data/chunk-000/episode_000599.parquet
Demonstrations,7,,,,600,,437,1,/data/libero_mem_baseline/lerobot/libero-mem/LIBERO-Mem-Lerobot/data/chunk-000/episode_000600.parquet
Demonstrations,7,,,,601,,424,1,/data/libero_mem_baseline/lerobot/libero-mem/LIBERO-Mem-Lerobot/data/chunk-000/episode_000601.parquet
Demonstrations,7,,,,602,,345,1,/data/libero_mem_baseline/lerobot/libero-mem/LIBERO-Mem-Lerobot/data/chunk-000/episode_000602.parquet
Demonstrations,7,,,,603,,433,1,/data/libero_mem_baseline/lerobot/libero-mem/LIBERO-Mem-Lerobot/data/chunk-000/episode_000603.parquet
Demonstrations,7,,,,604,,354,1,/data/libero_mem_baseline/lerobot/libero-mem/LIBERO-Mem-Lerobot/data/chunk-000/episode_000604.parquet
Demonstrations,7,,,,605,,388,1,/data/libero_mem_baseline/lerobot/libero-mem/LIBERO-Mem-Lerobot/data/chunk-000/episode_000605.parquet
Demonstrations,7,,,,606,,474,1,/data/libero_mem_baseline/lerobot/libero-mem/LIBERO-Mem-Lerobot/data/chunk-000/episode_000606.parquet
Demonstrations,7,,,,607,,398,1,/data/libero_mem_baseline/lerobot/libero-mem/LIBERO-Mem-Lerobot/data/chunk-000/episode_000607.parquet
Demonstrations,7,,,,608,,429,1,/data/libero_mem_baseline/lerobot/libero-mem/LIBERO-Mem-Lerobot/data/chunk-000/episode_000608.parquet
Demonstrations,7,,,,609,,474,1,/data/libero_mem_baseline/lerobot/libero-mem/LIBERO-Mem-Lerobot/data/chunk-000/episode_000609.parquet
Demonstrations,7,,,,610,,361,1,/data/libero_mem_baseline/lerobot/libero-mem/LIBERO-Mem-Lerobot/data/chunk-000/episode_000610.parquet
Demonstrations,7,,,,611,,399,1,/data/libero_mem_baseline/lerobot/libero-mem/LIBERO-Mem-Lerobot/data/chunk-000/episode_000611.parquet
Demonstrations,7,,,,612,,394,1,/data/libero_mem_baseline/lerobot/libero-mem/LIBERO-Mem-Lerobot/data/chunk-000/episode_000612.parquet
Demonstrations,7,,,,613,,323,1,/data/libero_mem_baseline/lerobot/libero-mem/LIBERO-Mem-Lerobot/data/chunk-000/episode_000613.parquet
Demonstrations,7,,,,614,,355,1,/data/libero_mem_baseline/lerobot/libero-mem/LIBERO-Mem-Lerobot/data/chunk-000/episode_000614.parquet
Demonstrations,7,,,,615,,392,1,/data/libero_mem_baseline/lerobot/libero-mem/LIBERO-Mem-Lerobot/data/chunk-000/episode_000615.parquet
Demonstrations,7,,,,616,,427,1,/data/libero_mem_baseline/lerobot/libero-mem/LIBERO-Mem-Lerobot/data/chunk-000/episode_000616.parquet
Demonstrations,7,,,,617,,362,1,/data/libero_mem_baseline/lerobot/libero-mem/LIBERO-Mem-Lerobot/data/chunk-000/episode_000617.parquet
Demonstrations,7,,,,618,,404,1,/data/libero_mem_baseline/lerobot/libero-mem/LIBERO-Mem-Lerobot/data/chunk-000/episode_000618.parquet
Demonstrations,7,,,,619,,360,1,/data/libero_mem_baseline/lerobot/libero-mem/LIBERO-Mem-Lerobot/data/chunk-000/episode_000619.parquet
Demonstrations,7,,,,620,,403,1,/data/libero_mem_baseline/lerobot/libero-mem/LIBERO-Mem-Lerobot/data/chunk-000/episode_000620.parquet
Demonstrations,7,,,,621,,412,1,/data/libero_mem_baseline/lerobot/libero-mem/LIBERO-Mem-Lerobot/data/chunk-000/episode_000621.parquet
Demonstrations,7,,,,622,,361,1,/data/libero_mem_baseline/lerobot/libero-mem/LIBERO-Mem-Lerobot/data/chunk-000/episode_000622.parquet
Demonstrations,7,,,,623,,387,1,/data/libero_mem_baseline/lerobot/libero-mem/LIBERO-Mem-Lerobot/data/chunk-000/episode_000623.parquet
Demonstrations,7,,,,624,,354,1,/data/libero_mem_baseline/lerobot/libero-mem/LIBERO-Mem-Lerobot/data/chunk-000/episode_000624.parquet
Demonstrations,7,,,,625,,448,1,/data/libero_mem_baseline/lerobot/libero-mem/LIBERO-Mem-Lerobot/data/chunk-000/episode_000625.parquet
Demonstrations,7,,,,626,,485,1,/data/libero_mem_baseline/lerobot/libero-mem/LIBERO-Mem-Lerobot/data/chunk-000/episode_000626.parquet
Demonstrations,7,,,,627,,438,1,/data/libero_mem_baseline/lerobot/libero-mem/LIBERO-Mem-Lerobot/data/chunk-000/episode_000627.parquet
Demonstrations,7,,,,628,,437,1,/data/libero_mem_baseline/lerobot/libero-mem/LIBERO-Mem-Lerobot/data/chunk-000/episode_000628.parquet
Demonstrations,7,,,,629,,399,1,/data/libero_mem_baseline/lerobot/libero-mem/LIBERO-Mem-Lerobot/data/chunk-000/episode_000629.parquet
Demonstrations,7,,,,630,,385,1,/data/libero_mem_baseline/lerobot/libero-mem/LIBERO-Mem-Lerobot/data/chunk-000/episode_000630.parquet
Demonstrations,7,,,,631,,427,1,/data/libero_mem_baseline/lerobot/libero-mem/LIBERO-Mem-Lerobot/data/chunk-000/episode_000631.parquet
Demonstrations,7,,,,632,,454,1,/data/libero_mem_baseline/lerobot/libero-mem/LIBERO-Mem-Lerobot/data/chunk-000/episode_000632.parquet
Demonstrations,7,,,,633,,395,1,/data/libero_mem_baseline/lerobot/libero-mem/LIBERO-Mem-Lerobot/data/chunk-000/episode_000633.parquet
Demonstrations,7,,,,634,,377,1,/data/libero_mem_baseline/lerobot/libero-mem/LIBERO-Mem-Lerobot/data/chunk-000/episode_000634.parquet
Demonstrations,7,,,,635,,400,1,/data/libero_mem_baseline/lerobot/libero-mem/LIBERO-Mem-Lerobot/data/chunk-000/episode_000635.parquet
Demonstrations,7,,,,636,,435,1,/data/libero_mem_baseline/lerobot/libero-mem/LIBERO-Mem-Lerobot/data/chunk-000/episode_000636.parquet
Demonstrations,7,,,,637,,428,1,/data/libero_mem_baseline/lerobot/libero-mem/LIBERO-Mem-Lerobot/data/chunk-000/episode_000637.parquet
Demonstrations,7,,,,638,,426,1,/data/libero_mem_baseline/lerobot/libero-mem/LIBERO-Mem-Lerobot/data/chunk-000/episode_000638.parquet
Demonstrations,7,,,,639,,415,1,/data/libero_mem_baseline/lerobot/libero-mem/LIBERO-Mem-Lerobot/data/chunk-000/episode_000639.parquet
Demonstrations,7,,,,640,,399,1,/data/libero_mem_baseline/lerobot/libero-mem/LIBERO-Mem-Lerobot/data/chunk-000/episode_000640.parquet
Demonstrations,7,,,,641,,402,1,/data/libero_mem_baseline/lerobot/libero-mem/LIBERO-Mem-Lerobot/data/chunk-000/episode_000641.parquet
Demonstrations,7,,,,642,,471,1,/data/libero_mem_baseline/lerobot/libero-mem/LIBERO-Mem-Lerobot/data/chunk-000/episode_000642.parquet
Demonstrations,7,,,,643,,409,1,/data/libero_mem_baseline/lerobot/libero-mem/LIBERO-Mem-Lerobot/data/chunk-000/episode_000643.parquet
Demonstrations,7,,,,644,,468,1,/data/libero_mem_baseline/lerobot/libero-mem/LIBERO-Mem-Lerobot/data/chunk-000/episode_000644.parquet
Demonstrations,7,,,,645,,426,1,/data/libero_mem_baseline/lerobot/libero-mem/LIBERO-Mem-Lerobot/data/chunk-000/episode_000645.parquet
Demonstrations,7,,,,646,,410,1,/data/libero_mem_baseline/lerobot/libero-mem/LIBERO-Mem-Lerobot/data/chunk-000/episode_000646.parquet
Demonstrations,7,,,,647,,484,1,/data/libero_mem_baseline/lerobot/libero-mem/LIBERO-Mem-Lerobot/data/chunk-000/episode_000647.parquet
Demonstrations,7,,,,648,,379,1,/data/libero_mem_baseline/lerobot/libero-mem/LIBERO-Mem-Lerobot/data/chunk-000/episode_000648.parquet
Demonstrations,7,,,,649,,445,1,/data/libero_mem_baseline/lerobot/libero-mem/LIBERO-Mem-Lerobot/data/chunk-000/episode_000649.parquet
Demonstrations,7,,,,650,,421,1,/data/libero_mem_baseline/lerobot/libero-mem/LIBERO-Mem-Lerobot/data/chunk-000/episode_000650.parquet
Demonstrations,7,,,,651,,433,1,/data/libero_mem_baseline/lerobot/libero-mem/LIBERO-Mem-Lerobot/data/chunk-000/episode_000651.parquet
Demonstrations,7,,,,652,,402,1,/data/libero_mem_baseline/lerobot/libero-mem/LIBERO-Mem-Lerobot/data/chunk-000/episode_000652.parquet
Demonstrations,7,,,,653,,340,1,/data/libero_mem_baseline/lerobot/libero-mem/LIBERO-Mem-Lerobot/data/chunk-000/episode_000653.parquet
Demonstrations,7,,,,654,,377,1,/data/libero_mem_baseline/lerobot/libero-mem/LIBERO-Mem-Lerobot/data/chunk-000/episode_000654.parquet
Demonstrations,7,,,,655,,423,1,/data/libero_mem_baseline/lerobot/libero-mem/LIBERO-Mem-Lerobot/data/chunk-000/episode_000655.parquet
Demonstrations,7,,,,656,,388,1,/data/libero_mem_baseline/lerobot/libero-mem/LIBERO-Mem-Lerobot/data/chunk-000/episode_000656.parquet
Demonstrations,7,,,,657,,390,1,/data/libero_mem_baseline/lerobot/libero-mem/LIBERO-Mem-Lerobot/data/chunk-000/episode_000657.parquet
Demonstrations,7,,,,658,,361,1,/data/libero_mem_baseline/lerobot/libero-mem/LIBERO-Mem-Lerobot/data/chunk-000/episode_000658.parquet
Demonstrations,7,,,,659,,404,1,/data/libero_mem_baseline/lerobot/libero-mem/LIBERO-Mem-Lerobot/data/chunk-000/episode_000659.parquet
Demonstrations,7,,,,660,,441,1,/data/libero_mem_baseline/lerobot/libero-mem/LIBERO-Mem-Lerobot/data/chunk-000/episode_000660.parquet
Demonstrations,7,,,,661,,353,1,/data/libero_mem_baseline/lerobot/libero-mem/LIBERO-Mem-Lerobot/data/chunk-000/episode_000661.parquet
Demonstrations,7,,,,662,,404,1,/data/libero_mem_baseline/lerobot/libero-mem/LIBERO-Mem-Lerobot/data/chunk-000/episode_000662.parquet
Demonstrations,7,,,,663,,412,1,/data/libero_mem_baseline/lerobot/libero-mem/LIBERO-Mem-Lerobot/data/chunk-000/episode_000663.parquet
Demonstrations,7,,,,664,,393,1,/data/libero_mem_baseline/lerobot/libero-mem/LIBERO-Mem-Lerobot/data/chunk-000/episode_000664.parquet
Demonstrations,7,,,,665,,356,1,/data/libero_mem_baseline/lerobot/libero-mem/LIBERO-Mem-Lerobot/data/chunk-000/episode_000665.parquet
Demonstrations,7,,,,666,,434,1,/data/libero_mem_baseline/lerobot/libero-mem/LIBERO-Mem-Lerobot/data/chunk-000/episode_000666.parquet
Demonstrations,7,,,,667,,437,1,/data/libero_mem_baseline/lerobot/libero-mem/LIBERO-Mem-Lerobot/data/chunk-000/episode_000667.parquet
Demonstrations,7,,,,668,,439,1,/data/libero_mem_baseline/lerobot/libero-mem/LIBERO-Mem-Lerobot/data/chunk-000/episode_000668.parquet
Demonstrations,7,,,,669,,418,1,/data/libero_mem_baseline/lerobot/libero-mem/LIBERO-Mem-Lerobot/data/chunk-000/episode_000669.parquet
Demonstrations,7,,,,670,,409,1,/data/libero_mem_baseline/lerobot/libero-mem/LIBERO-Mem-Lerobot/data/chunk-000/episode_000670.parquet
Demonstrations,7,,,,671,,413,1,/data/libero_mem_baseline/lerobot/libero-mem/LIBERO-Mem-Lerobot/data/chunk-000/episode_000671.parquet
Demonstrations,7,,,,672,,413,1,/data/libero_mem_baseline/lerobot/libero-mem/LIBERO-Mem-Lerobot/data/chunk-000/episode_000672.parquet
Demonstrations,7,,,,673,,392,1,/data/libero_mem_baseline/lerobot/libero-mem/LIBERO-Mem-Lerobot/data/chunk-000/episode_000673.parquet
Demonstrations,7,,,,674,,382,1,/data/libero_mem_baseline/lerobot/libero-mem/LIBERO-Mem-Lerobot/data/chunk-000/episode_000674.parquet
Demonstrations,7,,,,675,,375,1,/data/libero_mem_baseline/lerobot/libero-mem/LIBERO-Mem-Lerobot/data/chunk-000/episode_000675.parquet
Demonstrations,7,,,,676,,330,1,/data/libero_mem_baseline/lerobot/libero-mem/LIBERO-Mem-Lerobot/data/chunk-000/episode_000676.parquet
Demonstrations,7,,,,677,,349,1,/data/libero_mem_baseline/lerobot/libero-mem/LIBERO-Mem-Lerobot/data/chunk-000/episode_000677.parquet
Demonstrations,7,,,,678,,425,1,/data/libero_mem_baseline/lerobot/libero-mem/LIBERO-Mem-Lerobot/data/chunk-000/episode_000678.parquet
Demonstrations,7,,,,679,,373,1,/data/libero_mem_baseline/lerobot/libero-mem/LIBERO-Mem-Lerobot/data/chunk-000/episode_000679.parquet
Demonstrations,8,,,,680,,613,1,/data/libero_mem_baseline/lerobot/libero-mem/LIBERO-Mem-Lerobot/data/chunk-000/episode_000680.parquet
Demonstrations,8,,,,681,,522,1,/data/libero_mem_baseline/lerobot/libero-mem/LIBERO-Mem-Lerobot/data/chunk-000/episode_000681.parquet
Demonstrations,8,,,,682,,560,1,/data/libero_mem_baseline/lerobot/libero-mem/LIBERO-Mem-Lerobot/data/chunk-000/episode_000682.parquet
Demonstrations,8,,,,683,,677,1,/data/libero_mem_baseline/lerobot/libero-mem/LIBERO-Mem-Lerobot/data/chunk-000/episode_000683.parquet
Demonstrations,8,,,,684,,589,1,/data/libero_mem_baseline/lerobot/libero-mem/LIBERO-Mem-Lerobot/data/chunk-000/episode_000684.parquet
Demonstrations,8,,,,685,,631,1,/data/libero_mem_baseline/lerobot/libero-mem/LIBERO-Mem-Lerobot/data/chunk-000/episode_000685.parquet
Demonstrations,8,,,,686,,584,1,/data/libero_mem_baseline/lerobot/libero-mem/LIBERO-Mem-Lerobot/data/chunk-000/episode_000686.parquet
Demonstrations,8,,,,687,,607,1,/data/libero_mem_baseline/lerobot/libero-mem/LIBERO-Mem-Lerobot/data/chunk-000/episode_000687.parquet
Demonstrations,8,,,,688,,582,1,/data/libero_mem_baseline/lerobot/libero-mem/LIBERO-Mem-Lerobot/data/chunk-000/episode_000688.parquet
Demonstrations,8,,,,689,,546,1,/data/libero_mem_baseline/lerobot/libero-mem/LIBERO-Mem-Lerobot/data/chunk-000/episode_000689.parquet
Demonstrations,8,,,,690,,536,1,/data/libero_mem_baseline/lerobot/libero-mem/LIBERO-Mem-Lerobot/data/chunk-000/episode_000690.parquet
Demonstrations,8,,,,691,,528,1,/data/libero_mem_baseline/lerobot/libero-mem/LIBERO-Mem-Lerobot/data/chunk-000/episode_000691.parquet
Demonstrations,8,,,,692,,567,1,/data/libero_mem_baseline/lerobot/libero-mem/LIBERO-Mem-Lerobot/data/chunk-000/episode_000692.parquet
Demonstrations,8,,,,693,,571,1,/data/libero_mem_baseline/lerobot/libero-mem/LIBERO-Mem-Lerobot/data/chunk-000/episode_000693.parquet
Demonstrations,8,,,,694,,577,1,/data/libero_mem_baseline/lerobot/libero-mem/LIBERO-Mem-Lerobot/data/chunk-000/episode_000694.parquet
Demonstrations,8,,,,695,,471,1,/data/libero_mem_baseline/lerobot/libero-mem/LIBERO-Mem-Lerobot/data/chunk-000/episode_000695.parquet
Demonstrations,8,,,,696,,495,1,/data/libero_mem_baseline/lerobot/libero-mem/LIBERO-Mem-Lerobot/data/chunk-000/episode_000696.parquet
Demonstrations,8,,,,697,,515,1,/data/libero_mem_baseline/lerobot/libero-mem/LIBERO-Mem-Lerobot/data/chunk-000/episode_000697.parquet
Demonstrations,8,,,,698,,519,1,/data/libero_mem_baseline/lerobot/libero-mem/LIBERO-Mem-Lerobot/data/chunk-000/episode_000698.parquet
Demonstrations,8,,,,699,,545,1,/data/libero_mem_baseline/lerobot/libero-mem/LIBERO-Mem-Lerobot/data/chunk-000/episode_000699.parquet
Demonstrations,8,,,,700,,502,1,/data/libero_mem_baseline/lerobot/libero-mem/LIBERO-Mem-Lerobot/data/chunk-000/episode_000700.parquet
Demonstrations,8,,,,701,,520,1,/data/libero_mem_baseline/lerobot/libero-mem/LIBERO-Mem-Lerobot/data/chunk-000/episode_000701.parquet
Demonstrations,8,,,,702,,496,1,/data/libero_mem_baseline/lerobot/libero-mem/LIBERO-Mem-Lerobot/data/chunk-000/episode_000702.parquet
Demonstrations,8,,,,703,,570,1,/data/libero_mem_baseline/lerobot/libero-mem/LIBERO-Mem-Lerobot/data/chunk-000/episode_000703.parquet
Demonstrations,8,,,,704,,522,1,/data/libero_mem_baseline/lerobot/libero-mem/LIBERO-Mem-Lerobot/data/chunk-000/episode_000704.parquet
Demonstrations,8,,,,705,,463,1,/data/libero_mem_baseline/lerobot/libero-mem/LIBERO-Mem-Lerobot/data/chunk-000/episode_000705.parquet
Demonstrations,8,,,,706,,518,1,/data/libero_mem_baseline/lerobot/libero-mem/LIBERO-Mem-Lerobot/data/chunk-000/episode_000706.parquet
Demonstrations,8,,,,707,,489,1,/data/libero_mem_baseline/lerobot/libero-mem/LIBERO-Mem-Lerobot/data/chunk-000/episode_000707.parquet
Demonstrations,8,,,,708,,555,1,/data/libero_mem_baseline/lerobot/libero-mem/LIBERO-Mem-Lerobot/data/chunk-000/episode_000708.parquet
Demonstrations,8,,,,709,,516,1,/data/libero_mem_baseline/lerobot/libero-mem/LIBERO-Mem-Lerobot/data/chunk-000/episode_000709.parquet
Demonstrations,8,,,,710,,558,1,/data/libero_mem_baseline/lerobot/libero-mem/LIBERO-Mem-Lerobot/data/chunk-000/episode_000710.parquet
Demonstrations,8,,,,711,,474,1,/data/libero_mem_baseline/lerobot/libero-mem/LIBERO-Mem-Lerobot/data/chunk-000/episode_000711.parquet
Demonstrations,8,,,,712,,530,1,/data/libero_mem_baseline/lerobot/libero-mem/LIBERO-Mem-Lerobot/data/chunk-000/episode_000712.parquet
Demonstrations,8,,,,713,,529,1,/data/libero_mem_baseline/lerobot/libero-mem/LIBERO-Mem-Lerobot/data/chunk-000/episode_000713.parquet
Demonstrations,8,,,,714,,457,1,/data/libero_mem_baseline/lerobot/libero-mem/LIBERO-Mem-Lerobot/data/chunk-000/episode_000714.parquet
Demonstrations,8,,,,715,,494,1,/data/libero_mem_baseline/lerobot/libero-mem/LIBERO-Mem-Lerobot/data/chunk-000/episode_000715.parquet
Demonstrations,8,,,,716,,563,1,/data/libero_mem_baseline/lerobot/libero-mem/LIBERO-Mem-Lerobot/data/chunk-000/episode_000716.parquet
Demonstrations,8,,,,717,,545,1,/data/libero_mem_baseline/lerobot/libero-mem/LIBERO-Mem-Lerobot/data/chunk-000/episode_000717.parquet
Demonstrations,8,,,,718,,520,1,/data/libero_mem_baseline/lerobot/libero-mem/LIBERO-Mem-Lerobot/data/chunk-000/episode_000718.parquet
Demonstrations,8,,,,719,,499,1,/data/libero_mem_baseline/lerobot/libero-mem/LIBERO-Mem-Lerobot/data/chunk-000/episode_000719.parquet
Demonstrations,8,,,,720,,515,1,/data/libero_mem_baseline/lerobot/libero-mem/LIBERO-Mem-Lerobot/data/chunk-000/episode_000720.parquet
Demonstrations,8,,,,721,,588,1,/data/libero_mem_baseline/lerobot/libero-mem/LIBERO-Mem-Lerobot/data/chunk-000/episode_000721.parquet
Demonstrations,8,,,,722,,541,1,/data/libero_mem_baseline/lerobot/libero-mem/LIBERO-Mem-Lerobot/data/chunk-000/episode_000722.parquet
Demonstrations,8,,,,723,,501,1,/data/libero_mem_baseline/lerobot/libero-mem/LIBERO-Mem-Lerobot/data/chunk-000/episode_000723.parquet
Demonstrations,8,,,,724,,524,1,/data/libero_mem_baseline/lerobot/libero-mem/LIBERO-Mem-Lerobot/data/chunk-000/episode_000724.parquet
Demonstrations,8,,,,725,,549,1,/data/libero_mem_baseline/lerobot/libero-mem/LIBERO-Mem-Lerobot/data/chunk-000/episode_000725.parquet
Demonstrations,8,,,,726,,499,1,/data/libero_mem_baseline/lerobot/libero-mem/LIBERO-Mem-Lerobot/data/chunk-000/episode_000726.parquet
Demonstrations,8,,,,727,,535,1,/data/libero_mem_baseline/lerobot/libero-mem/LIBERO-Mem-Lerobot/data/chunk-000/episode_000727.parquet
Demonstrations,8,,,,728,,508,1,/data/libero_mem_baseline/lerobot/libero-mem/LIBERO-Mem-Lerobot/data/chunk-000/episode_000728.parquet
Demonstrations,8,,,,729,,489,1,/data/libero_mem_baseline/lerobot/libero-mem/LIBERO-Mem-Lerobot/data/chunk-000/episode_000729.parquet
Demonstrations,8,,,,730,,472,1,/data/libero_mem_baseline/lerobot/libero-mem/LIBERO-Mem-Lerobot/data/chunk-000/episode_000730.parquet
Demonstrations,8,,,,731,,525,1,/data/libero_mem_baseline/lerobot/libero-mem/LIBERO-Mem-Lerobot/data/chunk-000/episode_000731.parquet
Demonstrations,8,,,,732,,515,1,/data/libero_mem_baseline/lerobot/libero-mem/LIBERO-Mem-Lerobot/data/chunk-000/episode_000732.parquet
Demonstrations,8,,,,733,,487,1,/data/libero_mem_baseline/lerobot/libero-mem/LIBERO-Mem-Lerobot/data/chunk-000/episode_000733.parquet
Demonstrations,8,,,,734,,462,1,/data/libero_mem_baseline/lerobot/libero-mem/LIBERO-Mem-Lerobot/data/chunk-000/episode_000734.parquet
Demonstrations,8,,,,735,,521,1,/data/libero_mem_baseline/lerobot/libero-mem/LIBERO-Mem-Lerobot/data/chunk-000/episode_000735.parquet
Demonstrations,8,,,,736,,492,1,/data/libero_mem_baseline/lerobot/libero-mem/LIBERO-Mem-Lerobot/data/chunk-000/episode_000736.parquet
Demonstrations,8,,,,737,,458,1,/data/libero_mem_baseline/lerobot/libero-mem/LIBERO-Mem-Lerobot/data/chunk-000/episode_000737.parquet
Demonstrations,8,,,,738,,444,1,/data/libero_mem_baseline/lerobot/libero-mem/LIBERO-Mem-Lerobot/data/chunk-000/episode_000738.parquet
Demonstrations,8,,,,739,,551,1,/data/libero_mem_baseline/lerobot/libero-mem/LIBERO-Mem-Lerobot/data/chunk-000/episode_000739.parquet
Demonstrations,8,,,,740,,530,1,/data/libero_mem_baseline/lerobot/libero-mem/LIBERO-Mem-Lerobot/data/chunk-000/episode_000740.parquet
Demonstrations,8,,,,741,,449,1,/data/libero_mem_baseline/lerobot/libero-mem/LIBERO-Mem-Lerobot/data/chunk-000/episode_000741.parquet
Demonstrations,8,,,,742,,481,1,/data/libero_mem_baseline/lerobot/libero-mem/LIBERO-Mem-Lerobot/data/chunk-000/episode_000742.parquet
Demonstrations,8,,,,743,,518,1,/data/libero_mem_baseline/lerobot/libero-mem/LIBERO-Mem-Lerobot/data/chunk-000/episode_000743.parquet
Demonstrations,8,,,,744,,489,1,/data/libero_mem_baseline/lerobot/libero-mem/LIBERO-Mem-Lerobot/data/chunk-000/episode_000744.parquet
Demonstrations,8,,,,745,,519,1,/data/libero_mem_baseline/lerobot/libero-mem/LIBERO-Mem-Lerobot/data/chunk-000/episode_000745.parquet
Demonstrations,8,,,,746,,564,1,/data/libero_mem_baseline/lerobot/libero-mem/LIBERO-Mem-Lerobot/data/chunk-000/episode_000746.parquet
Demonstrations,8,,,,747,,607,1,/data/libero_mem_baseline/lerobot/libero-mem/LIBERO-Mem-Lerobot/data/chunk-000/episode_000747.parquet
Demonstrations,8,,,,748,,494,1,/data/libero_mem_baseline/lerobot/libero-mem/LIBERO-Mem-Lerobot/data/chunk-000/episode_000748.parquet
Demonstrations,8,,,,749,,526,1,/data/libero_mem_baseline/lerobot/libero-mem/LIBERO-Mem-Lerobot/data/chunk-000/episode_000749.parquet
Demonstrations,8,,,,750,,547,1,/data/libero_mem_baseline/lerobot/libero-mem/LIBERO-Mem-Lerobot/data/chunk-000/episode_000750.parquet
Demonstrations,8,,,,751,,470,1,/data/libero_mem_baseline/lerobot/libero-mem/LIBERO-Mem-Lerobot/data/chunk-000/episode_000751.parquet
Demonstrations,8,,,,752,,530,1,/data/libero_mem_baseline/lerobot/libero-mem/LIBERO-Mem-Lerobot/data/chunk-000/episode_000752.parquet
Demonstrations,8,,,,753,,545,1,/data/libero_mem_baseline/lerobot/libero-mem/LIBERO-Mem-Lerobot/data/chunk-000/episode_000753.parquet
Demonstrations,8,,,,754,,462,1,/data/libero_mem_baseline/lerobot/libero-mem/LIBERO-Mem-Lerobot/data/chunk-000/episode_000754.parquet
Demonstrations,8,,,,755,,487,1,/data/libero_mem_baseline/lerobot/libero-mem/LIBERO-Mem-Lerobot/data/chunk-000/episode_000755.parquet
Demonstrations,8,,,,756,,534,1,/data/libero_mem_baseline/lerobot/libero-mem/LIBERO-Mem-Lerobot/data/chunk-000/episode_000756.parquet
Demonstrations,8,,,,757,,474,1,/data/libero_mem_baseline/lerobot/libero-mem/LIBERO-Mem-Lerobot/data/chunk-000/episode_000757.parquet
Demonstrations,8,,,,758,,541,1,/data/libero_mem_baseline/lerobot/libero-mem/LIBERO-Mem-Lerobot/data/chunk-000/episode_000758.parquet
Demonstrations,8,,,,759,,535,1,/data/libero_mem_baseline/lerobot/libero-mem/LIBERO-Mem-Lerobot/data/chunk-000/episode_000759.parquet
Demonstrations,8,,,,760,,475,1,/data/libero_mem_baseline/lerobot/libero-mem/LIBERO-Mem-Lerobot/data/chunk-000/episode_000760.parquet
Demonstrations,8,,,,761,,531,1,/data/libero_mem_baseline/lerobot/libero-mem/LIBERO-Mem-Lerobot/data/chunk-000/episode_000761.parquet
Demonstrations,9,,,,762,,356,1,/data/libero_mem_baseline/lerobot/libero-mem/LIBERO-Mem-Lerobot/data/chunk-000/episode_000762.parquet
Demonstrations,9,,,,763,,325,1,/data/libero_mem_baseline/lerobot/libero-mem/LIBERO-Mem-Lerobot/data/chunk-000/episode_000763.parquet
Demonstrations,9,,,,764,,356,1,/data/libero_mem_baseline/lerobot/libero-mem/LIBERO-Mem-Lerobot/data/chunk-000/episode_000764.parquet
Demonstrations,9,,,,765,,345,1,/data/libero_mem_baseline/lerobot/libero-mem/LIBERO-Mem-Lerobot/data/chunk-000/episode_000765.parquet
Demonstrations,9,,,,766,,350,1,/data/libero_mem_baseline/lerobot/libero-mem/LIBERO-Mem-Lerobot/data/chunk-000/episode_000766.parquet
Demonstrations,9,,,,767,,312,1,/data/libero_mem_baseline/lerobot/libero-mem/LIBERO-Mem-Lerobot/data/chunk-000/episode_000767.parquet
Demonstrations,9,,,,768,,324,1,/data/libero_mem_baseline/lerobot/libero-mem/LIBERO-Mem-Lerobot/data/chunk-000/episode_000768.parquet
Demonstrations,9,,,,769,,327,1,/data/libero_mem_baseline/lerobot/libero-mem/LIBERO-Mem-Lerobot/data/chunk-000/episode_000769.parquet
Demonstrations,9,,,,770,,332,1,/data/libero_mem_baseline/lerobot/libero-mem/LIBERO-Mem-Lerobot/data/chunk-000/episode_000770.parquet
Demonstrations,9,,,,771,,334,1,/data/libero_mem_baseline/lerobot/libero-mem/LIBERO-Mem-Lerobot/data/chunk-000/episode_000771.parquet
Demonstrations,9,,,,772,,322,1,/data/libero_mem_baseline/lerobot/libero-mem/LIBERO-Mem-Lerobot/data/chunk-000/episode_000772.parquet
Demonstrations,9,,,,773,,338,1,/data/libero_mem_baseline/lerobot/libero-mem/LIBERO-Mem-Lerobot/data/chunk-000/episode_000773.parquet
Demonstrations,9,,,,774,,343,1,/data/libero_mem_baseline/lerobot/libero-mem/LIBERO-Mem-Lerobot/data/chunk-000/episode_000774.parquet
Demonstrations,9,,,,775,,348,1,/data/libero_mem_baseline/lerobot/libero-mem/LIBERO-Mem-Lerobot/data/chunk-000/episode_000775.parquet
Demonstrations,9,,,,776,,322,1,/data/libero_mem_baseline/lerobot/libero-mem/LIBERO-Mem-Lerobot/data/chunk-000/episode_000776.parquet
Demonstrations,9,,,,777,,323,1,/data/libero_mem_baseline/lerobot/libero-mem/LIBERO-Mem-Lerobot/data/chunk-000/episode_000777.parquet
Demonstrations,9,,,,778,,332,1,/data/libero_mem_baseline/lerobot/libero-mem/LIBERO-Mem-Lerobot/data/chunk-000/episode_000778.parquet
Demonstrations,9,,,,779,,352,1,/data/libero_mem_baseline/lerobot/libero-mem/LIBERO-Mem-Lerobot/data/chunk-000/episode_000779.parquet
Demonstrations,9,,,,780,,306,1,/data/libero_mem_baseline/lerobot/libero-mem/LIBERO-Mem-Lerobot/data/chunk-000/episode_000780.parquet
Demonstrations,9,,,,781,,306,1,/data/libero_mem_baseline/lerobot/libero-mem/LIBERO-Mem-Lerobot/data/chunk-000/episode_000781.parquet
Demonstrations,9,,,,782,,308,1,/data/libero_mem_baseline/lerobot/libero-mem/LIBERO-Mem-Lerobot/data/chunk-000/episode_000782.parquet
Demonstrations,9,,,,783,,324,1,/data/libero_mem_baseline/lerobot/libero-mem/LIBERO-Mem-Lerobot/data/chunk-000/episode_000783.parquet
Demonstrations,9,,,,784,,319,1,/data/libero_mem_baseline/lerobot/libero-mem/LIBERO-Mem-Lerobot/data/chunk-000/episode_000784.parquet
Demonstrations,9,,,,785,,296,1,/data/libero_mem_baseline/lerobot/libero-mem/LIBERO-Mem-Lerobot/data/chunk-000/episode_000785.parquet
Demonstrations,9,,,,786,,366,1,/data/libero_mem_baseline/lerobot/libero-mem/LIBERO-Mem-Lerobot/data/chunk-000/episode_000786.parquet
Demonstrations,9,,,,787,,307,1,/data/libero_mem_baseline/lerobot/libero-mem/LIBERO-Mem-Lerobot/data/chunk-000/episode_000787.parquet
Demonstrations,9,,,,788,,305,1,/data/libero_mem_baseline/lerobot/libero-mem/LIBERO-Mem-Lerobot/data/chunk-000/episode_000788.parquet
Demonstrations,9,,,,789,,297,1,/data/libero_mem_baseline/lerobot/libero-mem/LIBERO-Mem-Lerobot/data/chunk-000/episode_000789.parquet
Demonstrations,9,,,,790,,357,1,/data/libero_mem_baseline/lerobot/libero-mem/LIBERO-Mem-Lerobot/data/chunk-000/episode_000790.parquet
Demonstrations,9,,,,791,,375,1,/data/libero_mem_baseline/lerobot/libero-mem/LIBERO-Mem-Lerobot/data/chunk-000/episode_000791.parquet
Demonstrations,9,,,,792,,320,1,/data/libero_mem_baseline/lerobot/libero-mem/LIBERO-Mem-Lerobot/data/chunk-000/episode_000792.parquet
Demonstrations,9,,,,793,,304,1,/data/libero_mem_baseline/lerobot/libero-mem/LIBERO-Mem-Lerobot/data/chunk-000/episode_000793.parquet
Demonstrations,9,,,,794,,339,1,/data/libero_mem_baseline/lerobot/libero-mem/LIBERO-Mem-Lerobot/data/chunk-000/episode_000794.parquet
Demonstrations,9,,,,795,,317,1,/data/libero_mem_baseline/lerobot/libero-mem/LIBERO-Mem-Lerobot/data/chunk-000/episode_000795.parquet
Demonstrations,9,,,,796,,312,1,/data/libero_mem_baseline/lerobot/libero-mem/LIBERO-Mem-Lerobot/data/chunk-000/episode_000796.parquet
Demonstrations,9,,,,797,,338,1,/data/libero_mem_baseline/lerobot/libero-mem/LIBERO-Mem-Lerobot/data/chunk-000/episode_000797.parquet
Demonstrations,9,,,,798,,301,1,/data/libero_mem_baseline/lerobot/libero-mem/LIBERO-Mem-Lerobot/data/chunk-000/episode_000798.parquet
Demonstrations,9,,,,799,,334,1,/data/libero_mem_baseline/lerobot/libero-mem/LIBERO-Mem-Lerobot/data/chunk-000/episode_000799.parquet
Demonstrations,9,,,,800,,309,1,/data/libero_mem_baseline/lerobot/libero-mem/LIBERO-Mem-Lerobot/data/chunk-000/episode_000800.parquet
Demonstrations,9,,,,801,,322,1,/data/libero_mem_baseline/lerobot/libero-mem/LIBERO-Mem-Lerobot/data/chunk-000/episode_000801.parquet
Demonstrations,9,,,,802,,309,1,/data/libero_mem_baseline/lerobot/libero-mem/LIBERO-Mem-Lerobot/data/chunk-000/episode_000802.parquet
Demonstrations,9,,,,803,,297,1,/data/libero_mem_baseline/lerobot/libero-mem/LIBERO-Mem-Lerobot/data/chunk-000/episode_000803.parquet
Demonstrations,9,,,,804,,333,1,/data/libero_mem_baseline/lerobot/libero-mem/LIBERO-Mem-Lerobot/data/chunk-000/episode_000804.parquet
Demonstrations,9,,,,805,,289,1,/data/libero_mem_baseline/lerobot/libero-mem/LIBERO-Mem-Lerobot/data/chunk-000/episode_000805.parquet
Demonstrations,9,,,,806,,316,1,/data/libero_mem_baseline/lerobot/libero-mem/LIBERO-Mem-Lerobot/data/chunk-000/episode_000806.parquet
Demonstrations,9,,,,807,,306,1,/data/libero_mem_baseline/lerobot/libero-mem/LIBERO-Mem-Lerobot/data/chunk-000/episode_000807.parquet
Demonstrations,9,,,,808,,287,1,/data/libero_mem_baseline/lerobot/libero-mem/LIBERO-Mem-Lerobot/data/chunk-000/episode_000808.parquet
Demonstrations,9,,,,809,,306,1,/data/libero_mem_baseline/lerobot/libero-mem/LIBERO-Mem-Lerobot/data/chunk-000/episode_000809.parquet
Demonstrations,9,,,,810,,284,1,/data/libero_mem_baseline/lerobot/libero-mem/LIBERO-Mem-Lerobot/data/chunk-000/episode_000810.parquet
Demonstrations,9,,,,811,,323,1,/data/libero_mem_baseline/lerobot/libero-mem/LIBERO-Mem-Lerobot/data/chunk-000/episode_000811.parquet
Demonstrations,9,,,,812,,301,1,/data/libero_mem_baseline/lerobot/libero-mem/LIBERO-Mem-Lerobot/data/chunk-000/episode_000812.parquet
Demonstrations,9,,,,813,,305,1,/data/libero_mem_baseline/lerobot/libero-mem/LIBERO-Mem-Lerobot/data/chunk-000/episode_000813.parquet
Demonstrations,9,,,,814,,303,1,/data/libero_mem_baseline/lerobot/libero-mem/LIBERO-Mem-Lerobot/data/chunk-000/episode_000814.parquet
Demonstrations,9,,,,815,,299,1,/data/libero_mem_baseline/lerobot/libero-mem/LIBERO-Mem-Lerobot/data/chunk-000/episode_000815.parquet
Demonstrations,9,,,,816,,308,1,/data/libero_mem_baseline/lerobot/libero-mem/LIBERO-Mem-Lerobot/data/chunk-000/episode_000816.parquet
Demonstrations,9,,,,817,,300,1,/data/libero_mem_baseline/lerobot/libero-mem/LIBERO-Mem-Lerobot/data/chunk-000/episode_000817.parquet
Demonstrations,9,,,,818,,294,1,/data/libero_mem_baseline/lerobot/libero-mem/LIBERO-Mem-Lerobot/data/chunk-000/episode_000818.parquet
Demonstrations,9,,,,819,,311,1,/data/libero_mem_baseline/lerobot/libero-mem/LIBERO-Mem-Lerobot/data/chunk-000/episode_000819.parquet
Demonstrations,9,,,,820,,326,1,/data/libero_mem_baseline/lerobot/libero-mem/LIBERO-Mem-Lerobot/data/chunk-000/episode_000820.parquet
Demonstrations,9,,,,821,,302,1,/data/libero_mem_baseline/lerobot/libero-mem/LIBERO-Mem-Lerobot/data/chunk-000/episode_000821.parquet
Demonstrations,9,,,,822,,318,1,/data/libero_mem_baseline/lerobot/libero-mem/LIBERO-Mem-Lerobot/data/chunk-000/episode_000822.parquet
Demonstrations,9,,,,823,,321,1,/data/libero_mem_baseline/lerobot/libero-mem/LIBERO-Mem-Lerobot/data/chunk-000/episode_000823.parquet
Demonstrations,9,,,,824,,298,1,/data/libero_mem_baseline/lerobot/libero-mem/LIBERO-Mem-Lerobot/data/chunk-000/episode_000824.parquet
Demonstrations,9,,,,825,,315,1,/data/libero_mem_baseline/lerobot/libero-mem/LIBERO-Mem-Lerobot/data/chunk-000/episode_000825.parquet
Demonstrations,9,,,,826,,328,1,/data/libero_mem_baseline/lerobot/libero-mem/LIBERO-Mem-Lerobot/data/chunk-000/episode_000826.parquet
Demonstrations,9,,,,827,,296,1,/data/libero_mem_baseline/lerobot/libero-mem/LIBERO-Mem-Lerobot/data/chunk-000/episode_000827.parquet
Demonstrations,9,,,,828,,347,1,/data/libero_mem_baseline/lerobot/libero-mem/LIBERO-Mem-Lerobot/data/chunk-000/episode_000828.parquet
Demonstrations,9,,,,829,,319,1,/data/libero_mem_baseline/lerobot/libero-mem/LIBERO-Mem-Lerobot/data/chunk-000/episode_000829.parquet
Demonstrations,9,,,,830,,326,1,/data/libero_mem_baseline/lerobot/libero-mem/LIBERO-Mem-Lerobot/data/chunk-000/episode_000830.parquet
Demonstrations,9,,,,831,,301,1,/data/libero_mem_baseline/lerobot/libero-mem/LIBERO-Mem-Lerobot/data/chunk-000/episode_000831.parquet
Demonstrations,9,,,,832,,312,1,/data/libero_mem_baseline/lerobot/libero-mem/LIBERO-Mem-Lerobot/data/chunk-000/episode_000832.parquet
Demonstrations,9,,,,833,,334,1,/data/libero_mem_baseline/lerobot/libero-mem/LIBERO-Mem-Lerobot/data/chunk-000/episode_000833.parquet
Demonstrations,9,,,,834,,319,1,/data/libero_mem_baseline/lerobot/libero-mem/LIBERO-Mem-Lerobot/data/chunk-000/episode_000834.parquet
Demonstrations,9,,,,835,,289,1,/data/libero_mem_baseline/lerobot/libero-mem/LIBERO-Mem-Lerobot/data/chunk-000/episode_000835.parquet
Demonstrations,9,,,,836,,322,1,/data/libero_mem_baseline/lerobot/libero-mem/LIBERO-Mem-Lerobot/data/chunk-000/episode_000836.parquet
Demonstrations,9,,,,837,,324,1,/data/libero_mem_baseline/lerobot/libero-mem/LIBERO-Mem-Lerobot/data/chunk-000/episode_000837.parquet
Demonstrations,9,,,,838,,336,1,/data/libero_mem_baseline/lerobot/libero-mem/LIBERO-Mem-Lerobot/data/chunk-000/episode_000838.parquet
Demonstrations,9,,,,839,,315,1,/data/libero_mem_baseline/lerobot/libero-mem/LIBERO-Mem-Lerobot/data/chunk-000/episode_000839.parquet
Demonstrations,9,,,,840,,286,1,/data/libero_mem_baseline/lerobot/libero-mem/LIBERO-Mem-Lerobot/data/chunk-000/episode_000840.parquet
Demonstrations,9,,,,841,,305,1,/data/libero_mem_baseline/lerobot/libero-mem/LIBERO-Mem-Lerobot/data/chunk-000/episode_000841.parquet
Demonstrations,9,,,,842,,314,1,/data/libero_mem_baseline/lerobot/libero-mem/LIBERO-Mem-Lerobot/data/chunk-000/episode_000842.parquet
Demonstrations,9,,,,843,,340,1,/data/libero_mem_baseline/lerobot/libero-mem/LIBERO-Mem-Lerobot/data/chunk-000/episode_000843.parquet
Demonstrations,9,,,,844,,304,1,/data/libero_mem_baseline/lerobot/libero-mem/LIBERO-Mem-Lerobot/data/chunk-000/episode_000844.parquet
Demonstrations,9,,,,845,,312,1,/data/libero_mem_baseline/lerobot/libero-mem/LIBERO-Mem-Lerobot/data/chunk-000/episode_000845.parquet
Demonstrations,9,,,,846,,296,1,/data/libero_mem_baseline/lerobot/libero-mem/LIBERO-Mem-Lerobot/data/chunk-000/episode_000846.parquet
Demonstrations,9,,,,847,,328,1,/data/libero_mem_baseline/lerobot/libero-mem/LIBERO-Mem-Lerobot/data/chunk-000/episode_000847.parquet
Demonstrations,9,,,,848,,304,1,/data/libero_mem_baseline/lerobot/libero-mem/LIBERO-Mem-Lerobot/data/chunk-000/episode_000848.parquet
Demonstrations,9,,,,849,,305,1,/data/libero_mem_baseline/lerobot/libero-mem/LIBERO-Mem-Lerobot/data/chunk-000/episode_000849.parquet
Demonstrations,9,,,,850,,331,1,/data/libero_mem_baseline/lerobot/libero-mem/LIBERO-Mem-Lerobot/data/chunk-000/episode_000850.parquet
Demonstrations,9,,,,851,,330,1,/data/libero_mem_baseline/lerobot/libero-mem/LIBERO-Mem-Lerobot/data/chunk-000/episode_000851.parquet
Demonstrations,9,,,,852,,325,1,/data/libero_mem_baseline/lerobot/libero-mem/LIBERO-Mem-Lerobot/data/chunk-000/episode_000852.parquet
Demonstrations,9,,,,853,,293,1,/data/libero_mem_baseline/lerobot/libero-mem/LIBERO-Mem-Lerobot/data/chunk-000/episode_000853.parquet
Demonstrations,9,,,,854,,333,1,/data/libero_mem_baseline/lerobot/libero-mem/LIBERO-Mem-Lerobot/data/chunk-000/episode_000854.parquet
Demonstrations,9,,,,855,,314,1,/data/libero_mem_baseline/lerobot/libero-mem/LIBERO-Mem-Lerobot/data/chunk-000/episode_000855.parquet
Demonstrations,9,,,,856,,328,1,/data/libero_mem_baseline/lerobot/libero-mem/LIBERO-Mem-Lerobot/data/chunk-000/episode_000856.parquet
Demonstrations,9,,,,857,,308,1,/data/libero_mem_baseline/lerobot/libero-mem/LIBERO-Mem-Lerobot/data/chunk-000/episode_000857.parquet
Demonstrations,9,,,,858,,305,1,/data/libero_mem_baseline/lerobot/libero-mem/LIBERO-Mem-Lerobot/data/chunk-000/episode_000858.parquet
Demonstrations,9,,,,859,,338,1,/data/libero_mem_baseline/lerobot/libero-mem/LIBERO-Mem-Lerobot/data/chunk-000/episode_000859.parquet
Demonstrations,9,,,,860,,295,1,/data/libero_mem_baseline/lerobot/libero-mem/LIBERO-Mem-Lerobot/data/chunk-000/episode_000860.parquet
Demonstrations,9,,,,861,,296,1,/data/libero_mem_baseline/lerobot/libero-mem/LIBERO-Mem-Lerobot/data/chunk-000/episode_000861.parquet
Demonstrations,10,,,,862,,309,1,/data/libero_mem_baseline/lerobot/libero-mem/LIBERO-Mem-Lerobot/data/chunk-000/episode_000862.parquet
Demonstrations,10,,,,863,,339,1,/data/libero_mem_baseline/lerobot/libero-mem/LIBERO-Mem-Lerobot/data/chunk-000/episode_000863.parquet
Demonstrations,10,,,,864,,331,1,/data/libero_mem_baseline/lerobot/libero-mem/LIBERO-Mem-Lerobot/data/chunk-000/episode_000864.parquet
Demonstrations,10,,,,865,,330,1,/data/libero_mem_baseline/lerobot/libero-mem/LIBERO-Mem-Lerobot/data/chunk-000/episode_000865.parquet
Demonstrations,10,,,,866,,402,1,/data/libero_mem_baseline/lerobot/libero-mem/LIBERO-Mem-Lerobot/data/chunk-000/episode_000866.parquet
Demonstrations,10,,,,867,,318,1,/data/libero_mem_baseline/lerobot/libero-mem/LIBERO-Mem-Lerobot/data/chunk-000/episode_000867.parquet
Demonstrations,10,,,,868,,312,1,/data/libero_mem_baseline/lerobot/libero-mem/LIBERO-Mem-Lerobot/data/chunk-000/episode_000868.parquet
Demonstrations,10,,,,869,,347,1,/data/libero_mem_baseline/lerobot/libero-mem/LIBERO-Mem-Lerobot/data/chunk-000/episode_000869.parquet
Demonstrations,10,,,,870,,321,1,/data/libero_mem_baseline/lerobot/libero-mem/LIBERO-Mem-Lerobot/data/chunk-000/episode_000870.parquet
Demonstrations,10,,,,871,,334,1,/data/libero_mem_baseline/lerobot/libero-mem/LIBERO-Mem-Lerobot/data/chunk-000/episode_000871.parquet
Demonstrations,10,,,,872,,346,1,/data/libero_mem_baseline/lerobot/libero-mem/LIBERO-Mem-Lerobot/data/chunk-000/episode_000872.parquet
Demonstrations,10,,,,873,,343,1,/data/libero_mem_baseline/lerobot/libero-mem/LIBERO-Mem-Lerobot/data/chunk-000/episode_000873.parquet
Demonstrations,10,,,,874,,341,1,/data/libero_mem_baseline/lerobot/libero-mem/LIBERO-Mem-Lerobot/data/chunk-000/episode_000874.parquet
Demonstrations,10,,,,875,,348,1,/data/libero_mem_baseline/lerobot/libero-mem/LIBERO-Mem-Lerobot/data/chunk-000/episode_000875.parquet
Demonstrations,10,,,,876,,326,1,/data/libero_mem_baseline/lerobot/libero-mem/LIBERO-Mem-Lerobot/data/chunk-000/episode_000876.parquet
Demonstrations,10,,,,877,,326,1,/data/libero_mem_baseline/lerobot/libero-mem/LIBERO-Mem-Lerobot/data/chunk-000/episode_000877.parquet
Demonstrations,10,,,,878,,311,1,/data/libero_mem_baseline/lerobot/libero-mem/LIBERO-Mem-Lerobot/data/chunk-000/episode_000878.parquet
Demonstrations,10,,,,879,,339,1,/data/libero_mem_baseline/lerobot/libero-mem/LIBERO-Mem-Lerobot/data/chunk-000/episode_000879.parquet
Demonstrations,10,,,,880,,329,1,/data/libero_mem_baseline/lerobot/libero-mem/LIBERO-Mem-Lerobot/data/chunk-000/episode_000880.parquet
Demonstrations,10,,,,881,,296,1,/data/libero_mem_baseline/lerobot/libero-mem/LIBERO-Mem-Lerobot/data/chunk-000/episode_000881.parquet
Demonstrations,10,,,,882,,300,1,/data/libero_mem_baseline/lerobot/libero-mem/LIBERO-Mem-Lerobot/data/chunk-000/episode_000882.parquet
Demonstrations,10,,,,883,,305,1,/data/libero_mem_baseline/lerobot/libero-mem/LIBERO-Mem-Lerobot/data/chunk-000/episode_000883.parquet
Demonstrations,10,,,,884,,329,1,/data/libero_mem_baseline/lerobot/libero-mem/LIBERO-Mem-Lerobot/data/chunk-000/episode_000884.parquet
Demonstrations,10,,,,885,,305,1,/data/libero_mem_baseline/lerobot/libero-mem/LIBERO-Mem-Lerobot/data/chunk-000/episode_000885.parquet
Demonstrations,10,,,,886,,358,1,/data/libero_mem_baseline/lerobot/libero-mem/LIBERO-Mem-Lerobot/data/chunk-000/episode_000886.parquet
Demonstrations,10,,,,887,,316,1,/data/libero_mem_baseline/lerobot/libero-mem/LIBERO-Mem-Lerobot/data/chunk-000/episode_000887.parquet
Demonstrations,10,,,,888,,291,1,/data/libero_mem_baseline/lerobot/libero-mem/LIBERO-Mem-Lerobot/data/chunk-000/episode_000888.parquet
Demonstrations,10,,,,889,,318,1,/data/libero_mem_baseline/lerobot/libero-mem/LIBERO-Mem-Lerobot/data/chunk-000/episode_000889.parquet
Demonstrations,10,,,,890,,306,1,/data/libero_mem_baseline/lerobot/libero-mem/LIBERO-Mem-Lerobot/data/chunk-000/episode_000890.parquet
Demonstrations,10,,,,891,,337,1,/data/libero_mem_baseline/lerobot/libero-mem/LIBERO-Mem-Lerobot/data/chunk-000/episode_000891.parquet
Demonstrations,10,,,,892,,320,1,/data/libero_mem_baseline/lerobot/libero-mem/LIBERO-Mem-Lerobot/data/chunk-000/episode_000892.parquet
Demonstrations,10,,,,893,,316,1,/data/libero_mem_baseline/lerobot/libero-mem/LIBERO-Mem-Lerobot/data/chunk-000/episode_000893.parquet
Demonstrations,10,,,,894,,296,1,/data/libero_mem_baseline/lerobot/libero-mem/LIBERO-Mem-Lerobot/data/chunk-000/episode_000894.parquet
Demonstrations,10,,,,895,,316,1,/data/libero_mem_baseline/lerobot/libero-mem/LIBERO-Mem-Lerobot/data/chunk-000/episode_000895.parquet
Demonstrations,10,,,,896,,300,1,/data/libero_mem_baseline/lerobot/libero-mem/LIBERO-Mem-Lerobot/data/chunk-000/episode_000896.parquet
Demonstrations,10,,,,897,,320,1,/data/libero_mem_baseline/lerobot/libero-mem/LIBERO-Mem-Lerobot/data/chunk-000/episode_000897.parquet
Demonstrations,10,,,,898,,299,1,/data/libero_mem_baseline/lerobot/libero-mem/LIBERO-Mem-Lerobot/data/chunk-000/episode_000898.parquet
Demonstrations,10,,,,899,,304,1,/data/libero_mem_baseline/lerobot/libero-mem/LIBERO-Mem-Lerobot/data/chunk-000/episode_000899.parquet
Demonstrations,10,,,,900,,293,1,/data/libero_mem_baseline/lerobot/libero-mem/LIBERO-Mem-Lerobot/data/chunk-000/episode_000900.parquet
Demonstrations,10,,,,901,,330,1,/data/libero_mem_baseline/lerobot/libero-mem/LIBERO-Mem-Lerobot/data/chunk-000/episode_000901.parquet
Demonstrations,10,,,,902,,301,1,/data/libero_mem_baseline/lerobot/libero-mem/LIBERO-Mem-Lerobot/data/chunk-000/episode_000902.parquet
Demonstrations,10,,,,903,,305,1,/data/libero_mem_baseline/lerobot/libero-mem/LIBERO-Mem-Lerobot/data/chunk-000/episode_000903.parquet
Demonstrations,10,,,,904,,315,1,/data/libero_mem_baseline/lerobot/libero-mem/LIBERO-Mem-Lerobot/data/chunk-000/episode_000904.parquet
Demonstrations,10,,,,905,,308,1,/data/libero_mem_baseline/lerobot/libero-mem/LIBERO-Mem-Lerobot/data/chunk-000/episode_000905.parquet
Demonstrations,10,,,,906,,335,1,/data/libero_mem_baseline/lerobot/libero-mem/LIBERO-Mem-Lerobot/data/chunk-000/episode_000906.parquet
Demonstrations,10,,,,907,,335,1,/data/libero_mem_baseline/lerobot/libero-mem/LIBERO-Mem-Lerobot/data/chunk-000/episode_000907.parquet
Demonstrations,10,,,,908,,298,1,/data/libero_mem_baseline/lerobot/libero-mem/LIBERO-Mem-Lerobot/data/chunk-000/episode_000908.parquet
Demonstrations,10,,,,909,,305,1,/data/libero_mem_baseline/lerobot/libero-mem/LIBERO-Mem-Lerobot/data/chunk-000/episode_000909.parquet
Demonstrations,10,,,,910,,287,1,/data/libero_mem_baseline/lerobot/libero-mem/LIBERO-Mem-Lerobot/data/chunk-000/episode_000910.parquet
Demonstrations,10,,,,911,,312,1,/data/libero_mem_baseline/lerobot/libero-mem/LIBERO-Mem-Lerobot/data/chunk-000/episode_000911.parquet
Demonstrations,10,,,,912,,298,1,/data/libero_mem_baseline/lerobot/libero-mem/LIBERO-Mem-Lerobot/data/chunk-000/episode_000912.parquet
Demonstrations,10,,,,913,,302,1,/data/libero_mem_baseline/lerobot/libero-mem/LIBERO-Mem-Lerobot/data/chunk-000/episode_000913.parquet
Demonstrations,10,,,,914,,308,1,/data/libero_mem_baseline/lerobot/libero-mem/LIBERO-Mem-Lerobot/data/chunk-000/episode_000914.parquet
Demonstrations,10,,,,915,,347,1,/data/libero_mem_baseline/lerobot/libero-mem/LIBERO-Mem-Lerobot/data/chunk-000/episode_000915.parquet
Demonstrations,10,,,,916,,274,1,/data/libero_mem_baseline/lerobot/libero-mem/LIBERO-Mem-Lerobot/data/chunk-000/episode_000916.parquet
Demonstrations,10,,,,917,,273,1,/data/libero_mem_baseline/lerobot/libero-mem/LIBERO-Mem-Lerobot/data/chunk-000/episode_000917.parquet
Demonstrations,10,,,,918,,294,1,/data/libero_mem_baseline/lerobot/libero-mem/LIBERO-Mem-Lerobot/data/chunk-000/episode_000918.parquet
Demonstrations,10,,,,919,,272,1,/data/libero_mem_baseline/lerobot/libero-mem/LIBERO-Mem-Lerobot/data/chunk-000/episode_000919.parquet
Demonstrations,10,,,,920,,304,1,/data/libero_mem_baseline/lerobot/libero-mem/LIBERO-Mem-Lerobot/data/chunk-000/episode_000920.parquet
Demonstrations,10,,,,921,,293,1,/data/libero_mem_baseline/lerobot/libero-mem/LIBERO-Mem-Lerobot/data/chunk-000/episode_000921.parquet
Demonstrations,10,,,,922,,318,1,/data/libero_mem_baseline/lerobot/libero-mem/LIBERO-Mem-Lerobot/data/chunk-000/episode_000922.parquet
Demonstrations,10,,,,923,,313,1,/data/libero_mem_baseline/lerobot/libero-mem/LIBERO-Mem-Lerobot/data/chunk-000/episode_000923.parquet
Demonstrations,10,,,,924,,295,1,/data/libero_mem_baseline/lerobot/libero-mem/LIBERO-Mem-Lerobot/data/chunk-000/episode_000924.parquet
Demonstrations,10,,,,925,,299,1,/data/libero_mem_baseline/lerobot/libero-mem/LIBERO-Mem-Lerobot/data/chunk-000/episode_000925.parquet
Demonstrations,10,,,,926,,290,1,/data/libero_mem_baseline/lerobot/libero-mem/LIBERO-Mem-Lerobot/data/chunk-000/episode_000926.parquet
Demonstrations,10,,,,927,,281,1,/data/libero_mem_baseline/lerobot/libero-mem/LIBERO-Mem-Lerobot/data/chunk-000/episode_000927.parquet
Demonstrations,10,,,,928,,276,1,/data/libero_mem_baseline/lerobot/libero-mem/LIBERO-Mem-Lerobot/data/chunk-000/episode_000928.parquet
Demonstrations,10,,,,929,,285,1,/data/libero_mem_baseline/lerobot/libero-mem/LIBERO-Mem-Lerobot/data/chunk-000/episode_000929.parquet
Demonstrations,10,,,,930,,311,1,/data/libero_mem_baseline/lerobot/libero-mem/LIBERO-Mem-Lerobot/data/chunk-000/episode_000930.parquet
Demonstrations,10,,,,931,,289,1,/data/libero_mem_baseline/lerobot/libero-mem/LIBERO-Mem-Lerobot/data/chunk-000/episode_000931.parquet
Demonstrations,10,,,,932,,281,1,/data/libero_mem_baseline/lerobot/libero-mem/LIBERO-Mem-Lerobot/data/chunk-000/episode_000932.parquet
Demonstrations,10,,,,933,,307,1,/data/libero_mem_baseline/lerobot/libero-mem/LIBERO-Mem-Lerobot/data/chunk-000/episode_000933.parquet
Demonstrations,10,,,,934,,290,1,/data/libero_mem_baseline/lerobot/libero-mem/LIBERO-Mem-Lerobot/data/chunk-000/episode_000934.parquet
Demonstrations,10,,,,935,,279,1,/data/libero_mem_baseline/lerobot/libero-mem/LIBERO-Mem-Lerobot/data/chunk-000/episode_000935.parquet
Demonstrations,10,,,,936,,274,1,/data/libero_mem_baseline/lerobot/libero-mem/LIBERO-Mem-Lerobot/data/chunk-000/episode_000936.parquet
Demonstrations,10,,,,937,,284,1,/data/libero_mem_baseline/lerobot/libero-mem/LIBERO-Mem-Lerobot/data/chunk-000/episode_000937.parquet
Demonstrations,10,,,,938,,283,1,/data/libero_mem_baseline/lerobot/libero-mem/LIBERO-Mem-Lerobot/data/chunk-000/episode_000938.parquet
Demonstrations,10,,,,939,,275,1,/data/libero_mem_baseline/lerobot/libero-mem/LIBERO-Mem-Lerobot/data/chunk-000/episode_000939.parquet
Demonstrations,10,,,,940,,286,1,/data/libero_mem_baseline/lerobot/libero-mem/LIBERO-Mem-Lerobot/data/chunk-000/episode_000940.parquet
Demonstrations,10,,,,941,,300,1,/data/libero_mem_baseline/lerobot/libero-mem/LIBERO-Mem-Lerobot/data/chunk-000/episode_000941.parquet
Demonstrations,10,,,,942,,287,1,/data/libero_mem_baseline/lerobot/libero-mem/LIBERO-Mem-Lerobot/data/chunk-000/episode_000942.parquet
Demonstrations,10,,,,943,,289,1,/data/libero_mem_baseline/lerobot/libero-mem/LIBERO-Mem-Lerobot/data/chunk-000/episode_000943.parquet
Demonstrations,10,,,,944,,297,1,/data/libero_mem_baseline/lerobot/libero-mem/LIBERO-Mem-Lerobot/data/chunk-000/episode_000944.parquet
Demonstrations,10,,,,945,,282,1,/data/libero_mem_baseline/lerobot/libero-mem/LIBERO-Mem-Lerobot/data/chunk-000/episode_000945.parquet
Demonstrations,10,,,,946,,305,1,/data/libero_mem_baseline/lerobot/libero-mem/LIBERO-Mem-Lerobot/data/chunk-000/episode_000946.parquet
Demonstrations,10,,,,947,,286,1,/data/libero_mem_baseline/lerobot/libero-mem/LIBERO-Mem-Lerobot/data/chunk-000/episode_000947.parquet
Demonstrations,10,,,,948,,287,1,/data/libero_mem_baseline/lerobot/libero-mem/LIBERO-Mem-Lerobot/data/chunk-000/episode_000948.parquet
Demonstrations,10,,,,949,,304,1,/data/libero_mem_baseline/lerobot/libero-mem/LIBERO-Mem-Lerobot/data/chunk-000/episode_000949.parquet
Demonstrations,10,,,,950,,310,1,/data/libero_mem_baseline/lerobot/libero-mem/LIBERO-Mem-Lerobot/data/chunk-000/episode_000950.parquet
Demonstrations,10,,,,951,,293,1,/data/libero_mem_baseline/lerobot/libero-mem/LIBERO-Mem-Lerobot/data/chunk-000/episode_000951.parquet
Demonstrations,10,,,,952,,279,1,/data/libero_mem_baseline/lerobot/libero-mem/LIBERO-Mem-Lerobot/data/chunk-000/episode_000952.parquet
Demonstrations,10,,,,953,,284,1,/data/libero_mem_baseline/lerobot/libero-mem/LIBERO-Mem-Lerobot/data/chunk-000/episode_000953.parquet
Demonstrations,10,,,,954,,330,1,/data/libero_mem_baseline/lerobot/libero-mem/LIBERO-Mem-Lerobot/data/chunk-000/episode_000954.parquet
Demonstrations,10,,,,955,,295,1,/data/libero_mem_baseline/lerobot/libero-mem/LIBERO-Mem-Lerobot/data/chunk-000/episode_000955.parquet
Demonstrations,10,,,,956,,296,1,/data/libero_mem_baseline/lerobot/libero-mem/LIBERO-Mem-Lerobot/data/chunk-000/episode_000956.parquet
Demonstrations,10,,,,957,,319,1,/data/libero_mem_baseline/lerobot/libero-mem/LIBERO-Mem-Lerobot/data/chunk-000/episode_000957.parquet
Demonstrations,10,,,,958,,316,1,/data/libero_mem_baseline/lerobot/libero-mem/LIBERO-Mem-Lerobot/data/chunk-000/episode_000958.parquet
Demonstrations,10,,,,959,,294,1,/data/libero_mem_baseline/lerobot/libero-mem/LIBERO-Mem-Lerobot/data/chunk-000/episode_000959.parquet
Demonstrations,10,,,,960,,281,1,/data/libero_mem_baseline/lerobot/libero-mem/LIBERO-Mem-Lerobot/data/chunk-000/episode_000960.parquet
