method,checkpoint,task_id,task,episode,success,completion_steps,config,checkpoint_checksum,train_seed,rollout_seed
baseline,49999,0,pick up the bowl and place it back on the plate,0,True,131,pi05-baseline,sha256:8a3b3b422bed1dbdac670a877f98c28aab95879a526735e7d7478cf9efb553e1,42,10001
baseline,49999,0,pick up the bowl and place it back on the plate,1,True,125,pi05-baseline,sha256:8a3b3b422bed1dbdac670a877f98c28aab95879a526735e7d7478cf9efb553e1,42,10001
baseline,49999,0,pick up the bowl and place it back on the plate,2,True,175,pi05-baseline,sha256:8a3b3b422bed1dbdac670a877f98c28aab95879a526735e7d7478cf9efb553e1,42,10001
baseline,49999,0,pick up the bowl and place it back on the plate,3,True,125,pi05-baseline,sha256:8a3b3b422bed1dbdac670a877f98c28aab95879a526735e7d7478cf9efb553e1,42,10001
baseline,49999,0,pick up the bowl and place it back on the plate,4,True,133,pi05-baseline,sha256:8a3b3b422bed1dbdac670a877f98c28aab95879a526735e7d7478cf9efb553e1,42,10001
baseline,49999,0,pick up the bowl and place it back on the plate,5,True,130,pi05-baseline,sha256:8a3b3b422bed1dbdac670a877f98c28aab95879a526735e7d7478cf9efb553e1,42,10001
baseline,49999,0,pick up the bowl and place it back on the plate,6,True,118,pi05-baseline,sha256:8a3b3b422bed1dbdac670a877f98c28aab95879a526735e7d7478cf9efb553e1,42,10001
baseline,49999,0,pick up the bowl and place it back on the plate,7,True,173,pi05-baseline,sha256:8a3b3b422bed1dbdac670a877f98c28aab95879a526735e7d7478cf9efb553e1,42,10001
baseline,49999,0,pick up the bowl and place it back on the plate,8,True,287,pi05-baseline,sha256:8a3b3b422bed1dbdac670a877f98c28aab95879a526735e7d7478cf9efb553e1,42,10001
baseline,49999,0,pick up the bowl and place it back on the plate,9,True,137,pi05-baseline,sha256:8a3b3b422bed1dbdac670a877f98c28aab95879a526735e7d7478cf9efb553e1,42,10001
baseline,49999,0,pick up the bowl and place it back on the plate,10,True,130,pi05-baseline,sha256:8a3b3b422bed1dbdac670a877f98c28aab95879a526735e7d7478cf9efb553e1,42,10001
baseline,49999,0,pick up the bowl and place it back on the plate,11,True,128,pi05-baseline,sha256:8a3b3b422bed1dbdac670a877f98c28aab95879a526735e7d7478cf9efb553e1,42,10001
baseline,49999,0,pick up the bowl and place it back on the plate,12,True,137,pi05-baseline,sha256:8a3b3b422bed1dbdac670a877f98c28aab95879a526735e7d7478cf9efb553e1,42,10001
baseline,49999,0,pick up the bowl and place it back on the plate,13,True,136,pi05-baseline,sha256:8a3b3b422bed1dbdac670a877f98c28aab95879a526735e7d7478cf9efb553e1,42,10001
baseline,49999,0,pick up the bowl and place it back on the plate,14,True,113,pi05-baseline,sha256:8a3b3b422bed1dbdac670a877f98c28aab95879a526735e7d7478cf9efb553e1,42,10001
baseline,49999,0,pick up the bowl and place it back on the plate,15,True,114,pi05-baseline,sha256:8a3b3b422bed1dbdac670a877f98c28aab95879a526735e7d7478cf9efb553e1,42,10001
baseline,49999,0,pick up the bowl and place it back on the plate,16,True,93,pi05-baseline,sha256:8a3b3b422bed1dbdac670a877f98c28aab95879a526735e7d7478cf9efb553e1,42,10001
baseline,49999,0,pick up the bowl and place it back on the plate,17,True,119,pi05-baseline,sha256:8a3b3b422bed1dbdac670a877f98c28aab95879a526735e7d7478cf9efb553e1,42,10001
baseline,49999,0,pick up the bowl and place it back on the plate,18,True,122,pi05-baseline,sha256:8a3b3b422bed1dbdac670a877f98c28aab95879a526735e7d7478cf9efb553e1,42,10001
baseline,49999,0,pick up the bowl and place it back on the plate,19,True,210,pi05-baseline,sha256:8a3b3b422bed1dbdac670a877f98c28aab95879a526735e7d7478cf9efb553e1,42,10001
baseline,49999,1,lift the bottle and put it down on the plate,0,True,207,pi05-baseline,sha256:8a3b3b422bed1dbdac670a877f98c28aab95879a526735e7d7478cf9efb553e1,42,10001
baseline,49999,1,lift the bottle and put it down on the plate,1,True,91,pi05-baseline,sha256:8a3b3b422bed1dbdac670a877f98c28aab95879a526735e7d7478cf9efb553e1,42,10001
baseline,49999,1,lift the bottle and put it down on the plate,2,True,133,pi05-baseline,sha256:8a3b3b422bed1dbdac670a877f98c28aab95879a526735e7d7478cf9efb553e1,42,10001
baseline,49999,1,lift the bottle and put it down on the plate,3,True,139,pi05-baseline,sha256:8a3b3b422bed1dbdac670a877f98c28aab95879a526735e7d7478cf9efb553e1,42,10001
baseline,49999,1,lift the bottle and put it down on the plate,4,True,109,pi05-baseline,sha256:8a3b3b422bed1dbdac670a877f98c28aab95879a526735e7d7478cf9efb553e1,42,10001
baseline,49999,1,lift the bottle and put it down on the plate,5,True,174,pi05-baseline,sha256:8a3b3b422bed1dbdac670a877f98c28aab95879a526735e7d7478cf9efb553e1,42,10001
baseline,49999,1,lift the bottle and put it down on the plate,6,True,273,pi05-baseline,sha256:8a3b3b422bed1dbdac670a877f98c28aab95879a526735e7d7478cf9efb553e1,42,10001
baseline,49999,1,lift the bottle and put it down on the plate,7,True,121,pi05-baseline,sha256:8a3b3b422bed1dbdac670a877f98c28aab95879a526735e7d7478cf9efb553e1,42,10001
baseline,49999,1,lift the bottle and put it down on the plate,8,True,195,pi05-baseline,sha256:8a3b3b422bed1dbdac670a877f98c28aab95879a526735e7d7478cf9efb553e1,42,10001
baseline,49999,1,lift the bottle and put it down on the plate,9,True,130,pi05-baseline,sha256:8a3b3b422bed1dbdac670a877f98c28aab95879a526735e7d7478cf9efb553e1,42,10001
baseline,49999,1,lift the bottle and put it down on the plate,10,True,120,pi05-baseline,sha256:8a3b3b422bed1dbdac670a877f98c28aab95879a526735e7d7478cf9efb553e1,42,10001
baseline,49999,1,lift the bottle and put it down on the plate,11,True,310,pi05-baseline,sha256:8a3b3b422bed1dbdac670a877f98c28aab95879a526735e7d7478cf9efb553e1,42,10001
baseline,49999,1,lift the bottle and put it down on the plate,12,True,139,pi05-baseline,sha256:8a3b3b422bed1dbdac670a877f98c28aab95879a526735e7d7478cf9efb553e1,42,10001
baseline,49999,1,lift the bottle and put it down on the plate,13,True,131,pi05-baseline,sha256:8a3b3b422bed1dbdac670a877f98c28aab95879a526735e7d7478cf9efb553e1,42,10001
baseline,49999,1,lift the bottle and put it down on the plate,14,True,172,pi05-baseline,sha256:8a3b3b422bed1dbdac670a877f98c28aab95879a526735e7d7478cf9efb553e1,42,10001
baseline,49999,1,lift the bottle and put it down on the plate,15,True,184,pi05-baseline,sha256:8a3b3b422bed1dbdac670a877f98c28aab95879a526735e7d7478cf9efb553e1,42,10001
baseline,49999,1,lift the bottle and put it down on the plate,16,True,141,pi05-baseline,sha256:8a3b3b422bed1dbdac670a877f98c28aab95879a526735e7d7478cf9efb553e1,42,10001
baseline,49999,1,lift the bottle and put it down on the plate,17,True,97,pi05-baseline,sha256:8a3b3b422bed1dbdac670a877f98c28aab95879a526735e7d7478cf9efb553e1,42,10001
baseline,49999,1,lift the bottle and put it down on the plate,18,True,286,pi05-baseline,sha256:8a3b3b422bed1dbdac670a877f98c28aab95879a526735e7d7478cf9efb553e1,42,10001
baseline,49999,1,lift the bottle and put it down on the plate,19,True,304,pi05-baseline,sha256:8a3b3b422bed1dbdac670a877f98c28aab95879a526735e7d7478cf9efb553e1,42,10001
baseline,49999,2,lift the bowl and place it back on the plate 3 times,0,True,535,pi05-baseline,sha256:8a3b3b422bed1dbdac670a877f98c28aab95879a526735e7d7478cf9efb553e1,42,10001
baseline,49999,2,lift the bowl and place it back on the plate 3 times,1,True,306,pi05-baseline,sha256:8a3b3b422bed1dbdac670a877f98c28aab95879a526735e7d7478cf9efb553e1,42,10001
baseline,49999,2,lift the bowl and place it back on the plate 3 times,2,True,249,pi05-baseline,sha256:8a3b3b422bed1dbdac670a877f98c28aab95879a526735e7d7478cf9efb553e1,42,10001
baseline,49999,2,lift the bowl and place it back on the plate 3 times,3,True,292,pi05-baseline,sha256:8a3b3b422bed1dbdac670a877f98c28aab95879a526735e7d7478cf9efb553e1,42,10001
baseline,49999,2,lift the bowl and place it back on the plate 3 times,4,True,229,pi05-baseline,sha256:8a3b3b422bed1dbdac670a877f98c28aab95879a526735e7d7478cf9efb553e1,42,10001
baseline,49999,2,lift the bowl and place it back on the plate 3 times,5,True,272,pi05-baseline,sha256:8a3b3b422bed1dbdac670a877f98c28aab95879a526735e7d7478cf9efb553e1,42,10001
baseline,49999,2,lift the bowl and place it back on the plate 3 times,6,True,414,pi05-baseline,sha256:8a3b3b422bed1dbdac670a877f98c28aab95879a526735e7d7478cf9efb553e1,42,10001
baseline,49999,2,lift the bowl and place it back on the plate 3 times,7,True,301,pi05-baseline,sha256:8a3b3b422bed1dbdac670a877f98c28aab95879a526735e7d7478cf9efb553e1,42,10001
baseline,49999,2,lift the bowl and place it back on the plate 3 times,8,True,470,pi05-baseline,sha256:8a3b3b422bed1dbdac670a877f98c28aab95879a526735e7d7478cf9efb553e1,42,10001
baseline,49999,2,lift the bowl and place it back on the plate 3 times,9,True,338,pi05-baseline,sha256:8a3b3b422bed1dbdac670a877f98c28aab95879a526735e7d7478cf9efb553e1,42,10001
baseline,49999,2,lift the bowl and place it back on the plate 3 times,10,True,505,pi05-baseline,sha256:8a3b3b422bed1dbdac670a877f98c28aab95879a526735e7d7478cf9efb553e1,42,10001
baseline,49999,2,lift the bowl and place it back on the plate 3 times,11,True,289,pi05-baseline,sha256:8a3b3b422bed1dbdac670a877f98c28aab95879a526735e7d7478cf9efb553e1,42,10001
baseline,49999,2,lift the bowl and place it back on the plate 3 times,12,True,258,pi05-baseline,sha256:8a3b3b422bed1dbdac670a877f98c28aab95879a526735e7d7478cf9efb553e1,42,10001
baseline,49999,2,lift the bowl and place it back on the plate 3 times,13,True,309,pi05-baseline,sha256:8a3b3b422bed1dbdac670a877f98c28aab95879a526735e7d7478cf9efb553e1,42,10001
baseline,49999,2,lift the bowl and place it back on the plate 3 times,14,True,362,pi05-baseline,sha256:8a3b3b422bed1dbdac670a877f98c28aab95879a526735e7d7478cf9efb553e1,42,10001
baseline,49999,2,lift the bowl and place it back on the plate 3 times,15,True,299,pi05-baseline,sha256:8a3b3b422bed1dbdac670a877f98c28aab95879a526735e7d7478cf9efb553e1,42,10001
baseline,49999,2,lift the bowl and place it back on the plate 3 times,16,True,374,pi05-baseline,sha256:8a3b3b422bed1dbdac670a877f98c28aab95879a526735e7d7478cf9efb553e1,42,10001
baseline,49999,2,lift the bowl and place it back on the plate 3 times,17,True,407,pi05-baseline,sha256:8a3b3b422bed1dbdac670a877f98c28aab95879a526735e7d7478cf9efb553e1,42,10001
baseline,49999,2,lift the bowl and place it back on the plate 3 times,18,True,340,pi05-baseline,sha256:8a3b3b422bed1dbdac670a877f98c28aab95879a526735e7d7478cf9efb553e1,42,10001
baseline,49999,2,lift the bowl and place it back on the plate 3 times,19,True,250,pi05-baseline,sha256:8a3b3b422bed1dbdac670a877f98c28aab95879a526735e7d7478cf9efb553e1,42,10001
baseline,49999,3,pick up the bottle and put it down the plate 3 times,0,True,352,pi05-baseline,sha256:8a3b3b422bed1dbdac670a877f98c28aab95879a526735e7d7478cf9efb553e1,42,10001
baseline,49999,3,pick up the bottle and put it down the plate 3 times,1,True,318,pi05-baseline,sha256:8a3b3b422bed1dbdac670a877f98c28aab95879a526735e7d7478cf9efb553e1,42,10001
baseline,49999,3,pick up the bottle and put it down the plate 3 times,2,True,246,pi05-baseline,sha256:8a3b3b422bed1dbdac670a877f98c28aab95879a526735e7d7478cf9efb553e1,42,10001
baseline,49999,3,pick up the bottle and put it down the plate 3 times,3,True,247,pi05-baseline,sha256:8a3b3b422bed1dbdac670a877f98c28aab95879a526735e7d7478cf9efb553e1,42,10001
baseline,49999,3,pick up the bottle and put it down the plate 3 times,4,True,311,pi05-baseline,sha256:8a3b3b422bed1dbdac670a877f98c28aab95879a526735e7d7478cf9efb553e1,42,10001
baseline,49999,3,pick up the bottle and put it down the plate 3 times,5,True,287,pi05-baseline,sha256:8a3b3b422bed1dbdac670a877f98c28aab95879a526735e7d7478cf9efb553e1,42,10001
baseline,49999,3,pick up the bottle and put it down the plate 3 times,6,True,253,pi05-baseline,sha256:8a3b3b422bed1dbdac670a877f98c28aab95879a526735e7d7478cf9efb553e1,42,10001
baseline,49999,3,pick up the bottle and put it down the plate 3 times,7,True,343,pi05-baseline,sha256:8a3b3b422bed1dbdac670a877f98c28aab95879a526735e7d7478cf9efb553e1,42,10001
baseline,49999,3,pick up the bottle and put it down the plate 3 times,8,False,600,pi05-baseline,sha256:8a3b3b422bed1dbdac670a877f98c28aab95879a526735e7d7478cf9efb553e1,42,10001
baseline,49999,3,pick up the bottle and put it down the plate 3 times,9,True,321,pi05-baseline,sha256:8a3b3b422bed1dbdac670a877f98c28aab95879a526735e7d7478cf9efb553e1,42,10001
baseline,49999,3,pick up the bottle and put it down the plate 3 times,10,True,232,pi05-baseline,sha256:8a3b3b422bed1dbdac670a877f98c28aab95879a526735e7d7478cf9efb553e1,42,10001
baseline,49999,3,pick up the bottle and put it down the plate 3 times,11,True,299,pi05-baseline,sha256:8a3b3b422bed1dbdac670a877f98c28aab95879a526735e7d7478cf9efb553e1,42,10001
baseline,49999,3,pick up the bottle and put it down the plate 3 times,12,True,329,pi05-baseline,sha256:8a3b3b422bed1dbdac670a877f98c28aab95879a526735e7d7478cf9efb553e1,42,10001
baseline,49999,3,pick up the bottle and put it down the plate 3 times,13,True,273,pi05-baseline,sha256:8a3b3b422bed1dbdac670a877f98c28aab95879a526735e7d7478cf9efb553e1,42,10001
baseline,49999,3,pick up the bottle and put it down the plate 3 times,14,True,396,pi05-baseline,sha256:8a3b3b422bed1dbdac670a877f98c28aab95879a526735e7d7478cf9efb553e1,42,10001
baseline,49999,3,pick up the bottle and put it down the plate 3 times,15,True,189,pi05-baseline,sha256:8a3b3b422bed1dbdac670a877f98c28aab95879a526735e7d7478cf9efb553e1,42,10001
baseline,49999,3,pick up the bottle and put it down the plate 3 times,16,True,441,pi05-baseline,sha256:8a3b3b422bed1dbdac670a877f98c28aab95879a526735e7d7478cf9efb553e1,42,10001
baseline,49999,3,pick up the bottle and put it down the plate 3 times,17,True,511,pi05-baseline,sha256:8a3b3b422bed1dbdac670a877f98c28aab95879a526735e7d7478cf9efb553e1,42,10001
baseline,49999,3,pick up the bottle and put it down the plate 3 times,18,True,410,pi05-baseline,sha256:8a3b3b422bed1dbdac670a877f98c28aab95879a526735e7d7478cf9efb553e1,42,10001
baseline,49999,3,pick up the bottle and put it down the plate 3 times,19,True,289,pi05-baseline,sha256:8a3b3b422bed1dbdac670a877f98c28aab95879a526735e7d7478cf9efb553e1,42,10001
baseline,49999,4,lift the bowl and place it back on the plate 5 times,0,True,382,pi05-baseline,sha256:8a3b3b422bed1dbdac670a877f98c28aab95879a526735e7d7478cf9efb553e1,42,10001
baseline,49999,4,lift the bowl and place it back on the plate 5 times,1,True,312,pi05-baseline,sha256:8a3b3b422bed1dbdac670a877f98c28aab95879a526735e7d7478cf9efb553e1,42,10001
baseline,49999,4,lift the bowl and place it back on the plate 5 times,2,True,350,pi05-baseline,sha256:8a3b3b422bed1dbdac670a877f98c28aab95879a526735e7d7478cf9efb553e1,42,10001
baseline,49999,4,lift the bowl and place it back on the plate 5 times,3,True,347,pi05-baseline,sha256:8a3b3b422bed1dbdac670a877f98c28aab95879a526735e7d7478cf9efb553e1,42,10001
baseline,49999,4,lift the bowl and place it back on the plate 5 times,4,True,318,pi05-baseline,sha256:8a3b3b422bed1dbdac670a877f98c28aab95879a526735e7d7478cf9efb553e1,42,10001
baseline,49999,4,lift the bowl and place it back on the plate 5 times,5,True,441,pi05-baseline,sha256:8a3b3b422bed1dbdac670a877f98c28aab95879a526735e7d7478cf9efb553e1,42,10001
baseline,49999,4,lift the bowl and place it back on the plate 5 times,6,True,364,pi05-baseline,sha256:8a3b3b422bed1dbdac670a877f98c28aab95879a526735e7d7478cf9efb553e1,42,10001
baseline,49999,4,lift the bowl and place it back on the plate 5 times,7,True,391,pi05-baseline,sha256:8a3b3b422bed1dbdac670a877f98c28aab95879a526735e7d7478cf9efb553e1,42,10001
baseline,49999,4,lift the bowl and place it back on the plate 5 times,8,True,365,pi05-baseline,sha256:8a3b3b422bed1dbdac670a877f98c28aab95879a526735e7d7478cf9efb553e1,42,10001
baseline,49999,4,lift the bowl and place it back on the plate 5 times,9,True,370,pi05-baseline,sha256:8a3b3b422bed1dbdac670a877f98c28aab95879a526735e7d7478cf9efb553e1,42,10001
baseline,49999,4,lift the bowl and place it back on the plate 5 times,10,True,434,pi05-baseline,sha256:8a3b3b422bed1dbdac670a877f98c28aab95879a526735e7d7478cf9efb553e1,42,10001
baseline,49999,4,lift the bowl and place it back on the plate 5 times,11,True,317,pi05-baseline,sha256:8a3b3b422bed1dbdac670a877f98c28aab95879a526735e7d7478cf9efb553e1,42,10001
baseline,49999,4,lift the bowl and place it back on the plate 5 times,12,True,372,pi05-baseline,sha256:8a3b3b422bed1dbdac670a877f98c28aab95879a526735e7d7478cf9efb553e1,42,10001
baseline,49999,4,lift the bowl and place it back on the plate 5 times,13,True,385,pi05-baseline,sha256:8a3b3b422bed1dbdac670a877f98c28aab95879a526735e7d7478cf9efb553e1,42,10001
baseline,49999,4,lift the bowl and place it back on the plate 5 times,14,True,478,pi05-baseline,sha256:8a3b3b422bed1dbdac670a877f98c28aab95879a526735e7d7478cf9efb553e1,42,10001
baseline,49999,4,lift the bowl and place it back on the plate 5 times,15,True,445,pi05-baseline,sha256:8a3b3b422bed1dbdac670a877f98c28aab95879a526735e7d7478cf9efb553e1,42,10001
baseline,49999,4,lift the bowl and place it back on the plate 5 times,16,True,473,pi05-baseline,sha256:8a3b3b422bed1dbdac670a877f98c28aab95879a526735e7d7478cf9efb553e1,42,10001
baseline,49999,4,lift the bowl and place it back on the plate 5 times,17,True,380,pi05-baseline,sha256:8a3b3b422bed1dbdac670a877f98c28aab95879a526735e7d7478cf9efb553e1,42,10001
baseline,49999,4,lift the bowl and place it back on the plate 5 times,18,True,363,pi05-baseline,sha256:8a3b3b422bed1dbdac670a877f98c28aab95879a526735e7d7478cf9efb553e1,42,10001
baseline,49999,4,lift the bowl and place it back on the plate 5 times,19,True,489,pi05-baseline,sha256:8a3b3b422bed1dbdac670a877f98c28aab95879a526735e7d7478cf9efb553e1,42,10001
baseline,49999,5,pick up the bowl and place it on the plate 7 times,0,False,600,pi05-baseline,sha256:8a3b3b422bed1dbdac670a877f98c28aab95879a526735e7d7478cf9efb553e1,42,10001
baseline,49999,5,pick up the bowl and place it on the plate 7 times,1,True,552,pi05-baseline,sha256:8a3b3b422bed1dbdac670a877f98c28aab95879a526735e7d7478cf9efb553e1,42,10001
baseline,49999,5,pick up the bowl and place it on the plate 7 times,2,True,534,pi05-baseline,sha256:8a3b3b422bed1dbdac670a877f98c28aab95879a526735e7d7478cf9efb553e1,42,10001
baseline,49999,5,pick up the bowl and place it on the plate 7 times,3,False,600,pi05-baseline,sha256:8a3b3b422bed1dbdac670a877f98c28aab95879a526735e7d7478cf9efb553e1,42,10001
baseline,49999,5,pick up the bowl and place it on the plate 7 times,4,False,600,pi05-baseline,sha256:8a3b3b422bed1dbdac670a877f98c28aab95879a526735e7d7478cf9efb553e1,42,10001
baseline,49999,5,pick up the bowl and place it on the plate 7 times,5,False,600,pi05-baseline,sha256:8a3b3b422bed1dbdac670a877f98c28aab95879a526735e7d7478cf9efb553e1,42,10001
baseline,49999,5,pick up the bowl and place it on the plate 7 times,6,False,600,pi05-baseline,sha256:8a3b3b422bed1dbdac670a877f98c28aab95879a526735e7d7478cf9efb553e1,42,10001
baseline,49999,5,pick up the bowl and place it on the plate 7 times,7,True,520,pi05-baseline,sha256:8a3b3b422bed1dbdac670a877f98c28aab95879a526735e7d7478cf9efb553e1,42,10001
baseline,49999,5,pick up the bowl and place it on the plate 7 times,8,False,600,pi05-baseline,sha256:8a3b3b422bed1dbdac670a877f98c28aab95879a526735e7d7478cf9efb553e1,42,10001
baseline,49999,5,pick up the bowl and place it on the plate 7 times,9,False,600,pi05-baseline,sha256:8a3b3b422bed1dbdac670a877f98c28aab95879a526735e7d7478cf9efb553e1,42,10001
baseline,49999,5,pick up the bowl and place it on the plate 7 times,10,True,557,pi05-baseline,sha256:8a3b3b422bed1dbdac670a877f98c28aab95879a526735e7d7478cf9efb553e1,42,10001
baseline,49999,5,pick up the bowl and place it on the plate 7 times,11,True,592,pi05-baseline,sha256:8a3b3b422bed1dbdac670a877f98c28aab95879a526735e7d7478cf9efb553e1,42,10001
baseline,49999,5,pick up the bowl and place it on the plate 7 times,12,False,600,pi05-baseline,sha256:8a3b3b422bed1dbdac670a877f98c28aab95879a526735e7d7478cf9efb553e1,42,10001
baseline,49999,5,pick up the bowl and place it on the plate 7 times,13,True,558,pi05-baseline,sha256:8a3b3b422bed1dbdac670a877f98c28aab95879a526735e7d7478cf9efb553e1,42,10001
baseline,49999,5,pick up the bowl and place it on the plate 7 times,14,False,600,pi05-baseline,sha256:8a3b3b422bed1dbdac670a877f98c28aab95879a526735e7d7478cf9efb553e1,42,10001
baseline,49999,5,pick up the bowl and place it on the plate 7 times,15,False,600,pi05-baseline,sha256:8a3b3b422bed1dbdac670a877f98c28aab95879a526735e7d7478cf9efb553e1,42,10001
baseline,49999,5,pick up the bowl and place it on the plate 7 times,16,False,600,pi05-baseline,sha256:8a3b3b422bed1dbdac670a877f98c28aab95879a526735e7d7478cf9efb553e1,42,10001
baseline,49999,5,pick up the bowl and place it on the plate 7 times,17,False,600,pi05-baseline,sha256:8a3b3b422bed1dbdac670a877f98c28aab95879a526735e7d7478cf9efb553e1,42,10001
baseline,49999,5,pick up the bowl and place it on the plate 7 times,18,False,600,pi05-baseline,sha256:8a3b3b422bed1dbdac670a877f98c28aab95879a526735e7d7478cf9efb553e1,42,10001
baseline,49999,5,pick up the bowl and place it on the plate 7 times,19,False,600,pi05-baseline,sha256:8a3b3b422bed1dbdac670a877f98c28aab95879a526735e7d7478cf9efb553e1,42,10001
baseline,49999,6,swap the 2 bowls on their plates using the empty plate,0,False,600,pi05-baseline,sha256:8a3b3b422bed1dbdac670a877f98c28aab95879a526735e7d7478cf9efb553e1,42,10001
baseline,49999,6,swap the 2 bowls on their plates using the empty plate,1,True,355,pi05-baseline,sha256:8a3b3b422bed1dbdac670a877f98c28aab95879a526735e7d7478cf9efb553e1,42,10001
baseline,49999,6,swap the 2 bowls on their plates using the empty plate,2,False,600,pi05-baseline,sha256:8a3b3b422bed1dbdac670a877f98c28aab95879a526735e7d7478cf9efb553e1,42,10001
baseline,49999,6,swap the 2 bowls on their plates using the empty plate,3,True,378,pi05-baseline,sha256:8a3b3b422bed1dbdac670a877f98c28aab95879a526735e7d7478cf9efb553e1,42,10001
baseline,49999,6,swap the 2 bowls on their plates using the empty plate,4,False,600,pi05-baseline,sha256:8a3b3b422bed1dbdac670a877f98c28aab95879a526735e7d7478cf9efb553e1,42,10001
baseline,49999,6,swap the 2 bowls on their plates using the empty plate,5,False,600,pi05-baseline,sha256:8a3b3b422bed1dbdac670a877f98c28aab95879a526735e7d7478cf9efb553e1,42,10001
baseline,49999,6,swap the 2 bowls on their plates using the empty plate,6,False,600,pi05-baseline,sha256:8a3b3b422bed1dbdac670a877f98c28aab95879a526735e7d7478cf9efb553e1,42,10001
baseline,49999,6,swap the 2 bowls on their plates using the empty plate,7,False,600,pi05-baseline,sha256:8a3b3b422bed1dbdac670a877f98c28aab95879a526735e7d7478cf9efb553e1,42,10001
baseline,49999,6,swap the 2 bowls on their plates using the empty plate,8,False,600,pi05-baseline,sha256:8a3b3b422bed1dbdac670a877f98c28aab95879a526735e7d7478cf9efb553e1,42,10001
baseline,49999,6,swap the 2 bowls on their plates using the empty plate,9,False,600,pi05-baseline,sha256:8a3b3b422bed1dbdac670a877f98c28aab95879a526735e7d7478cf9efb553e1,42,10001
baseline,49999,6,swap the 2 bowls on their plates using the empty plate,10,True,493,pi05-baseline,sha256:8a3b3b422bed1dbdac670a877f98c28aab95879a526735e7d7478cf9efb553e1,42,10001
baseline,49999,6,swap the 2 bowls on their plates using the empty plate,11,False,600,pi05-baseline,sha256:8a3b3b422bed1dbdac670a877f98c28aab95879a526735e7d7478cf9efb553e1,42,10001
baseline,49999,6,swap the 2 bowls on their plates using the empty plate,12,False,600,pi05-baseline,sha256:8a3b3b422bed1dbdac670a877f98c28aab95879a526735e7d7478cf9efb553e1,42,10001
baseline,49999,6,swap the 2 bowls on their plates using the empty plate,13,False,600,pi05-baseline,sha256:8a3b3b422bed1dbdac670a877f98c28aab95879a526735e7d7478cf9efb553e1,42,10001
baseline,49999,6,swap the 2 bowls on their plates using the empty plate,14,False,600,pi05-baseline,sha256:8a3b3b422bed1dbdac670a877f98c28aab95879a526735e7d7478cf9efb553e1,42,10001
baseline,49999,6,swap the 2 bowls on their plates using the empty plate,15,False,600,pi05-baseline,sha256:8a3b3b422bed1dbdac670a877f98c28aab95879a526735e7d7478cf9efb553e1,42,10001
baseline,49999,6,swap the 2 bowls on their plates using the empty plate,16,True,524,pi05-baseline,sha256:8a3b3b422bed1dbdac670a877f98c28aab95879a526735e7d7478cf9efb553e1,42,10001
baseline,49999,6,swap the 2 bowls on their plates using the empty plate,17,False,600,pi05-baseline,sha256:8a3b3b422bed1dbdac670a877f98c28aab95879a526735e7d7478cf9efb553e1,42,10001
baseline,49999,6,swap the 2 bowls on their plates using the empty plate,18,True,344,pi05-baseline,sha256:8a3b3b422bed1dbdac670a877f98c28aab95879a526735e7d7478cf9efb553e1,42,10001
baseline,49999,6,swap the 2 bowls on their plates using the empty plate,19,True,373,pi05-baseline,sha256:8a3b3b422bed1dbdac670a877f98c28aab95879a526735e7d7478cf9efb553e1,42,10001
baseline,49999,7,rotate the 3 bowls on their plates from left to right using the empty plate,0,False,600,pi05-baseline,sha256:8a3b3b422bed1dbdac670a877f98c28aab95879a526735e7d7478cf9efb553e1,42,10001
baseline,49999,7,rotate the 3 bowls on their plates from left to right using the empty plate,1,True,515,pi05-baseline,sha256:8a3b3b422bed1dbdac670a877f98c28aab95879a526735e7d7478cf9efb553e1,42,10001
baseline,49999,7,rotate the 3 bowls on their plates from left to right using the empty plate,2,False,600,pi05-baseline,sha256:8a3b3b422bed1dbdac670a877f98c28aab95879a526735e7d7478cf9efb553e1,42,10001
baseline,49999,7,rotate the 3 bowls on their plates from left to right using the empty plate,3,True,581,pi05-baseline,sha256:8a3b3b422bed1dbdac670a877f98c28aab95879a526735e7d7478cf9efb553e1,42,10001
baseline,49999,7,rotate the 3 bowls on their plates from left to right using the empty plate,4,False,600,pi05-baseline,sha256:8a3b3b422bed1dbdac670a877f98c28aab95879a526735e7d7478cf9efb553e1,42,10001
baseline,49999,7,rotate the 3 bowls on their plates from left to right using the empty plate,5,True,585,pi05-baseline,sha256:8a3b3b422bed1dbdac670a877f98c28aab95879a526735e7d7478cf9efb553e1,42,10001
baseline,49999,7,rotate the 3 bowls on their plates from left to right using the empty plate,6,False,600,pi05-baseline,sha256:8a3b3b422bed1dbdac670a877f98c28aab95879a526735e7d7478cf9efb553e1,42,10001
baseline,49999,7,rotate the 3 bowls on their plates from left to right using the empty plate,7,False,600,pi05-baseline,sha256:8a3b3b422bed1dbdac670a877f98c28aab95879a526735e7d7478cf9efb553e1,42,10001
baseline,49999,7,rotate the 3 bowls on their plates from left to right using the empty plate,8,False,600,pi05-baseline,sha256:8a3b3b422bed1dbdac670a877f98c28aab95879a526735e7d7478cf9efb553e1,42,10001
baseline,49999,7,rotate the 3 bowls on their plates from left to right using the empty plate,9,False,600,pi05-baseline,sha256:8a3b3b422bed1dbdac670a877f98c28aab95879a526735e7d7478cf9efb553e1,42,10001
baseline,49999,7,rotate the 3 bowls on their plates from left to right using the empty plate,10,True,556,pi05-baseline,sha256:8a3b3b422bed1dbdac670a877f98c28aab95879a526735e7d7478cf9efb553e1,42,10001
baseline,49999,7,rotate the 3 bowls on their plates from left to right using the empty plate,11,True,538,pi05-baseline,sha256:8a3b3b422bed1dbdac670a877f98c28aab95879a526735e7d7478cf9efb553e1,42,10001
baseline,49999,7,rotate the 3 bowls on their plates from left to right using the empty plate,12,False,600,pi05-baseline,sha256:8a3b3b422bed1dbdac670a877f98c28aab95879a526735e7d7478cf9efb553e1,42,10001
baseline,49999,7,rotate the 3 bowls on their plates from left to right using the empty plate,13,True,533,pi05-baseline,sha256:8a3b3b422bed1dbdac670a877f98c28aab95879a526735e7d7478cf9efb553e1,42,10001
baseline,49999,7,rotate the 3 bowls on their plates from left to right using the empty plate,14,False,600,pi05-baseline,sha256:8a3b3b422bed1dbdac670a877f98c28aab95879a526735e7d7478cf9efb553e1,42,10001
baseline,49999,7,rotate the 3 bowls on their plates from left to right using the empty plate,15,True,450,pi05-baseline,sha256:8a3b3b422bed1dbdac670a877f98c28aab95879a526735e7d7478cf9efb553e1,42,10001
baseline,49999,7,rotate the 3 bowls on their plates from left to right using the empty plate,16,True,457,pi05-baseline,sha256:8a3b3b422bed1dbdac670a877f98c28aab95879a526735e7d7478cf9efb553e1,42,10001
baseline,49999,7,rotate the 3 bowls on their plates from left to right using the empty plate,17,True,576,pi05-baseline,sha256:8a3b3b422bed1dbdac670a877f98c28aab95879a526735e7d7478cf9efb553e1,42,10001
baseline,49999,7,rotate the 3 bowls on their plates from left to right using the empty plate,18,True,510,pi05-baseline,sha256:8a3b3b422bed1dbdac670a877f98c28aab95879a526735e7d7478cf9efb553e1,42,10001
baseline,49999,7,rotate the 3 bowls on their plates from left to right using the empty plate,19,True,564,pi05-baseline,sha256:8a3b3b422bed1dbdac670a877f98c28aab95879a526735e7d7478cf9efb553e1,42,10001
baseline,49999,8,put the cream cheese in the nearest basket and place that basket in the center,0,True,296,pi05-baseline,sha256:8a3b3b422bed1dbdac670a877f98c28aab95879a526735e7d7478cf9efb553e1,42,10001
baseline,49999,8,put the cream cheese in the nearest basket and place that basket in the center,1,True,284,pi05-baseline,sha256:8a3b3b422bed1dbdac670a877f98c28aab95879a526735e7d7478cf9efb553e1,42,10001
baseline,49999,8,put the cream cheese in the nearest basket and place that basket in the center,2,True,306,pi05-baseline,sha256:8a3b3b422bed1dbdac670a877f98c28aab95879a526735e7d7478cf9efb553e1,42,10001
baseline,49999,8,put the cream cheese in the nearest basket and place that basket in the center,3,True,307,pi05-baseline,sha256:8a3b3b422bed1dbdac670a877f98c28aab95879a526735e7d7478cf9efb553e1,42,10001
baseline,49999,8,put the cream cheese in the nearest basket and place that basket in the center,4,True,297,pi05-baseline,sha256:8a3b3b422bed1dbdac670a877f98c28aab95879a526735e7d7478cf9efb553e1,42,10001
baseline,49999,8,put the cream cheese in the nearest basket and place that basket in the center,5,True,299,pi05-baseline,sha256:8a3b3b422bed1dbdac670a877f98c28aab95879a526735e7d7478cf9efb553e1,42,10001
baseline,49999,8,put the cream cheese in the nearest basket and place that basket in the center,6,True,312,pi05-baseline,sha256:8a3b3b422bed1dbdac670a877f98c28aab95879a526735e7d7478cf9efb553e1,42,10001
baseline,49999,8,put the cream cheese in the nearest basket and place that basket in the center,7,True,305,pi05-baseline,sha256:8a3b3b422bed1dbdac670a877f98c28aab95879a526735e7d7478cf9efb553e1,42,10001
baseline,49999,8,put the cream cheese in the nearest basket and place that basket in the center,8,True,296,pi05-baseline,sha256:8a3b3b422bed1dbdac670a877f98c28aab95879a526735e7d7478cf9efb553e1,42,10001
baseline,49999,8,put the cream cheese in the nearest basket and place that basket in the center,9,True,328,pi05-baseline,sha256:8a3b3b422bed1dbdac670a877f98c28aab95879a526735e7d7478cf9efb553e1,42,10001
baseline,49999,8,put the cream cheese in the nearest basket and place that basket in the center,10,True,296,pi05-baseline,sha256:8a3b3b422bed1dbdac670a877f98c28aab95879a526735e7d7478cf9efb553e1,42,10001
baseline,49999,8,put the cream cheese in the nearest basket and place that basket in the center,11,True,287,pi05-baseline,sha256:8a3b3b422bed1dbdac670a877f98c28aab95879a526735e7d7478cf9efb553e1,42,10001
baseline,49999,8,put the cream cheese in the nearest basket and place that basket in the center,12,True,274,pi05-baseline,sha256:8a3b3b422bed1dbdac670a877f98c28aab95879a526735e7d7478cf9efb553e1,42,10001
baseline,49999,8,put the cream cheese in the nearest basket and place that basket in the center,13,True,298,pi05-baseline,sha256:8a3b3b422bed1dbdac670a877f98c28aab95879a526735e7d7478cf9efb553e1,42,10001
baseline,49999,8,put the cream cheese in the nearest basket and place that basket in the center,14,True,348,pi05-baseline,sha256:8a3b3b422bed1dbdac670a877f98c28aab95879a526735e7d7478cf9efb553e1,42,10001
baseline,49999,8,put the cream cheese in the nearest basket and place that basket in the center,15,True,278,pi05-baseline,sha256:8a3b3b422bed1dbdac670a877f98c28aab95879a526735e7d7478cf9efb553e1,42,10001
baseline,49999,8,put the cream cheese in the nearest basket and place that basket in the center,16,True,279,pi05-baseline,sha256:8a3b3b422bed1dbdac670a877f98c28aab95879a526735e7d7478cf9efb553e1,42,10001
baseline,49999,8,put the cream cheese in the nearest basket and place that basket in the center,17,True,318,pi05-baseline,sha256:8a3b3b422bed1dbdac670a877f98c28aab95879a526735e7d7478cf9efb553e1,42,10001
baseline,49999,8,put the cream cheese in the nearest basket and place that basket in the center,18,True,303,pi05-baseline,sha256:8a3b3b422bed1dbdac670a877f98c28aab95879a526735e7d7478cf9efb553e1,42,10001
baseline,49999,8,put the cream cheese in the nearest basket and place that basket in the center,19,True,272,pi05-baseline,sha256:8a3b3b422bed1dbdac670a877f98c28aab95879a526735e7d7478cf9efb553e1,42,10001
baseline,49999,9,put the cream cheese in the nearest basket and place the empty basket in the center,0,True,314,pi05-baseline,sha256:8a3b3b422bed1dbdac670a877f98c28aab95879a526735e7d7478cf9efb553e1,42,10001
baseline,49999,9,put the cream cheese in the nearest basket and place the empty basket in the center,1,True,265,pi05-baseline,sha256:8a3b3b422bed1dbdac670a877f98c28aab95879a526735e7d7478cf9efb553e1,42,10001
baseline,49999,9,put the cream cheese in the nearest basket and place the empty basket in the center,2,True,275,pi05-baseline,sha256:8a3b3b422bed1dbdac670a877f98c28aab95879a526735e7d7478cf9efb553e1,42,10001
baseline,49999,9,put the cream cheese in the nearest basket and place the empty basket in the center,3,True,278,pi05-baseline,sha256:8a3b3b422bed1dbdac670a877f98c28aab95879a526735e7d7478cf9efb553e1,42,10001
baseline,49999,9,put the cream cheese in the nearest basket and place the empty basket in the center,4,True,286,pi05-baseline,sha256:8a3b3b422bed1dbdac670a877f98c28aab95879a526735e7d7478cf9efb553e1,42,10001
baseline,49999,9,put the cream cheese in the nearest basket and place the empty basket in the center,5,True,274,pi05-baseline,sha256:8a3b3b422bed1dbdac670a877f98c28aab95879a526735e7d7478cf9efb553e1,42,10001
baseline,49999,9,put the cream cheese in the nearest basket and place the empty basket in the center,6,True,265,pi05-baseline,sha256:8a3b3b422bed1dbdac670a877f98c28aab95879a526735e7d7478cf9efb553e1,42,10001
baseline,49999,9,put the cream cheese in the nearest basket and place the empty basket in the center,7,True,292,pi05-baseline,sha256:8a3b3b422bed1dbdac670a877f98c28aab95879a526735e7d7478cf9efb553e1,42,10001
baseline,49999,9,put the cream cheese in the nearest basket and place the empty basket in the center,8,True,286,pi05-baseline,sha256:8a3b3b422bed1dbdac670a877f98c28aab95879a526735e7d7478cf9efb553e1,42,10001
baseline,49999,9,put the cream cheese in the nearest basket and place the empty basket in the center,9,True,291,pi05-baseline,sha256:8a3b3b422bed1dbdac670a877f98c28aab95879a526735e7d7478cf9efb553e1,42,10001
baseline,49999,9,put the cream cheese in the nearest basket and place the empty basket in the center,10,True,296,pi05-baseline,sha256:8a3b3b422bed1dbdac670a877f98c28aab95879a526735e7d7478cf9efb553e1,42,10001
baseline,49999,9,put the cream cheese in the nearest basket and place the empty basket in the center,11,True,272,pi05-baseline,sha256:8a3b3b422bed1dbdac670a877f98c28aab95879a526735e7d7478cf9efb553e1,42,10001
baseline,49999,9,put the cream cheese in the nearest basket and place the empty basket in the center,12,True,255,pi05-baseline,sha256:8a3b3b422bed1dbdac670a877f98c28aab95879a526735e7d7478cf9efb553e1,42,10001
baseline,49999,9,put the cream cheese in the nearest basket and place the empty basket in the center,13,True,306,pi05-baseline,sha256:8a3b3b422bed1dbdac670a877f98c28aab95879a526735e7d7478cf9efb553e1,42,10001
baseline,49999,9,put the cream cheese in the nearest basket and place the empty basket in the center,14,True,294,pi05-baseline,sha256:8a3b3b422bed1dbdac670a877f98c28aab95879a526735e7d7478cf9efb553e1,42,10001
baseline,49999,9,put the cream cheese in the nearest basket and place the empty basket in the center,15,True,279,pi05-baseline,sha256:8a3b3b422bed1dbdac670a877f98c28aab95879a526735e7d7478cf9efb553e1,42,10001
baseline,49999,9,put the cream cheese in the nearest basket and place the empty basket in the center,16,True,296,pi05-baseline,sha256:8a3b3b422bed1dbdac670a877f98c28aab95879a526735e7d7478cf9efb553e1,42,10001
baseline,49999,9,put the cream cheese in the nearest basket and place the empty basket in the center,17,True,295,pi05-baseline,sha256:8a3b3b422bed1dbdac670a877f98c28aab95879a526735e7d7478cf9efb553e1,42,10001
baseline,49999,9,put the cream cheese in the nearest basket and place the empty basket in the center,18,True,285,pi05-baseline,sha256:8a3b3b422bed1dbdac670a877f98c28aab95879a526735e7d7478cf9efb553e1,42,10001
baseline,49999,9,put the cream cheese in the nearest basket and place the empty basket in the center,19,True,259,pi05-baseline,sha256:8a3b3b422bed1dbdac670a877f98c28aab95879a526735e7d7478cf9efb553e1,42,10001
futuremamba,500,0,pick up the bowl and place it back on the plate,0,True,128,action_history_mamba_pe_ae_handoff,sha256:e61c68f3aa57a59dd10cfee0495d03264d6ddb9ef3a190d0a7e4c903bf95b51d,42,10001
futuremamba,500,0,pick up the bowl and place it back on the plate,1,True,131,action_history_mamba_pe_ae_handoff,sha256:e61c68f3aa57a59dd10cfee0495d03264d6ddb9ef3a190d0a7e4c903bf95b51d,42,10001
futuremamba,500,0,pick up the bowl and place it back on the plate,2,True,128,action_history_mamba_pe_ae_handoff,sha256:e61c68f3aa57a59dd10cfee0495d03264d6ddb9ef3a190d0a7e4c903bf95b51d,42,10001
futuremamba,500,0,pick up the bowl and place it back on the plate,3,True,91,action_history_mamba_pe_ae_handoff,sha256:e61c68f3aa57a59dd10cfee0495d03264d6ddb9ef3a190d0a7e4c903bf95b51d,42,10001
futuremamba,500,0,pick up the bowl and place it back on the plate,4,True,125,action_history_mamba_pe_ae_handoff,sha256:e61c68f3aa57a59dd10cfee0495d03264d6ddb9ef3a190d0a7e4c903bf95b51d,42,10001
futuremamba,500,0,pick up the bowl and place it back on the plate,5,True,141,action_history_mamba_pe_ae_handoff,sha256:e61c68f3aa57a59dd10cfee0495d03264d6ddb9ef3a190d0a7e4c903bf95b51d,42,10001
futuremamba,500,0,pick up the bowl and place it back on the plate,6,True,117,action_history_mamba_pe_ae_handoff,sha256:e61c68f3aa57a59dd10cfee0495d03264d6ddb9ef3a190d0a7e4c903bf95b51d,42,10001
futuremamba,500,0,pick up the bowl and place it back on the plate,7,True,121,action_history_mamba_pe_ae_handoff,sha256:e61c68f3aa57a59dd10cfee0495d03264d6ddb9ef3a190d0a7e4c903bf95b51d,42,10001
futuremamba,500,0,pick up the bowl and place it back on the plate,8,True,129,action_history_mamba_pe_ae_handoff,sha256:e61c68f3aa57a59dd10cfee0495d03264d6ddb9ef3a190d0a7e4c903bf95b51d,42,10001
futuremamba,500,0,pick up the bowl and place it back on the plate,9,True,131,action_history_mamba_pe_ae_handoff,sha256:e61c68f3aa57a59dd10cfee0495d03264d6ddb9ef3a190d0a7e4c903bf95b51d,42,10001
futuremamba,500,0,pick up the bowl and place it back on the plate,10,True,122,action_history_mamba_pe_ae_handoff,sha256:e61c68f3aa57a59dd10cfee0495d03264d6ddb9ef3a190d0a7e4c903bf95b51d,42,10001
futuremamba,500,0,pick up the bowl and place it back on the plate,11,True,133,action_history_mamba_pe_ae_handoff,sha256:e61c68f3aa57a59dd10cfee0495d03264d6ddb9ef3a190d0a7e4c903bf95b51d,42,10001
futuremamba,500,0,pick up the bowl and place it back on the plate,12,True,123,action_history_mamba_pe_ae_handoff,sha256:e61c68f3aa57a59dd10cfee0495d03264d6ddb9ef3a190d0a7e4c903bf95b51d,42,10001
futuremamba,500,0,pick up the bowl and place it back on the plate,13,True,276,action_history_mamba_pe_ae_handoff,sha256:e61c68f3aa57a59dd10cfee0495d03264d6ddb9ef3a190d0a7e4c903bf95b51d,42,10001
futuremamba,500,0,pick up the bowl and place it back on the plate,14,True,127,action_history_mamba_pe_ae_handoff,sha256:e61c68f3aa57a59dd10cfee0495d03264d6ddb9ef3a190d0a7e4c903bf95b51d,42,10001
futuremamba,500,0,pick up the bowl and place it back on the plate,15,True,122,action_history_mamba_pe_ae_handoff,sha256:e61c68f3aa57a59dd10cfee0495d03264d6ddb9ef3a190d0a7e4c903bf95b51d,42,10001
futuremamba,500,0,pick up the bowl and place it back on the plate,16,True,134,action_history_mamba_pe_ae_handoff,sha256:e61c68f3aa57a59dd10cfee0495d03264d6ddb9ef3a190d0a7e4c903bf95b51d,42,10001
futuremamba,500,0,pick up the bowl and place it back on the plate,17,True,121,action_history_mamba_pe_ae_handoff,sha256:e61c68f3aa57a59dd10cfee0495d03264d6ddb9ef3a190d0a7e4c903bf95b51d,42,10001
futuremamba,500,0,pick up the bowl and place it back on the plate,18,True,125,action_history_mamba_pe_ae_handoff,sha256:e61c68f3aa57a59dd10cfee0495d03264d6ddb9ef3a190d0a7e4c903bf95b51d,42,10001
futuremamba,500,0,pick up the bowl and place it back on the plate,19,True,123,action_history_mamba_pe_ae_handoff,sha256:e61c68f3aa57a59dd10cfee0495d03264d6ddb9ef3a190d0a7e4c903bf95b51d,42,10001
futuremamba,500,1,lift the bottle and put it down on the plate,0,True,130,action_history_mamba_pe_ae_handoff,sha256:afdce1e0589e836eef099baf2e3b9d0888b69022799683ba843e66ad9cb1b001,42,10001
futuremamba,500,1,lift the bottle and put it down on the plate,1,True,88,action_history_mamba_pe_ae_handoff,sha256:afdce1e0589e836eef099baf2e3b9d0888b69022799683ba843e66ad9cb1b001,42,10001
futuremamba,500,1,lift the bottle and put it down on the plate,2,True,130,action_history_mamba_pe_ae_handoff,sha256:afdce1e0589e836eef099baf2e3b9d0888b69022799683ba843e66ad9cb1b001,42,10001
futuremamba,500,1,lift the bottle and put it down on the plate,3,True,109,action_history_mamba_pe_ae_handoff,sha256:afdce1e0589e836eef099baf2e3b9d0888b69022799683ba843e66ad9cb1b001,42,10001
futuremamba,500,1,lift the bottle and put it down on the plate,4,True,134,action_history_mamba_pe_ae_handoff,sha256:afdce1e0589e836eef099baf2e3b9d0888b69022799683ba843e66ad9cb1b001,42,10001
futuremamba,500,1,lift the bottle and put it down on the plate,5,True,92,action_history_mamba_pe_ae_handoff,sha256:afdce1e0589e836eef099baf2e3b9d0888b69022799683ba843e66ad9cb1b001,42,10001
futuremamba,500,1,lift the bottle and put it down on the plate,6,True,172,action_history_mamba_pe_ae_handoff,sha256:afdce1e0589e836eef099baf2e3b9d0888b69022799683ba843e66ad9cb1b001,42,10001
futuremamba,500,1,lift the bottle and put it down on the plate,7,True,127,action_history_mamba_pe_ae_handoff,sha256:afdce1e0589e836eef099baf2e3b9d0888b69022799683ba843e66ad9cb1b001,42,10001
futuremamba,500,1,lift the bottle and put it down on the plate,8,True,136,action_history_mamba_pe_ae_handoff,sha256:afdce1e0589e836eef099baf2e3b9d0888b69022799683ba843e66ad9cb1b001,42,10001
futuremamba,500,1,lift the bottle and put it down on the plate,9,True,169,action_history_mamba_pe_ae_handoff,sha256:afdce1e0589e836eef099baf2e3b9d0888b69022799683ba843e66ad9cb1b001,42,10001
futuremamba,500,1,lift the bottle and put it down on the plate,10,True,125,action_history_mamba_pe_ae_handoff,sha256:afdce1e0589e836eef099baf2e3b9d0888b69022799683ba843e66ad9cb1b001,42,10001
futuremamba,500,1,lift the bottle and put it down on the plate,11,True,145,action_history_mamba_pe_ae_handoff,sha256:afdce1e0589e836eef099baf2e3b9d0888b69022799683ba843e66ad9cb1b001,42,10001
futuremamba,500,1,lift the bottle and put it down on the plate,12,True,252,action_history_mamba_pe_ae_handoff,sha256:afdce1e0589e836eef099baf2e3b9d0888b69022799683ba843e66ad9cb1b001,42,10001
futuremamba,500,1,lift the bottle and put it down on the plate,13,True,118,action_history_mamba_pe_ae_handoff,sha256:afdce1e0589e836eef099baf2e3b9d0888b69022799683ba843e66ad9cb1b001,42,10001
futuremamba,500,1,lift the bottle and put it down on the plate,14,True,198,action_history_mamba_pe_ae_handoff,sha256:afdce1e0589e836eef099baf2e3b9d0888b69022799683ba843e66ad9cb1b001,42,10001
futuremamba,500,1,lift the bottle and put it down on the plate,15,True,103,action_history_mamba_pe_ae_handoff,sha256:afdce1e0589e836eef099baf2e3b9d0888b69022799683ba843e66ad9cb1b001,42,10001
futuremamba,500,1,lift the bottle and put it down on the plate,16,True,136,action_history_mamba_pe_ae_handoff,sha256:afdce1e0589e836eef099baf2e3b9d0888b69022799683ba843e66ad9cb1b001,42,10001
futuremamba,500,1,lift the bottle and put it down on the plate,17,True,112,action_history_mamba_pe_ae_handoff,sha256:afdce1e0589e836eef099baf2e3b9d0888b69022799683ba843e66ad9cb1b001,42,10001
futuremamba,500,1,lift the bottle and put it down on the plate,18,True,281,action_history_mamba_pe_ae_handoff,sha256:afdce1e0589e836eef099baf2e3b9d0888b69022799683ba843e66ad9cb1b001,42,10001
futuremamba,500,1,lift the bottle and put it down on the plate,19,True,135,action_history_mamba_pe_ae_handoff,sha256:afdce1e0589e836eef099baf2e3b9d0888b69022799683ba843e66ad9cb1b001,42,10001
futuremamba,500,2,lift the bowl and place it back on the plate 3 times,0,True,263,action_history_mamba_pe_ae_handoff,sha256:47f9eea847676fb5bc3f544370191e1a4fe936b6653a8b80cabcdcfdee600431,42,10001
futuremamba,500,2,lift the bowl and place it back on the plate 3 times,1,True,262,action_history_mamba_pe_ae_handoff,sha256:47f9eea847676fb5bc3f544370191e1a4fe936b6653a8b80cabcdcfdee600431,42,10001
futuremamba,500,2,lift the bowl and place it back on the plate 3 times,2,True,253,action_history_mamba_pe_ae_handoff,sha256:47f9eea847676fb5bc3f544370191e1a4fe936b6653a8b80cabcdcfdee600431,42,10001
futuremamba,500,2,lift the bowl and place it back on the plate 3 times,3,True,249,action_history_mamba_pe_ae_handoff,sha256:47f9eea847676fb5bc3f544370191e1a4fe936b6653a8b80cabcdcfdee600431,42,10001
futuremamba,500,2,lift the bowl and place it back on the plate 3 times,4,True,337,action_history_mamba_pe_ae_handoff,sha256:47f9eea847676fb5bc3f544370191e1a4fe936b6653a8b80cabcdcfdee600431,42,10001
futuremamba,500,2,lift the bowl and place it back on the plate 3 times,5,True,266,action_history_mamba_pe_ae_handoff,sha256:47f9eea847676fb5bc3f544370191e1a4fe936b6653a8b80cabcdcfdee600431,42,10001
futuremamba,500,2,lift the bowl and place it back on the plate 3 times,6,True,235,action_history_mamba_pe_ae_handoff,sha256:47f9eea847676fb5bc3f544370191e1a4fe936b6653a8b80cabcdcfdee600431,42,10001
futuremamba,500,2,lift the bowl and place it back on the plate 3 times,7,True,306,action_history_mamba_pe_ae_handoff,sha256:47f9eea847676fb5bc3f544370191e1a4fe936b6653a8b80cabcdcfdee600431,42,10001
futuremamba,500,2,lift the bowl and place it back on the plate 3 times,8,True,273,action_history_mamba_pe_ae_handoff,sha256:47f9eea847676fb5bc3f544370191e1a4fe936b6653a8b80cabcdcfdee600431,42,10001
futuremamba,500,2,lift the bowl and place it back on the plate 3 times,9,True,342,action_history_mamba_pe_ae_handoff,sha256:47f9eea847676fb5bc3f544370191e1a4fe936b6653a8b80cabcdcfdee600431,42,10001
futuremamba,500,2,lift the bowl and place it back on the plate 3 times,10,True,275,action_history_mamba_pe_ae_handoff,sha256:47f9eea847676fb5bc3f544370191e1a4fe936b6653a8b80cabcdcfdee600431,42,10001
futuremamba,500,2,lift the bowl and place it back on the plate 3 times,11,True,223,action_history_mamba_pe_ae_handoff,sha256:47f9eea847676fb5bc3f544370191e1a4fe936b6653a8b80cabcdcfdee600431,42,10001
futuremamba,500,2,lift the bowl and place it back on the plate 3 times,12,True,267,action_history_mamba_pe_ae_handoff,sha256:47f9eea847676fb5bc3f544370191e1a4fe936b6653a8b80cabcdcfdee600431,42,10001
futuremamba,500,2,lift the bowl and place it back on the plate 3 times,13,True,270,action_history_mamba_pe_ae_handoff,sha256:47f9eea847676fb5bc3f544370191e1a4fe936b6653a8b80cabcdcfdee600431,42,10001
futuremamba,500,2,lift the bowl and place it back on the plate 3 times,14,True,411,action_history_mamba_pe_ae_handoff,sha256:47f9eea847676fb5bc3f544370191e1a4fe936b6653a8b80cabcdcfdee600431,42,10001
futuremamba,500,2,lift the bowl and place it back on the plate 3 times,15,True,292,action_history_mamba_pe_ae_handoff,sha256:47f9eea847676fb5bc3f544370191e1a4fe936b6653a8b80cabcdcfdee600431,42,10001
futuremamba,500,2,lift the bowl and place it back on the plate 3 times,16,True,316,action_history_mamba_pe_ae_handoff,sha256:47f9eea847676fb5bc3f544370191e1a4fe936b6653a8b80cabcdcfdee600431,42,10001
futuremamba,500,2,lift the bowl and place it back on the plate 3 times,17,True,257,action_history_mamba_pe_ae_handoff,sha256:47f9eea847676fb5bc3f544370191e1a4fe936b6653a8b80cabcdcfdee600431,42,10001
futuremamba,500,2,lift the bowl and place it back on the plate 3 times,18,True,197,action_history_mamba_pe_ae_handoff,sha256:47f9eea847676fb5bc3f544370191e1a4fe936b6653a8b80cabcdcfdee600431,42,10001
futuremamba,500,2,lift the bowl and place it back on the plate 3 times,19,True,537,action_history_mamba_pe_ae_handoff,sha256:47f9eea847676fb5bc3f544370191e1a4fe936b6653a8b80cabcdcfdee600431,42,10001
futuremamba,500,3,pick up the bottle and put it down the plate 3 times,0,True,389,action_history_mamba_pe_ae_handoff,sha256:e2c15eccd1e24b4a18a1c760f2ebc0002d33719f56a1ef2526980be5b834d313,42,10001
futuremamba,500,3,pick up the bottle and put it down the plate 3 times,1,True,327,action_history_mamba_pe_ae_handoff,sha256:e2c15eccd1e24b4a18a1c760f2ebc0002d33719f56a1ef2526980be5b834d313,42,10001
futuremamba,500,3,pick up the bottle and put it down the plate 3 times,2,True,246,action_history_mamba_pe_ae_handoff,sha256:e2c15eccd1e24b4a18a1c760f2ebc0002d33719f56a1ef2526980be5b834d313,42,10001
futuremamba,500,3,pick up the bottle and put it down the plate 3 times,3,True,250,action_history_mamba_pe_ae_handoff,sha256:e2c15eccd1e24b4a18a1c760f2ebc0002d33719f56a1ef2526980be5b834d313,42,10001
futuremamba,500,3,pick up the bottle and put it down the plate 3 times,4,True,262,action_history_mamba_pe_ae_handoff,sha256:e2c15eccd1e24b4a18a1c760f2ebc0002d33719f56a1ef2526980be5b834d313,42,10001
futuremamba,500,3,pick up the bottle and put it down the plate 3 times,5,True,253,action_history_mamba_pe_ae_handoff,sha256:e2c15eccd1e24b4a18a1c760f2ebc0002d33719f56a1ef2526980be5b834d313,42,10001
futuremamba,500,3,pick up the bottle and put it down the plate 3 times,6,True,301,action_history_mamba_pe_ae_handoff,sha256:e2c15eccd1e24b4a18a1c760f2ebc0002d33719f56a1ef2526980be5b834d313,42,10001
futuremamba,500,3,pick up the bottle and put it down the plate 3 times,7,True,257,action_history_mamba_pe_ae_handoff,sha256:e2c15eccd1e24b4a18a1c760f2ebc0002d33719f56a1ef2526980be5b834d313,42,10001
futuremamba,500,3,pick up the bottle and put it down the plate 3 times,8,True,276,action_history_mamba_pe_ae_handoff,sha256:e2c15eccd1e24b4a18a1c760f2ebc0002d33719f56a1ef2526980be5b834d313,42,10001
futuremamba,500,3,pick up the bottle and put it down the plate 3 times,9,True,256,action_history_mamba_pe_ae_handoff,sha256:e2c15eccd1e24b4a18a1c760f2ebc0002d33719f56a1ef2526980be5b834d313,42,10001
futuremamba,500,3,pick up the bottle and put it down the plate 3 times,10,True,273,action_history_mamba_pe_ae_handoff,sha256:e2c15eccd1e24b4a18a1c760f2ebc0002d33719f56a1ef2526980be5b834d313,42,10001
futuremamba,500,3,pick up the bottle and put it down the plate 3 times,11,True,331,action_history_mamba_pe_ae_handoff,sha256:e2c15eccd1e24b4a18a1c760f2ebc0002d33719f56a1ef2526980be5b834d313,42,10001
futuremamba,500,3,pick up the bottle and put it down the plate 3 times,12,True,282,action_history_mamba_pe_ae_handoff,sha256:e2c15eccd1e24b4a18a1c760f2ebc0002d33719f56a1ef2526980be5b834d313,42,10001
futuremamba,500,3,pick up the bottle and put it down the plate 3 times,13,True,310,action_history_mamba_pe_ae_handoff,sha256:e2c15eccd1e24b4a18a1c760f2ebc0002d33719f56a1ef2526980be5b834d313,42,10001
futuremamba,500,3,pick up the bottle and put it down the plate 3 times,14,True,332,action_history_mamba_pe_ae_handoff,sha256:e2c15eccd1e24b4a18a1c760f2ebc0002d33719f56a1ef2526980be5b834d313,42,10001
futuremamba,500,3,pick up the bottle and put it down the plate 3 times,15,True,283,action_history_mamba_pe_ae_handoff,sha256:e2c15eccd1e24b4a18a1c760f2ebc0002d33719f56a1ef2526980be5b834d313,42,10001
futuremamba,500,3,pick up the bottle and put it down the plate 3 times,16,True,446,action_history_mamba_pe_ae_handoff,sha256:e2c15eccd1e24b4a18a1c760f2ebc0002d33719f56a1ef2526980be5b834d313,42,10001
futuremamba,500,3,pick up the bottle and put it down the plate 3 times,17,True,257,action_history_mamba_pe_ae_handoff,sha256:e2c15eccd1e24b4a18a1c760f2ebc0002d33719f56a1ef2526980be5b834d313,42,10001
futuremamba,500,3,pick up the bottle and put it down the plate 3 times,18,True,256,action_history_mamba_pe_ae_handoff,sha256:e2c15eccd1e24b4a18a1c760f2ebc0002d33719f56a1ef2526980be5b834d313,42,10001
futuremamba,500,3,pick up the bottle and put it down the plate 3 times,19,True,345,action_history_mamba_pe_ae_handoff,sha256:e2c15eccd1e24b4a18a1c760f2ebc0002d33719f56a1ef2526980be5b834d313,42,10001
futuremamba,500,4,lift the bowl and place it back on the plate 5 times,0,True,418,action_history_mamba_pe_ae_handoff,sha256:c9011f29b6d14d77443943e2e0e23ed988c0ca498e5a3d3ed1fc5ffedce73410,42,10001
futuremamba,500,4,lift the bowl and place it back on the plate 5 times,1,True,347,action_history_mamba_pe_ae_handoff,sha256:c9011f29b6d14d77443943e2e0e23ed988c0ca498e5a3d3ed1fc5ffedce73410,42,10001
futuremamba,500,4,lift the bowl and place it back on the plate 5 times,2,True,488,action_history_mamba_pe_ae_handoff,sha256:c9011f29b6d14d77443943e2e0e23ed988c0ca498e5a3d3ed1fc5ffedce73410,42,10001
futuremamba,500,4,lift the bowl and place it back on the plate 5 times,3,True,377,action_history_mamba_pe_ae_handoff,sha256:c9011f29b6d14d77443943e2e0e23ed988c0ca498e5a3d3ed1fc5ffedce73410,42,10001
futuremamba,500,4,lift the bowl and place it back on the plate 5 times,4,True,334,action_history_mamba_pe_ae_handoff,sha256:c9011f29b6d14d77443943e2e0e23ed988c0ca498e5a3d3ed1fc5ffedce73410,42,10001
futuremamba,500,4,lift the bowl and place it back on the plate 5 times,5,True,363,action_history_mamba_pe_ae_handoff,sha256:c9011f29b6d14d77443943e2e0e23ed988c0ca498e5a3d3ed1fc5ffedce73410,42,10001
futuremamba,500,4,lift the bowl and place it back on the plate 5 times,6,True,327,action_history_mamba_pe_ae_handoff,sha256:c9011f29b6d14d77443943e2e0e23ed988c0ca498e5a3d3ed1fc5ffedce73410,42,10001
futuremamba,500,4,lift the bowl and place it back on the plate 5 times,7,True,345,action_history_mamba_pe_ae_handoff,sha256:c9011f29b6d14d77443943e2e0e23ed988c0ca498e5a3d3ed1fc5ffedce73410,42,10001
futuremamba,500,4,lift the bowl and place it back on the plate 5 times,8,True,409,action_history_mamba_pe_ae_handoff,sha256:c9011f29b6d14d77443943e2e0e23ed988c0ca498e5a3d3ed1fc5ffedce73410,42,10001
futuremamba,500,4,lift the bowl and place it back on the plate 5 times,9,True,399,action_history_mamba_pe_ae_handoff,sha256:c9011f29b6d14d77443943e2e0e23ed988c0ca498e5a3d3ed1fc5ffedce73410,42,10001
futuremamba,500,4,lift the bowl and place it back on the plate 5 times,10,True,389,action_history_mamba_pe_ae_handoff,sha256:c9011f29b6d14d77443943e2e0e23ed988c0ca498e5a3d3ed1fc5ffedce73410,42,10001
futuremamba,500,4,lift the bowl and place it back on the plate 5 times,11,True,334,action_history_mamba_pe_ae_handoff,sha256:c9011f29b6d14d77443943e2e0e23ed988c0ca498e5a3d3ed1fc5ffedce73410,42,10001
futuremamba,500,4,lift the bowl and place it back on the plate 5 times,12,True,354,action_history_mamba_pe_ae_handoff,sha256:c9011f29b6d14d77443943e2e0e23ed988c0ca498e5a3d3ed1fc5ffedce73410,42,10001
futuremamba,500,4,lift the bowl and place it back on the plate 5 times,13,True,337,action_history_mamba_pe_ae_handoff,sha256:c9011f29b6d14d77443943e2e0e23ed988c0ca498e5a3d3ed1fc5ffedce73410,42,10001
futuremamba,500,4,lift the bowl and place it back on the plate 5 times,14,True,429,action_history_mamba_pe_ae_handoff,sha256:c9011f29b6d14d77443943e2e0e23ed988c0ca498e5a3d3ed1fc5ffedce73410,42,10001
futuremamba,500,4,lift the bowl and place it back on the plate 5 times,15,True,403,action_history_mamba_pe_ae_handoff,sha256:c9011f29b6d14d77443943e2e0e23ed988c0ca498e5a3d3ed1fc5ffedce73410,42,10001
futuremamba,500,4,lift the bowl and place it back on the plate 5 times,16,False,600,action_history_mamba_pe_ae_handoff,sha256:c9011f29b6d14d77443943e2e0e23ed988c0ca498e5a3d3ed1fc5ffedce73410,42,10001
futuremamba,500,4,lift the bowl and place it back on the plate 5 times,17,True,377,action_history_mamba_pe_ae_handoff,sha256:c9011f29b6d14d77443943e2e0e23ed988c0ca498e5a3d3ed1fc5ffedce73410,42,10001
futuremamba,500,4,lift the bowl and place it back on the plate 5 times,18,True,328,action_history_mamba_pe_ae_handoff,sha256:c9011f29b6d14d77443943e2e0e23ed988c0ca498e5a3d3ed1fc5ffedce73410,42,10001
futuremamba,500,4,lift the bowl and place it back on the plate 5 times,19,True,369,action_history_mamba_pe_ae_handoff,sha256:c9011f29b6d14d77443943e2e0e23ed988c0ca498e5a3d3ed1fc5ffedce73410,42,10001
futuremamba,500,5,pick up the bowl and place it on the plate 7 times,0,True,522,action_history_mamba_pe_ae_handoff,sha256:0fc4c955f0ea10e9f63783695ef1735282993180cd5c378b04d65fbc321591c0,42,10001
futuremamba,500,5,pick up the bowl and place it on the plate 7 times,1,False,600,action_history_mamba_pe_ae_handoff,sha256:0fc4c955f0ea10e9f63783695ef1735282993180cd5c378b04d65fbc321591c0,42,10001
futuremamba,500,5,pick up the bowl and place it on the plate 7 times,2,True,566,action_history_mamba_pe_ae_handoff,sha256:0fc4c955f0ea10e9f63783695ef1735282993180cd5c378b04d65fbc321591c0,42,10001
futuremamba,500,5,pick up the bowl and place it on the plate 7 times,3,True,519,action_history_mamba_pe_ae_handoff,sha256:0fc4c955f0ea10e9f63783695ef1735282993180cd5c378b04d65fbc321591c0,42,10001
futuremamba,500,5,pick up the bowl and place it on the plate 7 times,4,True,574,action_history_mamba_pe_ae_handoff,sha256:0fc4c955f0ea10e9f63783695ef1735282993180cd5c378b04d65fbc321591c0,42,10001
futuremamba,500,5,pick up the bowl and place it on the plate 7 times,5,True,578,action_history_mamba_pe_ae_handoff,sha256:0fc4c955f0ea10e9f63783695ef1735282993180cd5c378b04d65fbc321591c0,42,10001
futuremamba,500,5,pick up the bowl and place it on the plate 7 times,6,False,600,action_history_mamba_pe_ae_handoff,sha256:0fc4c955f0ea10e9f63783695ef1735282993180cd5c378b04d65fbc321591c0,42,10001
futuremamba,500,5,pick up the bowl and place it on the plate 7 times,7,True,501,action_history_mamba_pe_ae_handoff,sha256:0fc4c955f0ea10e9f63783695ef1735282993180cd5c378b04d65fbc321591c0,42,10001
futuremamba,500,5,pick up the bowl and place it on the plate 7 times,8,False,600,action_history_mamba_pe_ae_handoff,sha256:0fc4c955f0ea10e9f63783695ef1735282993180cd5c378b04d65fbc321591c0,42,10001
futuremamba,500,5,pick up the bowl and place it on the plate 7 times,9,False,600,action_history_mamba_pe_ae_handoff,sha256:0fc4c955f0ea10e9f63783695ef1735282993180cd5c378b04d65fbc321591c0,42,10001
futuremamba,500,5,pick up the bowl and place it on the plate 7 times,10,True,567,action_history_mamba_pe_ae_handoff,sha256:0fc4c955f0ea10e9f63783695ef1735282993180cd5c378b04d65fbc321591c0,42,10001
futuremamba,500,5,pick up the bowl and place it on the plate 7 times,11,True,570,action_history_mamba_pe_ae_handoff,sha256:0fc4c955f0ea10e9f63783695ef1735282993180cd5c378b04d65fbc321591c0,42,10001
futuremamba,500,5,pick up the bowl and place it on the plate 7 times,12,False,600,action_history_mamba_pe_ae_handoff,sha256:0fc4c955f0ea10e9f63783695ef1735282993180cd5c378b04d65fbc321591c0,42,10001
futuremamba,500,5,pick up the bowl and place it on the plate 7 times,13,True,593,action_history_mamba_pe_ae_handoff,sha256:0fc4c955f0ea10e9f63783695ef1735282993180cd5c378b04d65fbc321591c0,42,10001
futuremamba,500,5,pick up the bowl and place it on the plate 7 times,14,False,600,action_history_mamba_pe_ae_handoff,sha256:0fc4c955f0ea10e9f63783695ef1735282993180cd5c378b04d65fbc321591c0,42,10001
futuremamba,500,5,pick up the bowl and place it on the plate 7 times,15,False,600,action_history_mamba_pe_ae_handoff,sha256:0fc4c955f0ea10e9f63783695ef1735282993180cd5c378b04d65fbc321591c0,42,10001
futuremamba,500,5,pick up the bowl and place it on the plate 7 times,16,True,558,action_history_mamba_pe_ae_handoff,sha256:0fc4c955f0ea10e9f63783695ef1735282993180cd5c378b04d65fbc321591c0,42,10001
futuremamba,500,5,pick up the bowl and place it on the plate 7 times,17,False,600,action_history_mamba_pe_ae_handoff,sha256:0fc4c955f0ea10e9f63783695ef1735282993180cd5c378b04d65fbc321591c0,42,10001
futuremamba,500,5,pick up the bowl and place it on the plate 7 times,18,True,550,action_history_mamba_pe_ae_handoff,sha256:0fc4c955f0ea10e9f63783695ef1735282993180cd5c378b04d65fbc321591c0,42,10001
futuremamba,500,5,pick up the bowl and place it on the plate 7 times,19,False,600,action_history_mamba_pe_ae_handoff,sha256:0fc4c955f0ea10e9f63783695ef1735282993180cd5c378b04d65fbc321591c0,42,10001
futuremamba,500,6,swap the 2 bowls on their plates using the empty plate,0,False,600,action_history_mamba_pe_ae_handoff,sha256:c2cafa1847668d63c7a7705b73f1687431848ba0a54fb75263a735848335a533,42,10001
futuremamba,500,6,swap the 2 bowls on their plates using the empty plate,1,True,351,action_history_mamba_pe_ae_handoff,sha256:c2cafa1847668d63c7a7705b73f1687431848ba0a54fb75263a735848335a533,42,10001
futuremamba,500,6,swap the 2 bowls on their plates using the empty plate,2,False,600,action_history_mamba_pe_ae_handoff,sha256:c2cafa1847668d63c7a7705b73f1687431848ba0a54fb75263a735848335a533,42,10001
futuremamba,500,6,swap the 2 bowls on their plates using the empty plate,3,False,600,action_history_mamba_pe_ae_handoff,sha256:c2cafa1847668d63c7a7705b73f1687431848ba0a54fb75263a735848335a533,42,10001
futuremamba,500,6,swap the 2 bowls on their plates using the empty plate,4,True,371,action_history_mamba_pe_ae_handoff,sha256:c2cafa1847668d63c7a7705b73f1687431848ba0a54fb75263a735848335a533,42,10001
futuremamba,500,6,swap the 2 bowls on their plates using the empty plate,5,False,600,action_history_mamba_pe_ae_handoff,sha256:c2cafa1847668d63c7a7705b73f1687431848ba0a54fb75263a735848335a533,42,10001
futuremamba,500,6,swap the 2 bowls on their plates using the empty plate,6,False,600,action_history_mamba_pe_ae_handoff,sha256:c2cafa1847668d63c7a7705b73f1687431848ba0a54fb75263a735848335a533,42,10001
futuremamba,500,6,swap the 2 bowls on their plates using the empty plate,7,False,600,action_history_mamba_pe_ae_handoff,sha256:c2cafa1847668d63c7a7705b73f1687431848ba0a54fb75263a735848335a533,42,10001
futuremamba,500,6,swap the 2 bowls on their plates using the empty plate,8,False,600,action_history_mamba_pe_ae_handoff,sha256:c2cafa1847668d63c7a7705b73f1687431848ba0a54fb75263a735848335a533,42,10001
futuremamba,500,6,swap the 2 bowls on their plates using the empty plate,9,True,395,action_history_mamba_pe_ae_handoff,sha256:c2cafa1847668d63c7a7705b73f1687431848ba0a54fb75263a735848335a533,42,10001
futuremamba,500,6,swap the 2 bowls on their plates using the empty plate,10,True,325,action_history_mamba_pe_ae_handoff,sha256:c2cafa1847668d63c7a7705b73f1687431848ba0a54fb75263a735848335a533,42,10001
futuremamba,500,6,swap the 2 bowls on their plates using the empty plate,11,True,398,action_history_mamba_pe_ae_handoff,sha256:c2cafa1847668d63c7a7705b73f1687431848ba0a54fb75263a735848335a533,42,10001
futuremamba,500,6,swap the 2 bowls on their plates using the empty plate,12,False,600,action_history_mamba_pe_ae_handoff,sha256:c2cafa1847668d63c7a7705b73f1687431848ba0a54fb75263a735848335a533,42,10001
futuremamba,500,6,swap the 2 bowls on their plates using the empty plate,13,False,600,action_history_mamba_pe_ae_handoff,sha256:c2cafa1847668d63c7a7705b73f1687431848ba0a54fb75263a735848335a533,42,10001
futuremamba,500,6,swap the 2 bowls on their plates using the empty plate,14,False,600,action_history_mamba_pe_ae_handoff,sha256:c2cafa1847668d63c7a7705b73f1687431848ba0a54fb75263a735848335a533,42,10001
futuremamba,500,6,swap the 2 bowls on their plates using the empty plate,15,False,600,action_history_mamba_pe_ae_handoff,sha256:c2cafa1847668d63c7a7705b73f1687431848ba0a54fb75263a735848335a533,42,10001
futuremamba,500,6,swap the 2 bowls on their plates using the empty plate,16,True,472,action_history_mamba_pe_ae_handoff,sha256:c2cafa1847668d63c7a7705b73f1687431848ba0a54fb75263a735848335a533,42,10001
futuremamba,500,6,swap the 2 bowls on their plates using the empty plate,17,False,600,action_history_mamba_pe_ae_handoff,sha256:c2cafa1847668d63c7a7705b73f1687431848ba0a54fb75263a735848335a533,42,10001
futuremamba,500,6,swap the 2 bowls on their plates using the empty plate,18,True,342,action_history_mamba_pe_ae_handoff,sha256:c2cafa1847668d63c7a7705b73f1687431848ba0a54fb75263a735848335a533,42,10001
futuremamba,500,6,swap the 2 bowls on their plates using the empty plate,19,True,416,action_history_mamba_pe_ae_handoff,sha256:c2cafa1847668d63c7a7705b73f1687431848ba0a54fb75263a735848335a533,42,10001
futuremamba,500,7,rotate the 3 bowls on their plates from left to right using the empty plate,0,True,556,action_history_mamba_pe_ae_handoff,sha256:b27f17fd8a5ed64f8ac51fe660a297c07b0b2ae6e0c30ae7445098b8049469d9,42,10001
futuremamba,500,7,rotate the 3 bowls on their plates from left to right using the empty plate,1,True,515,action_history_mamba_pe_ae_handoff,sha256:b27f17fd8a5ed64f8ac51fe660a297c07b0b2ae6e0c30ae7445098b8049469d9,42,10001
futuremamba,500,7,rotate the 3 bowls on their plates from left to right using the empty plate,2,False,600,action_history_mamba_pe_ae_handoff,sha256:b27f17fd8a5ed64f8ac51fe660a297c07b0b2ae6e0c30ae7445098b8049469d9,42,10001
futuremamba,500,7,rotate the 3 bowls on their plates from left to right using the empty plate,3,False,600,action_history_mamba_pe_ae_handoff,sha256:b27f17fd8a5ed64f8ac51fe660a297c07b0b2ae6e0c30ae7445098b8049469d9,42,10001
futuremamba,500,7,rotate the 3 bowls on their plates from left to right using the empty plate,4,False,600,action_history_mamba_pe_ae_handoff,sha256:b27f17fd8a5ed64f8ac51fe660a297c07b0b2ae6e0c30ae7445098b8049469d9,42,10001
futuremamba,500,7,rotate the 3 bowls on their plates from left to right using the empty plate,5,False,600,action_history_mamba_pe_ae_handoff,sha256:b27f17fd8a5ed64f8ac51fe660a297c07b0b2ae6e0c30ae7445098b8049469d9,42,10001
futuremamba,500,7,rotate the 3 bowls on their plates from left to right using the empty plate,6,False,600,action_history_mamba_pe_ae_handoff,sha256:b27f17fd8a5ed64f8ac51fe660a297c07b0b2ae6e0c30ae7445098b8049469d9,42,10001
futuremamba,500,7,rotate the 3 bowls on their plates from left to right using the empty plate,7,True,541,action_history_mamba_pe_ae_handoff,sha256:b27f17fd8a5ed64f8ac51fe660a297c07b0b2ae6e0c30ae7445098b8049469d9,42,10001
futuremamba,500,7,rotate the 3 bowls on their plates from left to right using the empty plate,8,False,600,action_history_mamba_pe_ae_handoff,sha256:b27f17fd8a5ed64f8ac51fe660a297c07b0b2ae6e0c30ae7445098b8049469d9,42,10001
futuremamba,500,7,rotate the 3 bowls on their plates from left to right using the empty plate,9,False,600,action_history_mamba_pe_ae_handoff,sha256:b27f17fd8a5ed64f8ac51fe660a297c07b0b2ae6e0c30ae7445098b8049469d9,42,10001
futuremamba,500,7,rotate the 3 bowls on their plates from left to right using the empty plate,10,True,495,action_history_mamba_pe_ae_handoff,sha256:b27f17fd8a5ed64f8ac51fe660a297c07b0b2ae6e0c30ae7445098b8049469d9,42,10001
futuremamba,500,7,rotate the 3 bowls on their plates from left to right using the empty plate,11,False,600,action_history_mamba_pe_ae_handoff,sha256:b27f17fd8a5ed64f8ac51fe660a297c07b0b2ae6e0c30ae7445098b8049469d9,42,10001
futuremamba,500,7,rotate the 3 bowls on their plates from left to right using the empty plate,12,True,532,action_history_mamba_pe_ae_handoff,sha256:b27f17fd8a5ed64f8ac51fe660a297c07b0b2ae6e0c30ae7445098b8049469d9,42,10001
futuremamba,500,7,rotate the 3 bowls on their plates from left to right using the empty plate,13,False,600,action_history_mamba_pe_ae_handoff,sha256:b27f17fd8a5ed64f8ac51fe660a297c07b0b2ae6e0c30ae7445098b8049469d9,42,10001
futuremamba,500,7,rotate the 3 bowls on their plates from left to right using the empty plate,14,False,600,action_history_mamba_pe_ae_handoff,sha256:b27f17fd8a5ed64f8ac51fe660a297c07b0b2ae6e0c30ae7445098b8049469d9,42,10001
futuremamba,500,7,rotate the 3 bowls on their plates from left to right using the empty plate,15,True,448,action_history_mamba_pe_ae_handoff,sha256:b27f17fd8a5ed64f8ac51fe660a297c07b0b2ae6e0c30ae7445098b8049469d9,42,10001
futuremamba,500,7,rotate the 3 bowls on their plates from left to right using the empty plate,16,False,600,action_history_mamba_pe_ae_handoff,sha256:b27f17fd8a5ed64f8ac51fe660a297c07b0b2ae6e0c30ae7445098b8049469d9,42,10001
futuremamba,500,7,rotate the 3 bowls on their plates from left to right using the empty plate,17,False,600,action_history_mamba_pe_ae_handoff,sha256:b27f17fd8a5ed64f8ac51fe660a297c07b0b2ae6e0c30ae7445098b8049469d9,42,10001
futuremamba,500,7,rotate the 3 bowls on their plates from left to right using the empty plate,18,True,509,action_history_mamba_pe_ae_handoff,sha256:b27f17fd8a5ed64f8ac51fe660a297c07b0b2ae6e0c30ae7445098b8049469d9,42,10001
futuremamba,500,7,rotate the 3 bowls on their plates from left to right using the empty plate,19,True,504,action_history_mamba_pe_ae_handoff,sha256:b27f17fd8a5ed64f8ac51fe660a297c07b0b2ae6e0c30ae7445098b8049469d9,42,10001
futuremamba,500,8,put the cream cheese in the nearest basket and place that basket in the center,0,True,303,action_history_mamba_pe_ae_handoff,sha256:154e17710c1f1dadda07af5271e9ccb858d41a7ec6eaeae3ea885aa3e1f2e00c,42,10001
futuremamba,500,8,put the cream cheese in the nearest basket and place that basket in the center,1,True,297,action_history_mamba_pe_ae_handoff,sha256:154e17710c1f1dadda07af5271e9ccb858d41a7ec6eaeae3ea885aa3e1f2e00c,42,10001
futuremamba,500,8,put the cream cheese in the nearest basket and place that basket in the center,2,True,304,action_history_mamba_pe_ae_handoff,sha256:154e17710c1f1dadda07af5271e9ccb858d41a7ec6eaeae3ea885aa3e1f2e00c,42,10001
futuremamba,500,8,put the cream cheese in the nearest basket and place that basket in the center,3,True,297,action_history_mamba_pe_ae_handoff,sha256:154e17710c1f1dadda07af5271e9ccb858d41a7ec6eaeae3ea885aa3e1f2e00c,42,10001
futuremamba,500,8,put the cream cheese in the nearest basket and place that basket in the center,4,True,314,action_history_mamba_pe_ae_handoff,sha256:154e17710c1f1dadda07af5271e9ccb858d41a7ec6eaeae3ea885aa3e1f2e00c,42,10001
futuremamba,500,8,put the cream cheese in the nearest basket and place that basket in the center,5,True,289,action_history_mamba_pe_ae_handoff,sha256:154e17710c1f1dadda07af5271e9ccb858d41a7ec6eaeae3ea885aa3e1f2e00c,42,10001
futuremamba,500,8,put the cream cheese in the nearest basket and place that basket in the center,6,True,279,action_history_mamba_pe_ae_handoff,sha256:154e17710c1f1dadda07af5271e9ccb858d41a7ec6eaeae3ea885aa3e1f2e00c,42,10001
futuremamba,500,8,put the cream cheese in the nearest basket and place that basket in the center,7,True,311,action_history_mamba_pe_ae_handoff,sha256:154e17710c1f1dadda07af5271e9ccb858d41a7ec6eaeae3ea885aa3e1f2e00c,42,10001
futuremamba,500,8,put the cream cheese in the nearest basket and place that basket in the center,8,True,297,action_history_mamba_pe_ae_handoff,sha256:154e17710c1f1dadda07af5271e9ccb858d41a7ec6eaeae3ea885aa3e1f2e00c,42,10001
futuremamba,500,8,put the cream cheese in the nearest basket and place that basket in the center,9,True,308,action_history_mamba_pe_ae_handoff,sha256:154e17710c1f1dadda07af5271e9ccb858d41a7ec6eaeae3ea885aa3e1f2e00c,42,10001
futuremamba,500,8,put the cream cheese in the nearest basket and place that basket in the center,10,True,316,action_history_mamba_pe_ae_handoff,sha256:154e17710c1f1dadda07af5271e9ccb858d41a7ec6eaeae3ea885aa3e1f2e00c,42,10001
futuremamba,500,8,put the cream cheese in the nearest basket and place that basket in the center,11,True,301,action_history_mamba_pe_ae_handoff,sha256:154e17710c1f1dadda07af5271e9ccb858d41a7ec6eaeae3ea885aa3e1f2e00c,42,10001
futuremamba,500,8,put the cream cheese in the nearest basket and place that basket in the center,12,True,301,action_history_mamba_pe_ae_handoff,sha256:154e17710c1f1dadda07af5271e9ccb858d41a7ec6eaeae3ea885aa3e1f2e00c,42,10001
futuremamba,500,8,put the cream cheese in the nearest basket and place that basket in the center,13,True,311,action_history_mamba_pe_ae_handoff,sha256:154e17710c1f1dadda07af5271e9ccb858d41a7ec6eaeae3ea885aa3e1f2e00c,42,10001
futuremamba,500,8,put the cream cheese in the nearest basket and place that basket in the center,14,True,276,action_history_mamba_pe_ae_handoff,sha256:154e17710c1f1dadda07af5271e9ccb858d41a7ec6eaeae3ea885aa3e1f2e00c,42,10001
futuremamba,500,8,put the cream cheese in the nearest basket and place that basket in the center,15,True,294,action_history_mamba_pe_ae_handoff,sha256:154e17710c1f1dadda07af5271e9ccb858d41a7ec6eaeae3ea885aa3e1f2e00c,42,10001
futuremamba,500,8,put the cream cheese in the nearest basket and place that basket in the center,16,True,285,action_history_mamba_pe_ae_handoff,sha256:154e17710c1f1dadda07af5271e9ccb858d41a7ec6eaeae3ea885aa3e1f2e00c,42,10001
futuremamba,500,8,put the cream cheese in the nearest basket and place that basket in the center,17,True,306,action_history_mamba_pe_ae_handoff,sha256:154e17710c1f1dadda07af5271e9ccb858d41a7ec6eaeae3ea885aa3e1f2e00c,42,10001
futuremamba,500,8,put the cream cheese in the nearest basket and place that basket in the center,18,True,299,action_history_mamba_pe_ae_handoff,sha256:154e17710c1f1dadda07af5271e9ccb858d41a7ec6eaeae3ea885aa3e1f2e00c,42,10001
futuremamba,500,8,put the cream cheese in the nearest basket and place that basket in the center,19,True,288,action_history_mamba_pe_ae_handoff,sha256:154e17710c1f1dadda07af5271e9ccb858d41a7ec6eaeae3ea885aa3e1f2e00c,42,10001
futuremamba,500,9,put the cream cheese in the nearest basket and place the empty basket in the center,0,True,304,action_history_mamba_pe_ae_handoff,sha256:b89966b3584500693a2f7051e894a504d4c15a03de63ecd81c557b31e35741a1,42,10001
futuremamba,500,9,put the cream cheese in the nearest basket and place the empty basket in the center,1,True,277,action_history_mamba_pe_ae_handoff,sha256:b89966b3584500693a2f7051e894a504d4c15a03de63ecd81c557b31e35741a1,42,10001
futuremamba,500,9,put the cream cheese in the nearest basket and place the empty basket in the center,2,True,278,action_history_mamba_pe_ae_handoff,sha256:b89966b3584500693a2f7051e894a504d4c15a03de63ecd81c557b31e35741a1,42,10001
futuremamba,500,9,put the cream cheese in the nearest basket and place the empty basket in the center,3,True,277,action_history_mamba_pe_ae_handoff,sha256:b89966b3584500693a2f7051e894a504d4c15a03de63ecd81c557b31e35741a1,42,10001
futuremamba,500,9,put the cream cheese in the nearest basket and place the empty basket in the center,4,True,287,action_history_mamba_pe_ae_handoff,sha256:b89966b3584500693a2f7051e894a504d4c15a03de63ecd81c557b31e35741a1,42,10001
futuremamba,500,9,put the cream cheese in the nearest basket and place the empty basket in the center,5,True,255,action_history_mamba_pe_ae_handoff,sha256:b89966b3584500693a2f7051e894a504d4c15a03de63ecd81c557b31e35741a1,42,10001
futuremamba,500,9,put the cream cheese in the nearest basket and place the empty basket in the center,6,True,253,action_history_mamba_pe_ae_handoff,sha256:b89966b3584500693a2f7051e894a504d4c15a03de63ecd81c557b31e35741a1,42,10001
futuremamba,500,9,put the cream cheese in the nearest basket and place the empty basket in the center,7,True,258,action_history_mamba_pe_ae_handoff,sha256:b89966b3584500693a2f7051e894a504d4c15a03de63ecd81c557b31e35741a1,42,10001
futuremamba,500,9,put the cream cheese in the nearest basket and place the empty basket in the center,8,True,282,action_history_mamba_pe_ae_handoff,sha256:b89966b3584500693a2f7051e894a504d4c15a03de63ecd81c557b31e35741a1,42,10001
futuremamba,500,9,put the cream cheese in the nearest basket and place the empty basket in the center,9,True,285,action_history_mamba_pe_ae_handoff,sha256:b89966b3584500693a2f7051e894a504d4c15a03de63ecd81c557b31e35741a1,42,10001
futuremamba,500,9,put the cream cheese in the nearest basket and place the empty basket in the center,10,True,290,action_history_mamba_pe_ae_handoff,sha256:b89966b3584500693a2f7051e894a504d4c15a03de63ecd81c557b31e35741a1,42,10001
futuremamba,500,9,put the cream cheese in the nearest basket and place the empty basket in the center,11,True,290,action_history_mamba_pe_ae_handoff,sha256:b89966b3584500693a2f7051e894a504d4c15a03de63ecd81c557b31e35741a1,42,10001
futuremamba,500,9,put the cream cheese in the nearest basket and place the empty basket in the center,12,True,263,action_history_mamba_pe_ae_handoff,sha256:b89966b3584500693a2f7051e894a504d4c15a03de63ecd81c557b31e35741a1,42,10001
futuremamba,500,9,put the cream cheese in the nearest basket and place the empty basket in the center,13,True,279,action_history_mamba_pe_ae_handoff,sha256:b89966b3584500693a2f7051e894a504d4c15a03de63ecd81c557b31e35741a1,42,10001
futuremamba,500,9,put the cream cheese in the nearest basket and place the empty basket in the center,14,True,302,action_history_mamba_pe_ae_handoff,sha256:b89966b3584500693a2f7051e894a504d4c15a03de63ecd81c557b31e35741a1,42,10001
futuremamba,500,9,put the cream cheese in the nearest basket and place the empty basket in the center,15,True,296,action_history_mamba_pe_ae_handoff,sha256:b89966b3584500693a2f7051e894a504d4c15a03de63ecd81c557b31e35741a1,42,10001
futuremamba,500,9,put the cream cheese in the nearest basket and place the empty basket in the center,16,True,286,action_history_mamba_pe_ae_handoff,sha256:b89966b3584500693a2f7051e894a504d4c15a03de63ecd81c557b31e35741a1,42,10001
futuremamba,500,9,put the cream cheese in the nearest basket and place the empty basket in the center,17,True,275,action_history_mamba_pe_ae_handoff,sha256:b89966b3584500693a2f7051e894a504d4c15a03de63ecd81c557b31e35741a1,42,10001
futuremamba,500,9,put the cream cheese in the nearest basket and place the empty basket in the center,18,True,292,action_history_mamba_pe_ae_handoff,sha256:b89966b3584500693a2f7051e894a504d4c15a03de63ecd81c557b31e35741a1,42,10001
futuremamba,500,9,put the cream cheese in the nearest basket and place the empty basket in the center,19,True,282,action_history_mamba_pe_ae_handoff,sha256:b89966b3584500693a2f7051e894a504d4c15a03de63ecd81c557b31e35741a1,42,10001
futuremamba,1000,0,pick up the bowl and place it back on the plate,0,True,128,action_history_mamba_pe_ae_handoff,sha256:559f294062edb1955c9f63911c20aa2018ed5af50edb069b271e57f07aed2356,42,10001
futuremamba,1000,0,pick up the bowl and place it back on the plate,1,True,118,action_history_mamba_pe_ae_handoff,sha256:559f294062edb1955c9f63911c20aa2018ed5af50edb069b271e57f07aed2356,42,10001
futuremamba,1000,0,pick up the bowl and place it back on the plate,2,True,117,action_history_mamba_pe_ae_handoff,sha256:559f294062edb1955c9f63911c20aa2018ed5af50edb069b271e57f07aed2356,42,10001
futuremamba,1000,0,pick up the bowl and place it back on the plate,3,True,119,action_history_mamba_pe_ae_handoff,sha256:559f294062edb1955c9f63911c20aa2018ed5af50edb069b271e57f07aed2356,42,10001
futuremamba,1000,0,pick up the bowl and place it back on the plate,4,True,125,action_history_mamba_pe_ae_handoff,sha256:559f294062edb1955c9f63911c20aa2018ed5af50edb069b271e57f07aed2356,42,10001
futuremamba,1000,0,pick up the bowl and place it back on the plate,5,True,121,action_history_mamba_pe_ae_handoff,sha256:559f294062edb1955c9f63911c20aa2018ed5af50edb069b271e57f07aed2356,42,10001
futuremamba,1000,0,pick up the bowl and place it back on the plate,6,True,117,action_history_mamba_pe_ae_handoff,sha256:559f294062edb1955c9f63911c20aa2018ed5af50edb069b271e57f07aed2356,42,10001
futuremamba,1000,0,pick up the bowl and place it back on the plate,7,True,118,action_history_mamba_pe_ae_handoff,sha256:559f294062edb1955c9f63911c20aa2018ed5af50edb069b271e57f07aed2356,42,10001
futuremamba,1000,0,pick up the bowl and place it back on the plate,8,True,206,action_history_mamba_pe_ae_handoff,sha256:559f294062edb1955c9f63911c20aa2018ed5af50edb069b271e57f07aed2356,42,10001
futuremamba,1000,0,pick up the bowl and place it back on the plate,9,True,132,action_history_mamba_pe_ae_handoff,sha256:559f294062edb1955c9f63911c20aa2018ed5af50edb069b271e57f07aed2356,42,10001
futuremamba,1000,0,pick up the bowl and place it back on the plate,10,True,125,action_history_mamba_pe_ae_handoff,sha256:559f294062edb1955c9f63911c20aa2018ed5af50edb069b271e57f07aed2356,42,10001
futuremamba,1000,0,pick up the bowl and place it back on the plate,11,True,130,action_history_mamba_pe_ae_handoff,sha256:559f294062edb1955c9f63911c20aa2018ed5af50edb069b271e57f07aed2356,42,10001
futuremamba,1000,0,pick up the bowl and place it back on the plate,12,True,160,action_history_mamba_pe_ae_handoff,sha256:559f294062edb1955c9f63911c20aa2018ed5af50edb069b271e57f07aed2356,42,10001
futuremamba,1000,0,pick up the bowl and place it back on the plate,13,True,127,action_history_mamba_pe_ae_handoff,sha256:559f294062edb1955c9f63911c20aa2018ed5af50edb069b271e57f07aed2356,42,10001
futuremamba,1000,0,pick up the bowl and place it back on the plate,14,True,132,action_history_mamba_pe_ae_handoff,sha256:559f294062edb1955c9f63911c20aa2018ed5af50edb069b271e57f07aed2356,42,10001
futuremamba,1000,0,pick up the bowl and place it back on the plate,15,True,101,action_history_mamba_pe_ae_handoff,sha256:559f294062edb1955c9f63911c20aa2018ed5af50edb069b271e57f07aed2356,42,10001
futuremamba,1000,0,pick up the bowl and place it back on the plate,16,True,131,action_history_mamba_pe_ae_handoff,sha256:559f294062edb1955c9f63911c20aa2018ed5af50edb069b271e57f07aed2356,42,10001
futuremamba,1000,0,pick up the bowl and place it back on the plate,17,True,129,action_history_mamba_pe_ae_handoff,sha256:559f294062edb1955c9f63911c20aa2018ed5af50edb069b271e57f07aed2356,42,10001
futuremamba,1000,0,pick up the bowl and place it back on the plate,18,True,125,action_history_mamba_pe_ae_handoff,sha256:559f294062edb1955c9f63911c20aa2018ed5af50edb069b271e57f07aed2356,42,10001
futuremamba,1000,0,pick up the bowl and place it back on the plate,19,True,133,action_history_mamba_pe_ae_handoff,sha256:559f294062edb1955c9f63911c20aa2018ed5af50edb069b271e57f07aed2356,42,10001
futuremamba,1000,1,lift the bottle and put it down on the plate,0,True,302,action_history_mamba_pe_ae_handoff,sha256:243bb63ca1fb127c3023b645e295649bc2d92f1416394d05a46c9074b527181b,42,10001
futuremamba,1000,1,lift the bottle and put it down on the plate,1,True,115,action_history_mamba_pe_ae_handoff,sha256:243bb63ca1fb127c3023b645e295649bc2d92f1416394d05a46c9074b527181b,42,10001
futuremamba,1000,1,lift the bottle and put it down on the plate,2,True,88,action_history_mamba_pe_ae_handoff,sha256:243bb63ca1fb127c3023b645e295649bc2d92f1416394d05a46c9074b527181b,42,10001
futuremamba,1000,1,lift the bottle and put it down on the plate,3,True,134,action_history_mamba_pe_ae_handoff,sha256:243bb63ca1fb127c3023b645e295649bc2d92f1416394d05a46c9074b527181b,42,10001
futuremamba,1000,1,lift the bottle and put it down on the plate,4,True,147,action_history_mamba_pe_ae_handoff,sha256:243bb63ca1fb127c3023b645e295649bc2d92f1416394d05a46c9074b527181b,42,10001
futuremamba,1000,1,lift the bottle and put it down on the plate,5,True,95,action_history_mamba_pe_ae_handoff,sha256:243bb63ca1fb127c3023b645e295649bc2d92f1416394d05a46c9074b527181b,42,10001
futuremamba,1000,1,lift the bottle and put it down on the plate,6,True,114,action_history_mamba_pe_ae_handoff,sha256:243bb63ca1fb127c3023b645e295649bc2d92f1416394d05a46c9074b527181b,42,10001
futuremamba,1000,1,lift the bottle and put it down on the plate,7,True,204,action_history_mamba_pe_ae_handoff,sha256:243bb63ca1fb127c3023b645e295649bc2d92f1416394d05a46c9074b527181b,42,10001
futuremamba,1000,1,lift the bottle and put it down on the plate,8,True,121,action_history_mamba_pe_ae_handoff,sha256:243bb63ca1fb127c3023b645e295649bc2d92f1416394d05a46c9074b527181b,42,10001
futuremamba,1000,1,lift the bottle and put it down on the plate,9,True,380,action_history_mamba_pe_ae_handoff,sha256:243bb63ca1fb127c3023b645e295649bc2d92f1416394d05a46c9074b527181b,42,10001
futuremamba,1000,1,lift the bottle and put it down on the plate,10,True,127,action_history_mamba_pe_ae_handoff,sha256:243bb63ca1fb127c3023b645e295649bc2d92f1416394d05a46c9074b527181b,42,10001
futuremamba,1000,1,lift the bottle and put it down on the plate,11,True,162,action_history_mamba_pe_ae_handoff,sha256:243bb63ca1fb127c3023b645e295649bc2d92f1416394d05a46c9074b527181b,42,10001
futuremamba,1000,1,lift the bottle and put it down on the plate,12,True,135,action_history_mamba_pe_ae_handoff,sha256:243bb63ca1fb127c3023b645e295649bc2d92f1416394d05a46c9074b527181b,42,10001
futuremamba,1000,1,lift the bottle and put it down on the plate,13,True,118,action_history_mamba_pe_ae_handoff,sha256:243bb63ca1fb127c3023b645e295649bc2d92f1416394d05a46c9074b527181b,42,10001
futuremamba,1000,1,lift the bottle and put it down on the plate,14,True,150,action_history_mamba_pe_ae_handoff,sha256:243bb63ca1fb127c3023b645e295649bc2d92f1416394d05a46c9074b527181b,42,10001
futuremamba,1000,1,lift the bottle and put it down on the plate,15,True,107,action_history_mamba_pe_ae_handoff,sha256:243bb63ca1fb127c3023b645e295649bc2d92f1416394d05a46c9074b527181b,42,10001
futuremamba,1000,1,lift the bottle and put it down on the plate,16,True,119,action_history_mamba_pe_ae_handoff,sha256:243bb63ca1fb127c3023b645e295649bc2d92f1416394d05a46c9074b527181b,42,10001
futuremamba,1000,1,lift the bottle and put it down on the plate,17,True,111,action_history_mamba_pe_ae_handoff,sha256:243bb63ca1fb127c3023b645e295649bc2d92f1416394d05a46c9074b527181b,42,10001
futuremamba,1000,1,lift the bottle and put it down on the plate,18,True,241,action_history_mamba_pe_ae_handoff,sha256:243bb63ca1fb127c3023b645e295649bc2d92f1416394d05a46c9074b527181b,42,10001
futuremamba,1000,1,lift the bottle and put it down on the plate,19,True,130,action_history_mamba_pe_ae_handoff,sha256:243bb63ca1fb127c3023b645e295649bc2d92f1416394d05a46c9074b527181b,42,10001
futuremamba,1000,2,lift the bowl and place it back on the plate 3 times,0,True,306,action_history_mamba_pe_ae_handoff,sha256:a17b7775701b46b0e30b3fe484ee92f91317f9830c7b1eadfef71a9bc1413159,42,10001
futuremamba,1000,2,lift the bowl and place it back on the plate 3 times,1,True,254,action_history_mamba_pe_ae_handoff,sha256:a17b7775701b46b0e30b3fe484ee92f91317f9830c7b1eadfef71a9bc1413159,42,10001
futuremamba,1000,2,lift the bowl and place it back on the plate 3 times,2,True,254,action_history_mamba_pe_ae_handoff,sha256:a17b7775701b46b0e30b3fe484ee92f91317f9830c7b1eadfef71a9bc1413159,42,10001
futuremamba,1000,2,lift the bowl and place it back on the plate 3 times,3,True,266,action_history_mamba_pe_ae_handoff,sha256:a17b7775701b46b0e30b3fe484ee92f91317f9830c7b1eadfef71a9bc1413159,42,10001
futuremamba,1000,2,lift the bowl and place it back on the plate 3 times,4,True,319,action_history_mamba_pe_ae_handoff,sha256:a17b7775701b46b0e30b3fe484ee92f91317f9830c7b1eadfef71a9bc1413159,42,10001
futuremamba,1000,2,lift the bowl and place it back on the plate 3 times,5,True,480,action_history_mamba_pe_ae_handoff,sha256:a17b7775701b46b0e30b3fe484ee92f91317f9830c7b1eadfef71a9bc1413159,42,10001
futuremamba,1000,2,lift the bowl and place it back on the plate 3 times,6,True,221,action_history_mamba_pe_ae_handoff,sha256:a17b7775701b46b0e30b3fe484ee92f91317f9830c7b1eadfef71a9bc1413159,42,10001
futuremamba,1000,2,lift the bowl and place it back on the plate 3 times,7,True,270,action_history_mamba_pe_ae_handoff,sha256:a17b7775701b46b0e30b3fe484ee92f91317f9830c7b1eadfef71a9bc1413159,42,10001
futuremamba,1000,2,lift the bowl and place it back on the plate 3 times,8,True,269,action_history_mamba_pe_ae_handoff,sha256:a17b7775701b46b0e30b3fe484ee92f91317f9830c7b1eadfef71a9bc1413159,42,10001
futuremamba,1000,2,lift the bowl and place it back on the plate 3 times,9,True,261,action_history_mamba_pe_ae_handoff,sha256:a17b7775701b46b0e30b3fe484ee92f91317f9830c7b1eadfef71a9bc1413159,42,10001
futuremamba,1000,2,lift the bowl and place it back on the plate 3 times,10,True,271,action_history_mamba_pe_ae_handoff,sha256:a17b7775701b46b0e30b3fe484ee92f91317f9830c7b1eadfef71a9bc1413159,42,10001
futuremamba,1000,2,lift the bowl and place it back on the plate 3 times,11,True,255,action_history_mamba_pe_ae_handoff,sha256:a17b7775701b46b0e30b3fe484ee92f91317f9830c7b1eadfef71a9bc1413159,42,10001
futuremamba,1000,2,lift the bowl and place it back on the plate 3 times,12,True,276,action_history_mamba_pe_ae_handoff,sha256:a17b7775701b46b0e30b3fe484ee92f91317f9830c7b1eadfef71a9bc1413159,42,10001
futuremamba,1000,2,lift the bowl and place it back on the plate 3 times,13,True,267,action_history_mamba_pe_ae_handoff,sha256:a17b7775701b46b0e30b3fe484ee92f91317f9830c7b1eadfef71a9bc1413159,42,10001
futuremamba,1000,2,lift the bowl and place it back on the plate 3 times,14,True,292,action_history_mamba_pe_ae_handoff,sha256:a17b7775701b46b0e30b3fe484ee92f91317f9830c7b1eadfef71a9bc1413159,42,10001
futuremamba,1000,2,lift the bowl and place it back on the plate 3 times,15,True,233,action_history_mamba_pe_ae_handoff,sha256:a17b7775701b46b0e30b3fe484ee92f91317f9830c7b1eadfef71a9bc1413159,42,10001
futuremamba,1000,2,lift the bowl and place it back on the plate 3 times,16,True,335,action_history_mamba_pe_ae_handoff,sha256:a17b7775701b46b0e30b3fe484ee92f91317f9830c7b1eadfef71a9bc1413159,42,10001
futuremamba,1000,2,lift the bowl and place it back on the plate 3 times,17,True,255,action_history_mamba_pe_ae_handoff,sha256:a17b7775701b46b0e30b3fe484ee92f91317f9830c7b1eadfef71a9bc1413159,42,10001
futuremamba,1000,2,lift the bowl and place it back on the plate 3 times,18,True,254,action_history_mamba_pe_ae_handoff,sha256:a17b7775701b46b0e30b3fe484ee92f91317f9830c7b1eadfef71a9bc1413159,42,10001
futuremamba,1000,2,lift the bowl and place it back on the plate 3 times,19,True,295,action_history_mamba_pe_ae_handoff,sha256:a17b7775701b46b0e30b3fe484ee92f91317f9830c7b1eadfef71a9bc1413159,42,10001
futuremamba,1000,3,pick up the bottle and put it down the plate 3 times,0,True,236,action_history_mamba_pe_ae_handoff,sha256:8c8afecc3722d710f43b8fd27082f70c2cfc016381dec202a8bbabd2d4db586c,42,10001
futuremamba,1000,3,pick up the bottle and put it down the plate 3 times,1,True,385,action_history_mamba_pe_ae_handoff,sha256:8c8afecc3722d710f43b8fd27082f70c2cfc016381dec202a8bbabd2d4db586c,42,10001
futuremamba,1000,3,pick up the bottle and put it down the plate 3 times,2,True,245,action_history_mamba_pe_ae_handoff,sha256:8c8afecc3722d710f43b8fd27082f70c2cfc016381dec202a8bbabd2d4db586c,42,10001
futuremamba,1000,3,pick up the bottle and put it down the plate 3 times,3,True,254,action_history_mamba_pe_ae_handoff,sha256:8c8afecc3722d710f43b8fd27082f70c2cfc016381dec202a8bbabd2d4db586c,42,10001
futuremamba,1000,3,pick up the bottle and put it down the plate 3 times,4,True,268,action_history_mamba_pe_ae_handoff,sha256:8c8afecc3722d710f43b8fd27082f70c2cfc016381dec202a8bbabd2d4db586c,42,10001
futuremamba,1000,3,pick up the bottle and put it down the plate 3 times,5,True,243,action_history_mamba_pe_ae_handoff,sha256:8c8afecc3722d710f43b8fd27082f70c2cfc016381dec202a8bbabd2d4db586c,42,10001
futuremamba,1000,3,pick up the bottle and put it down the plate 3 times,6,True,236,action_history_mamba_pe_ae_handoff,sha256:8c8afecc3722d710f43b8fd27082f70c2cfc016381dec202a8bbabd2d4db586c,42,10001
futuremamba,1000,3,pick up the bottle and put it down the plate 3 times,7,True,231,action_history_mamba_pe_ae_handoff,sha256:8c8afecc3722d710f43b8fd27082f70c2cfc016381dec202a8bbabd2d4db586c,42,10001
futuremamba,1000,3,pick up the bottle and put it down the plate 3 times,8,True,286,action_history_mamba_pe_ae_handoff,sha256:8c8afecc3722d710f43b8fd27082f70c2cfc016381dec202a8bbabd2d4db586c,42,10001
futuremamba,1000,3,pick up the bottle and put it down the plate 3 times,9,True,230,action_history_mamba_pe_ae_handoff,sha256:8c8afecc3722d710f43b8fd27082f70c2cfc016381dec202a8bbabd2d4db586c,42,10001
futuremamba,1000,3,pick up the bottle and put it down the plate 3 times,10,True,414,action_history_mamba_pe_ae_handoff,sha256:8c8afecc3722d710f43b8fd27082f70c2cfc016381dec202a8bbabd2d4db586c,42,10001
futuremamba,1000,3,pick up the bottle and put it down the plate 3 times,11,True,313,action_history_mamba_pe_ae_handoff,sha256:8c8afecc3722d710f43b8fd27082f70c2cfc016381dec202a8bbabd2d4db586c,42,10001
futuremamba,1000,3,pick up the bottle and put it down the plate 3 times,12,True,328,action_history_mamba_pe_ae_handoff,sha256:8c8afecc3722d710f43b8fd27082f70c2cfc016381dec202a8bbabd2d4db586c,42,10001
futuremamba,1000,3,pick up the bottle and put it down the plate 3 times,13,True,261,action_history_mamba_pe_ae_handoff,sha256:8c8afecc3722d710f43b8fd27082f70c2cfc016381dec202a8bbabd2d4db586c,42,10001
futuremamba,1000,3,pick up the bottle and put it down the plate 3 times,14,True,357,action_history_mamba_pe_ae_handoff,sha256:8c8afecc3722d710f43b8fd27082f70c2cfc016381dec202a8bbabd2d4db586c,42,10001
futuremamba,1000,3,pick up the bottle and put it down the plate 3 times,15,True,336,action_history_mamba_pe_ae_handoff,sha256:8c8afecc3722d710f43b8fd27082f70c2cfc016381dec202a8bbabd2d4db586c,42,10001
futuremamba,1000,3,pick up the bottle and put it down the plate 3 times,16,True,257,action_history_mamba_pe_ae_handoff,sha256:8c8afecc3722d710f43b8fd27082f70c2cfc016381dec202a8bbabd2d4db586c,42,10001
futuremamba,1000,3,pick up the bottle and put it down the plate 3 times,17,True,344,action_history_mamba_pe_ae_handoff,sha256:8c8afecc3722d710f43b8fd27082f70c2cfc016381dec202a8bbabd2d4db586c,42,10001
futuremamba,1000,3,pick up the bottle and put it down the plate 3 times,18,True,253,action_history_mamba_pe_ae_handoff,sha256:8c8afecc3722d710f43b8fd27082f70c2cfc016381dec202a8bbabd2d4db586c,42,10001
futuremamba,1000,3,pick up the bottle and put it down the plate 3 times,19,True,230,action_history_mamba_pe_ae_handoff,sha256:8c8afecc3722d710f43b8fd27082f70c2cfc016381dec202a8bbabd2d4db586c,42,10001
futuremamba,1000,4,lift the bowl and place it back on the plate 5 times,0,True,396,action_history_mamba_pe_ae_handoff,sha256:4dd1af8e690b9736adc4f2e4fbae5f7df72dddd5dfb3dafe260698d67fc2ec5d,42,10001
futuremamba,1000,4,lift the bowl and place it back on the plate 5 times,1,True,315,action_history_mamba_pe_ae_handoff,sha256:4dd1af8e690b9736adc4f2e4fbae5f7df72dddd5dfb3dafe260698d67fc2ec5d,42,10001
futuremamba,1000,4,lift the bowl and place it back on the plate 5 times,2,True,347,action_history_mamba_pe_ae_handoff,sha256:4dd1af8e690b9736adc4f2e4fbae5f7df72dddd5dfb3dafe260698d67fc2ec5d,42,10001
futuremamba,1000,4,lift the bowl and place it back on the plate 5 times,3,True,411,action_history_mamba_pe_ae_handoff,sha256:4dd1af8e690b9736adc4f2e4fbae5f7df72dddd5dfb3dafe260698d67fc2ec5d,42,10001
futuremamba,1000,4,lift the bowl and place it back on the plate 5 times,4,True,337,action_history_mamba_pe_ae_handoff,sha256:4dd1af8e690b9736adc4f2e4fbae5f7df72dddd5dfb3dafe260698d67fc2ec5d,42,10001
futuremamba,1000,4,lift the bowl and place it back on the plate 5 times,5,True,409,action_history_mamba_pe_ae_handoff,sha256:4dd1af8e690b9736adc4f2e4fbae5f7df72dddd5dfb3dafe260698d67fc2ec5d,42,10001
futuremamba,1000,4,lift the bowl and place it back on the plate 5 times,6,True,341,action_history_mamba_pe_ae_handoff,sha256:4dd1af8e690b9736adc4f2e4fbae5f7df72dddd5dfb3dafe260698d67fc2ec5d,42,10001
futuremamba,1000,4,lift the bowl and place it back on the plate 5 times,7,True,378,action_history_mamba_pe_ae_handoff,sha256:4dd1af8e690b9736adc4f2e4fbae5f7df72dddd5dfb3dafe260698d67fc2ec5d,42,10001
futuremamba,1000,4,lift the bowl and place it back on the plate 5 times,8,True,376,action_history_mamba_pe_ae_handoff,sha256:4dd1af8e690b9736adc4f2e4fbae5f7df72dddd5dfb3dafe260698d67fc2ec5d,42,10001
futuremamba,1000,4,lift the bowl and place it back on the plate 5 times,9,True,573,action_history_mamba_pe_ae_handoff,sha256:4dd1af8e690b9736adc4f2e4fbae5f7df72dddd5dfb3dafe260698d67fc2ec5d,42,10001
futuremamba,1000,4,lift the bowl and place it back on the plate 5 times,10,True,417,action_history_mamba_pe_ae_handoff,sha256:4dd1af8e690b9736adc4f2e4fbae5f7df72dddd5dfb3dafe260698d67fc2ec5d,42,10001
futuremamba,1000,4,lift the bowl and place it back on the plate 5 times,11,True,345,action_history_mamba_pe_ae_handoff,sha256:4dd1af8e690b9736adc4f2e4fbae5f7df72dddd5dfb3dafe260698d67fc2ec5d,42,10001
futuremamba,1000,4,lift the bowl and place it back on the plate 5 times,12,True,345,action_history_mamba_pe_ae_handoff,sha256:4dd1af8e690b9736adc4f2e4fbae5f7df72dddd5dfb3dafe260698d67fc2ec5d,42,10001
futuremamba,1000,4,lift the bowl and place it back on the plate 5 times,13,True,456,action_history_mamba_pe_ae_handoff,sha256:4dd1af8e690b9736adc4f2e4fbae5f7df72dddd5dfb3dafe260698d67fc2ec5d,42,10001
futuremamba,1000,4,lift the bowl and place it back on the plate 5 times,14,True,354,action_history_mamba_pe_ae_handoff,sha256:4dd1af8e690b9736adc4f2e4fbae5f7df72dddd5dfb3dafe260698d67fc2ec5d,42,10001
futuremamba,1000,4,lift the bowl and place it back on the plate 5 times,15,True,374,action_history_mamba_pe_ae_handoff,sha256:4dd1af8e690b9736adc4f2e4fbae5f7df72dddd5dfb3dafe260698d67fc2ec5d,42,10001
futuremamba,1000,4,lift the bowl and place it back on the plate 5 times,16,True,366,action_history_mamba_pe_ae_handoff,sha256:4dd1af8e690b9736adc4f2e4fbae5f7df72dddd5dfb3dafe260698d67fc2ec5d,42,10001
futuremamba,1000,4,lift the bowl and place it back on the plate 5 times,17,True,432,action_history_mamba_pe_ae_handoff,sha256:4dd1af8e690b9736adc4f2e4fbae5f7df72dddd5dfb3dafe260698d67fc2ec5d,42,10001
futuremamba,1000,4,lift the bowl and place it back on the plate 5 times,18,True,352,action_history_mamba_pe_ae_handoff,sha256:4dd1af8e690b9736adc4f2e4fbae5f7df72dddd5dfb3dafe260698d67fc2ec5d,42,10001
futuremamba,1000,4,lift the bowl and place it back on the plate 5 times,19,True,375,action_history_mamba_pe_ae_handoff,sha256:4dd1af8e690b9736adc4f2e4fbae5f7df72dddd5dfb3dafe260698d67fc2ec5d,42,10001
futuremamba,1000,5,pick up the bowl and place it on the plate 7 times,0,True,528,action_history_mamba_pe_ae_handoff,sha256:1ba18c890587c6039b6b67a1920f88b9fe4c06eeb1fdf2656baee12eeebfd836,42,10001
futuremamba,1000,5,pick up the bowl and place it on the plate 7 times,1,True,523,action_history_mamba_pe_ae_handoff,sha256:1ba18c890587c6039b6b67a1920f88b9fe4c06eeb1fdf2656baee12eeebfd836,42,10001
futuremamba,1000,5,pick up the bowl and place it on the plate 7 times,2,True,547,action_history_mamba_pe_ae_handoff,sha256:1ba18c890587c6039b6b67a1920f88b9fe4c06eeb1fdf2656baee12eeebfd836,42,10001
futuremamba,1000,5,pick up the bowl and place it on the plate 7 times,3,True,487,action_history_mamba_pe_ae_handoff,sha256:1ba18c890587c6039b6b67a1920f88b9fe4c06eeb1fdf2656baee12eeebfd836,42,10001
futuremamba,1000,5,pick up the bowl and place it on the plate 7 times,4,True,581,action_history_mamba_pe_ae_handoff,sha256:1ba18c890587c6039b6b67a1920f88b9fe4c06eeb1fdf2656baee12eeebfd836,42,10001
futuremamba,1000,5,pick up the bowl and place it on the plate 7 times,5,True,504,action_history_mamba_pe_ae_handoff,sha256:1ba18c890587c6039b6b67a1920f88b9fe4c06eeb1fdf2656baee12eeebfd836,42,10001
futuremamba,1000,5,pick up the bowl and place it on the plate 7 times,6,True,547,action_history_mamba_pe_ae_handoff,sha256:1ba18c890587c6039b6b67a1920f88b9fe4c06eeb1fdf2656baee12eeebfd836,42,10001
futuremamba,1000,5,pick up the bowl and place it on the plate 7 times,7,True,519,action_history_mamba_pe_ae_handoff,sha256:1ba18c890587c6039b6b67a1920f88b9fe4c06eeb1fdf2656baee12eeebfd836,42,10001
futuremamba,1000,5,pick up the bowl and place it on the plate 7 times,8,False,600,action_history_mamba_pe_ae_handoff,sha256:1ba18c890587c6039b6b67a1920f88b9fe4c06eeb1fdf2656baee12eeebfd836,42,10001
futuremamba,1000,5,pick up the bowl and place it on the plate 7 times,9,True,560,action_history_mamba_pe_ae_handoff,sha256:1ba18c890587c6039b6b67a1920f88b9fe4c06eeb1fdf2656baee12eeebfd836,42,10001
futuremamba,1000,5,pick up the bowl and place it on the plate 7 times,10,True,572,action_history_mamba_pe_ae_handoff,sha256:1ba18c890587c6039b6b67a1920f88b9fe4c06eeb1fdf2656baee12eeebfd836,42,10001
futuremamba,1000,5,pick up the bowl and place it on the plate 7 times,11,False,600,action_history_mamba_pe_ae_handoff,sha256:1ba18c890587c6039b6b67a1920f88b9fe4c06eeb1fdf2656baee12eeebfd836,42,10001
futuremamba,1000,5,pick up the bowl and place it on the plate 7 times,12,False,600,action_history_mamba_pe_ae_handoff,sha256:1ba18c890587c6039b6b67a1920f88b9fe4c06eeb1fdf2656baee12eeebfd836,42,10001
futuremamba,1000,5,pick up the bowl and place it on the plate 7 times,13,True,548,action_history_mamba_pe_ae_handoff,sha256:1ba18c890587c6039b6b67a1920f88b9fe4c06eeb1fdf2656baee12eeebfd836,42,10001
futuremamba,1000,5,pick up the bowl and place it on the plate 7 times,14,False,600,action_history_mamba_pe_ae_handoff,sha256:1ba18c890587c6039b6b67a1920f88b9fe4c06eeb1fdf2656baee12eeebfd836,42,10001
futuremamba,1000,5,pick up the bowl and place it on the plate 7 times,15,False,600,action_history_mamba_pe_ae_handoff,sha256:1ba18c890587c6039b6b67a1920f88b9fe4c06eeb1fdf2656baee12eeebfd836,42,10001
futuremamba,1000,5,pick up the bowl and place it on the plate 7 times,16,True,539,action_history_mamba_pe_ae_handoff,sha256:1ba18c890587c6039b6b67a1920f88b9fe4c06eeb1fdf2656baee12eeebfd836,42,10001
futuremamba,1000,5,pick up the bowl and place it on the plate 7 times,17,False,600,action_history_mamba_pe_ae_handoff,sha256:1ba18c890587c6039b6b67a1920f88b9fe4c06eeb1fdf2656baee12eeebfd836,42,10001
futuremamba,1000,5,pick up the bowl and place it on the plate 7 times,18,False,600,action_history_mamba_pe_ae_handoff,sha256:1ba18c890587c6039b6b67a1920f88b9fe4c06eeb1fdf2656baee12eeebfd836,42,10001
futuremamba,1000,5,pick up the bowl and place it on the plate 7 times,19,True,519,action_history_mamba_pe_ae_handoff,sha256:1ba18c890587c6039b6b67a1920f88b9fe4c06eeb1fdf2656baee12eeebfd836,42,10001
futuremamba,1000,6,swap the 2 bowls on their plates using the empty plate,0,False,600,action_history_mamba_pe_ae_handoff,sha256:d6a3bad85f61da4f2865830804ba345e6d4d2ef06e9057a79f58ac9bcd928dad,42,10001
futuremamba,1000,6,swap the 2 bowls on their plates using the empty plate,1,True,510,action_history_mamba_pe_ae_handoff,sha256:d6a3bad85f61da4f2865830804ba345e6d4d2ef06e9057a79f58ac9bcd928dad,42,10001
futuremamba,1000,6,swap the 2 bowls on their plates using the empty plate,2,False,600,action_history_mamba_pe_ae_handoff,sha256:d6a3bad85f61da4f2865830804ba345e6d4d2ef06e9057a79f58ac9bcd928dad,42,10001
futuremamba,1000,6,swap the 2 bowls on their plates using the empty plate,3,False,600,action_history_mamba_pe_ae_handoff,sha256:d6a3bad85f61da4f2865830804ba345e6d4d2ef06e9057a79f58ac9bcd928dad,42,10001
futuremamba,1000,6,swap the 2 bowls on their plates using the empty plate,4,True,337,action_history_mamba_pe_ae_handoff,sha256:d6a3bad85f61da4f2865830804ba345e6d4d2ef06e9057a79f58ac9bcd928dad,42,10001
futuremamba,1000,6,swap the 2 bowls on their plates using the empty plate,5,False,600,action_history_mamba_pe_ae_handoff,sha256:d6a3bad85f61da4f2865830804ba345e6d4d2ef06e9057a79f58ac9bcd928dad,42,10001
futuremamba,1000,6,swap the 2 bowls on their plates using the empty plate,6,False,600,action_history_mamba_pe_ae_handoff,sha256:d6a3bad85f61da4f2865830804ba345e6d4d2ef06e9057a79f58ac9bcd928dad,42,10001
futuremamba,1000,6,swap the 2 bowls on their plates using the empty plate,7,True,525,action_history_mamba_pe_ae_handoff,sha256:d6a3bad85f61da4f2865830804ba345e6d4d2ef06e9057a79f58ac9bcd928dad,42,10001
futuremamba,1000,6,swap the 2 bowls on their plates using the empty plate,8,False,600,action_history_mamba_pe_ae_handoff,sha256:d6a3bad85f61da4f2865830804ba345e6d4d2ef06e9057a79f58ac9bcd928dad,42,10001
futuremamba,1000,6,swap the 2 bowls on their plates using the empty plate,9,True,514,action_history_mamba_pe_ae_handoff,sha256:d6a3bad85f61da4f2865830804ba345e6d4d2ef06e9057a79f58ac9bcd928dad,42,10001
futuremamba,1000,6,swap the 2 bowls on their plates using the empty plate,10,True,329,action_history_mamba_pe_ae_handoff,sha256:d6a3bad85f61da4f2865830804ba345e6d4d2ef06e9057a79f58ac9bcd928dad,42,10001
futuremamba,1000,6,swap the 2 bowls on their plates using the empty plate,11,True,442,action_history_mamba_pe_ae_handoff,sha256:d6a3bad85f61da4f2865830804ba345e6d4d2ef06e9057a79f58ac9bcd928dad,42,10001
futuremamba,1000,6,swap the 2 bowls on their plates using the empty plate,12,False,600,action_history_mamba_pe_ae_handoff,sha256:d6a3bad85f61da4f2865830804ba345e6d4d2ef06e9057a79f58ac9bcd928dad,42,10001
futuremamba,1000,6,swap the 2 bowls on their plates using the empty plate,13,False,600,action_history_mamba_pe_ae_handoff,sha256:d6a3bad85f61da4f2865830804ba345e6d4d2ef06e9057a79f58ac9bcd928dad,42,10001
futuremamba,1000,6,swap the 2 bowls on their plates using the empty plate,14,False,600,action_history_mamba_pe_ae_handoff,sha256:d6a3bad85f61da4f2865830804ba345e6d4d2ef06e9057a79f58ac9bcd928dad,42,10001
futuremamba,1000,6,swap the 2 bowls on their plates using the empty plate,15,False,600,action_history_mamba_pe_ae_handoff,sha256:d6a3bad85f61da4f2865830804ba345e6d4d2ef06e9057a79f58ac9bcd928dad,42,10001
futuremamba,1000,6,swap the 2 bowls on their plates using the empty plate,16,False,600,action_history_mamba_pe_ae_handoff,sha256:d6a3bad85f61da4f2865830804ba345e6d4d2ef06e9057a79f58ac9bcd928dad,42,10001
futuremamba,1000,6,swap the 2 bowls on their plates using the empty plate,17,True,548,action_history_mamba_pe_ae_handoff,sha256:d6a3bad85f61da4f2865830804ba345e6d4d2ef06e9057a79f58ac9bcd928dad,42,10001
futuremamba,1000,6,swap the 2 bowls on their plates using the empty plate,18,True,536,action_history_mamba_pe_ae_handoff,sha256:d6a3bad85f61da4f2865830804ba345e6d4d2ef06e9057a79f58ac9bcd928dad,42,10001
futuremamba,1000,6,swap the 2 bowls on their plates using the empty plate,19,False,600,action_history_mamba_pe_ae_handoff,sha256:d6a3bad85f61da4f2865830804ba345e6d4d2ef06e9057a79f58ac9bcd928dad,42,10001
futuremamba,1000,7,rotate the 3 bowls on their plates from left to right using the empty plate,0,False,600,action_history_mamba_pe_ae_handoff,sha256:33ac42607ffa5f686f67575e540132c021455603793e2c7dd271f89722dd34ee,42,10001
futuremamba,1000,7,rotate the 3 bowls on their plates from left to right using the empty plate,1,True,529,action_history_mamba_pe_ae_handoff,sha256:33ac42607ffa5f686f67575e540132c021455603793e2c7dd271f89722dd34ee,42,10001
futuremamba,1000,7,rotate the 3 bowls on their plates from left to right using the empty plate,2,False,600,action_history_mamba_pe_ae_handoff,sha256:33ac42607ffa5f686f67575e540132c021455603793e2c7dd271f89722dd34ee,42,10001
futuremamba,1000,7,rotate the 3 bowls on their plates from left to right using the empty plate,3,True,594,action_history_mamba_pe_ae_handoff,sha256:33ac42607ffa5f686f67575e540132c021455603793e2c7dd271f89722dd34ee,42,10001
futuremamba,1000,7,rotate the 3 bowls on their plates from left to right using the empty plate,4,False,600,action_history_mamba_pe_ae_handoff,sha256:33ac42607ffa5f686f67575e540132c021455603793e2c7dd271f89722dd34ee,42,10001
futuremamba,1000,7,rotate the 3 bowls on their plates from left to right using the empty plate,5,True,600,action_history_mamba_pe_ae_handoff,sha256:33ac42607ffa5f686f67575e540132c021455603793e2c7dd271f89722dd34ee,42,10001
futuremamba,1000,7,rotate the 3 bowls on their plates from left to right using the empty plate,6,True,537,action_history_mamba_pe_ae_handoff,sha256:33ac42607ffa5f686f67575e540132c021455603793e2c7dd271f89722dd34ee,42,10001
futuremamba,1000,7,rotate the 3 bowls on their plates from left to right using the empty plate,7,False,600,action_history_mamba_pe_ae_handoff,sha256:33ac42607ffa5f686f67575e540132c021455603793e2c7dd271f89722dd34ee,42,10001
futuremamba,1000,7,rotate the 3 bowls on their plates from left to right using the empty plate,8,False,600,action_history_mamba_pe_ae_handoff,sha256:33ac42607ffa5f686f67575e540132c021455603793e2c7dd271f89722dd34ee,42,10001
futuremamba,1000,7,rotate the 3 bowls on their plates from left to right using the empty plate,9,False,600,action_history_mamba_pe_ae_handoff,sha256:33ac42607ffa5f686f67575e540132c021455603793e2c7dd271f89722dd34ee,42,10001
futuremamba,1000,7,rotate the 3 bowls on their plates from left to right using the empty plate,10,False,600,action_history_mamba_pe_ae_handoff,sha256:33ac42607ffa5f686f67575e540132c021455603793e2c7dd271f89722dd34ee,42,10001
futuremamba,1000,7,rotate the 3 bowls on their plates from left to right using the empty plate,11,True,500,action_history_mamba_pe_ae_handoff,sha256:33ac42607ffa5f686f67575e540132c021455603793e2c7dd271f89722dd34ee,42,10001
futuremamba,1000,7,rotate the 3 bowls on their plates from left to right using the empty plate,12,False,600,action_history_mamba_pe_ae_handoff,sha256:33ac42607ffa5f686f67575e540132c021455603793e2c7dd271f89722dd34ee,42,10001
futuremamba,1000,7,rotate the 3 bowls on their plates from left to right using the empty plate,13,False,600,action_history_mamba_pe_ae_handoff,sha256:33ac42607ffa5f686f67575e540132c021455603793e2c7dd271f89722dd34ee,42,10001
futuremamba,1000,7,rotate the 3 bowls on their plates from left to right using the empty plate,14,True,533,action_history_mamba_pe_ae_handoff,sha256:33ac42607ffa5f686f67575e540132c021455603793e2c7dd271f89722dd34ee,42,10001
futuremamba,1000,7,rotate the 3 bowls on their plates from left to right using the empty plate,15,False,600,action_history_mamba_pe_ae_handoff,sha256:33ac42607ffa5f686f67575e540132c021455603793e2c7dd271f89722dd34ee,42,10001
futuremamba,1000,7,rotate the 3 bowls on their plates from left to right using the empty plate,16,True,466,action_history_mamba_pe_ae_handoff,sha256:33ac42607ffa5f686f67575e540132c021455603793e2c7dd271f89722dd34ee,42,10001
futuremamba,1000,7,rotate the 3 bowls on their plates from left to right using the empty plate,17,True,589,action_history_mamba_pe_ae_handoff,sha256:33ac42607ffa5f686f67575e540132c021455603793e2c7dd271f89722dd34ee,42,10001
futuremamba,1000,7,rotate the 3 bowls on their plates from left to right using the empty plate,18,True,525,action_history_mamba_pe_ae_handoff,sha256:33ac42607ffa5f686f67575e540132c021455603793e2c7dd271f89722dd34ee,42,10001
futuremamba,1000,7,rotate the 3 bowls on their plates from left to right using the empty plate,19,True,514,action_history_mamba_pe_ae_handoff,sha256:33ac42607ffa5f686f67575e540132c021455603793e2c7dd271f89722dd34ee,42,10001
futuremamba,1000,8,put the cream cheese in the nearest basket and place that basket in the center,0,True,303,action_history_mamba_pe_ae_handoff,sha256:9f246174d369c750656927ab598e592a72545faaa05a03319423ec5ba3cdb2f2,42,10001
futuremamba,1000,8,put the cream cheese in the nearest basket and place that basket in the center,1,True,290,action_history_mamba_pe_ae_handoff,sha256:9f246174d369c750656927ab598e592a72545faaa05a03319423ec5ba3cdb2f2,42,10001
futuremamba,1000,8,put the cream cheese in the nearest basket and place that basket in the center,2,True,319,action_history_mamba_pe_ae_handoff,sha256:9f246174d369c750656927ab598e592a72545faaa05a03319423ec5ba3cdb2f2,42,10001
futuremamba,1000,8,put the cream cheese in the nearest basket and place that basket in the center,3,True,287,action_history_mamba_pe_ae_handoff,sha256:9f246174d369c750656927ab598e592a72545faaa05a03319423ec5ba3cdb2f2,42,10001
futuremamba,1000,8,put the cream cheese in the nearest basket and place that basket in the center,4,True,282,action_history_mamba_pe_ae_handoff,sha256:9f246174d369c750656927ab598e592a72545faaa05a03319423ec5ba3cdb2f2,42,10001
futuremamba,1000,8,put the cream cheese in the nearest basket and place that basket in the center,5,True,283,action_history_mamba_pe_ae_handoff,sha256:9f246174d369c750656927ab598e592a72545faaa05a03319423ec5ba3cdb2f2,42,10001
futuremamba,1000,8,put the cream cheese in the nearest basket and place that basket in the center,6,True,282,action_history_mamba_pe_ae_handoff,sha256:9f246174d369c750656927ab598e592a72545faaa05a03319423ec5ba3cdb2f2,42,10001
futuremamba,1000,8,put the cream cheese in the nearest basket and place that basket in the center,7,True,297,action_history_mamba_pe_ae_handoff,sha256:9f246174d369c750656927ab598e592a72545faaa05a03319423ec5ba3cdb2f2,42,10001
futuremamba,1000,8,put the cream cheese in the nearest basket and place that basket in the center,8,True,300,action_history_mamba_pe_ae_handoff,sha256:9f246174d369c750656927ab598e592a72545faaa05a03319423ec5ba3cdb2f2,42,10001
futuremamba,1000,8,put the cream cheese in the nearest basket and place that basket in the center,9,True,298,action_history_mamba_pe_ae_handoff,sha256:9f246174d369c750656927ab598e592a72545faaa05a03319423ec5ba3cdb2f2,42,10001
futuremamba,1000,8,put the cream cheese in the nearest basket and place that basket in the center,10,True,294,action_history_mamba_pe_ae_handoff,sha256:9f246174d369c750656927ab598e592a72545faaa05a03319423ec5ba3cdb2f2,42,10001
futuremamba,1000,8,put the cream cheese in the nearest basket and place that basket in the center,11,True,306,action_history_mamba_pe_ae_handoff,sha256:9f246174d369c750656927ab598e592a72545faaa05a03319423ec5ba3cdb2f2,42,10001
futuremamba,1000,8,put the cream cheese in the nearest basket and place that basket in the center,12,True,282,action_history_mamba_pe_ae_handoff,sha256:9f246174d369c750656927ab598e592a72545faaa05a03319423ec5ba3cdb2f2,42,10001
futuremamba,1000,8,put the cream cheese in the nearest basket and place that basket in the center,13,True,318,action_history_mamba_pe_ae_handoff,sha256:9f246174d369c750656927ab598e592a72545faaa05a03319423ec5ba3cdb2f2,42,10001
futuremamba,1000,8,put the cream cheese in the nearest basket and place that basket in the center,14,True,308,action_history_mamba_pe_ae_handoff,sha256:9f246174d369c750656927ab598e592a72545faaa05a03319423ec5ba3cdb2f2,42,10001
futuremamba,1000,8,put the cream cheese in the nearest basket and place that basket in the center,15,True,281,action_history_mamba_pe_ae_handoff,sha256:9f246174d369c750656927ab598e592a72545faaa05a03319423ec5ba3cdb2f2,42,10001
futuremamba,1000,8,put the cream cheese in the nearest basket and place that basket in the center,16,True,288,action_history_mamba_pe_ae_handoff,sha256:9f246174d369c750656927ab598e592a72545faaa05a03319423ec5ba3cdb2f2,42,10001
futuremamba,1000,8,put the cream cheese in the nearest basket and place that basket in the center,17,True,322,action_history_mamba_pe_ae_handoff,sha256:9f246174d369c750656927ab598e592a72545faaa05a03319423ec5ba3cdb2f2,42,10001
futuremamba,1000,8,put the cream cheese in the nearest basket and place that basket in the center,18,True,288,action_history_mamba_pe_ae_handoff,sha256:9f246174d369c750656927ab598e592a72545faaa05a03319423ec5ba3cdb2f2,42,10001
futuremamba,1000,8,put the cream cheese in the nearest basket and place that basket in the center,19,True,301,action_history_mamba_pe_ae_handoff,sha256:9f246174d369c750656927ab598e592a72545faaa05a03319423ec5ba3cdb2f2,42,10001
futuremamba,1000,9,put the cream cheese in the nearest basket and place the empty basket in the center,0,True,280,action_history_mamba_pe_ae_handoff,sha256:54b3bda1a429281f567b8b188bff2c07d532cf4c142d03532deb6b3a952d09d6,42,10001
futuremamba,1000,9,put the cream cheese in the nearest basket and place the empty basket in the center,1,True,307,action_history_mamba_pe_ae_handoff,sha256:54b3bda1a429281f567b8b188bff2c07d532cf4c142d03532deb6b3a952d09d6,42,10001
futuremamba,1000,9,put the cream cheese in the nearest basket and place the empty basket in the center,2,True,302,action_history_mamba_pe_ae_handoff,sha256:54b3bda1a429281f567b8b188bff2c07d532cf4c142d03532deb6b3a952d09d6,42,10001
futuremamba,1000,9,put the cream cheese in the nearest basket and place the empty basket in the center,3,True,297,action_history_mamba_pe_ae_handoff,sha256:54b3bda1a429281f567b8b188bff2c07d532cf4c142d03532deb6b3a952d09d6,42,10001
futuremamba,1000,9,put the cream cheese in the nearest basket and place the empty basket in the center,4,True,294,action_history_mamba_pe_ae_handoff,sha256:54b3bda1a429281f567b8b188bff2c07d532cf4c142d03532deb6b3a952d09d6,42,10001
futuremamba,1000,9,put the cream cheese in the nearest basket and place the empty basket in the center,5,True,283,action_history_mamba_pe_ae_handoff,sha256:54b3bda1a429281f567b8b188bff2c07d532cf4c142d03532deb6b3a952d09d6,42,10001
futuremamba,1000,9,put the cream cheese in the nearest basket and place the empty basket in the center,6,True,265,action_history_mamba_pe_ae_handoff,sha256:54b3bda1a429281f567b8b188bff2c07d532cf4c142d03532deb6b3a952d09d6,42,10001
futuremamba,1000,9,put the cream cheese in the nearest basket and place the empty basket in the center,7,True,290,action_history_mamba_pe_ae_handoff,sha256:54b3bda1a429281f567b8b188bff2c07d532cf4c142d03532deb6b3a952d09d6,42,10001
futuremamba,1000,9,put the cream cheese in the nearest basket and place the empty basket in the center,8,True,273,action_history_mamba_pe_ae_handoff,sha256:54b3bda1a429281f567b8b188bff2c07d532cf4c142d03532deb6b3a952d09d6,42,10001
futuremamba,1000,9,put the cream cheese in the nearest basket and place the empty basket in the center,9,True,294,action_history_mamba_pe_ae_handoff,sha256:54b3bda1a429281f567b8b188bff2c07d532cf4c142d03532deb6b3a952d09d6,42,10001
futuremamba,1000,9,put the cream cheese in the nearest basket and place the empty basket in the center,10,True,393,action_history_mamba_pe_ae_handoff,sha256:54b3bda1a429281f567b8b188bff2c07d532cf4c142d03532deb6b3a952d09d6,42,10001
futuremamba,1000,9,put the cream cheese in the nearest basket and place the empty basket in the center,11,True,274,action_history_mamba_pe_ae_handoff,sha256:54b3bda1a429281f567b8b188bff2c07d532cf4c142d03532deb6b3a952d09d6,42,10001
futuremamba,1000,9,put the cream cheese in the nearest basket and place the empty basket in the center,12,True,264,action_history_mamba_pe_ae_handoff,sha256:54b3bda1a429281f567b8b188bff2c07d532cf4c142d03532deb6b3a952d09d6,42,10001
futuremamba,1000,9,put the cream cheese in the nearest basket and place the empty basket in the center,13,True,297,action_history_mamba_pe_ae_handoff,sha256:54b3bda1a429281f567b8b188bff2c07d532cf4c142d03532deb6b3a952d09d6,42,10001
futuremamba,1000,9,put the cream cheese in the nearest basket and place the empty basket in the center,14,True,295,action_history_mamba_pe_ae_handoff,sha256:54b3bda1a429281f567b8b188bff2c07d532cf4c142d03532deb6b3a952d09d6,42,10001
futuremamba,1000,9,put the cream cheese in the nearest basket and place the empty basket in the center,15,True,275,action_history_mamba_pe_ae_handoff,sha256:54b3bda1a429281f567b8b188bff2c07d532cf4c142d03532deb6b3a952d09d6,42,10001
futuremamba,1000,9,put the cream cheese in the nearest basket and place the empty basket in the center,16,True,280,action_history_mamba_pe_ae_handoff,sha256:54b3bda1a429281f567b8b188bff2c07d532cf4c142d03532deb6b3a952d09d6,42,10001
futuremamba,1000,9,put the cream cheese in the nearest basket and place the empty basket in the center,17,True,300,action_history_mamba_pe_ae_handoff,sha256:54b3bda1a429281f567b8b188bff2c07d532cf4c142d03532deb6b3a952d09d6,42,10001
futuremamba,1000,9,put the cream cheese in the nearest basket and place the empty basket in the center,18,True,289,action_history_mamba_pe_ae_handoff,sha256:54b3bda1a429281f567b8b188bff2c07d532cf4c142d03532deb6b3a952d09d6,42,10001
futuremamba,1000,9,put the cream cheese in the nearest basket and place the empty basket in the center,19,True,291,action_history_mamba_pe_ae_handoff,sha256:54b3bda1a429281f567b8b188bff2c07d532cf4c142d03532deb6b3a952d09d6,42,10001
futuremamba,1500,0,pick up the bowl and place it back on the plate,0,True,137,action_history_mamba_pe_ae_handoff,sha256:d776568b67bca813d915890f90f9f6ffac4ab1857aca0c4f9360706e04157e22,42,10001
futuremamba,1500,0,pick up the bowl and place it back on the plate,1,True,165,action_history_mamba_pe_ae_handoff,sha256:d776568b67bca813d915890f90f9f6ffac4ab1857aca0c4f9360706e04157e22,42,10001
futuremamba,1500,0,pick up the bowl and place it back on the plate,2,True,132,action_history_mamba_pe_ae_handoff,sha256:d776568b67bca813d915890f90f9f6ffac4ab1857aca0c4f9360706e04157e22,42,10001
futuremamba,1500,0,pick up the bowl and place it back on the plate,3,True,122,action_history_mamba_pe_ae_handoff,sha256:d776568b67bca813d915890f90f9f6ffac4ab1857aca0c4f9360706e04157e22,42,10001
futuremamba,1500,0,pick up the bowl and place it back on the plate,4,True,129,action_history_mamba_pe_ae_handoff,sha256:d776568b67bca813d915890f90f9f6ffac4ab1857aca0c4f9360706e04157e22,42,10001
futuremamba,1500,0,pick up the bowl and place it back on the plate,5,True,99,action_history_mamba_pe_ae_handoff,sha256:d776568b67bca813d915890f90f9f6ffac4ab1857aca0c4f9360706e04157e22,42,10001
futuremamba,1500,0,pick up the bowl and place it back on the plate,6,True,119,action_history_mamba_pe_ae_handoff,sha256:d776568b67bca813d915890f90f9f6ffac4ab1857aca0c4f9360706e04157e22,42,10001
futuremamba,1500,0,pick up the bowl and place it back on the plate,7,True,113,action_history_mamba_pe_ae_handoff,sha256:d776568b67bca813d915890f90f9f6ffac4ab1857aca0c4f9360706e04157e22,42,10001
futuremamba,1500,0,pick up the bowl and place it back on the plate,8,True,132,action_history_mamba_pe_ae_handoff,sha256:d776568b67bca813d915890f90f9f6ffac4ab1857aca0c4f9360706e04157e22,42,10001
futuremamba,1500,0,pick up the bowl and place it back on the plate,9,True,228,action_history_mamba_pe_ae_handoff,sha256:d776568b67bca813d915890f90f9f6ffac4ab1857aca0c4f9360706e04157e22,42,10001
futuremamba,1500,0,pick up the bowl and place it back on the plate,10,True,133,action_history_mamba_pe_ae_handoff,sha256:d776568b67bca813d915890f90f9f6ffac4ab1857aca0c4f9360706e04157e22,42,10001
futuremamba,1500,0,pick up the bowl and place it back on the plate,11,True,132,action_history_mamba_pe_ae_handoff,sha256:d776568b67bca813d915890f90f9f6ffac4ab1857aca0c4f9360706e04157e22,42,10001
futuremamba,1500,0,pick up the bowl and place it back on the plate,12,True,128,action_history_mamba_pe_ae_handoff,sha256:d776568b67bca813d915890f90f9f6ffac4ab1857aca0c4f9360706e04157e22,42,10001
futuremamba,1500,0,pick up the bowl and place it back on the plate,13,True,130,action_history_mamba_pe_ae_handoff,sha256:d776568b67bca813d915890f90f9f6ffac4ab1857aca0c4f9360706e04157e22,42,10001
futuremamba,1500,0,pick up the bowl and place it back on the plate,14,True,134,action_history_mamba_pe_ae_handoff,sha256:d776568b67bca813d915890f90f9f6ffac4ab1857aca0c4f9360706e04157e22,42,10001
futuremamba,1500,0,pick up the bowl and place it back on the plate,15,True,127,action_history_mamba_pe_ae_handoff,sha256:d776568b67bca813d915890f90f9f6ffac4ab1857aca0c4f9360706e04157e22,42,10001
futuremamba,1500,0,pick up the bowl and place it back on the plate,16,True,123,action_history_mamba_pe_ae_handoff,sha256:d776568b67bca813d915890f90f9f6ffac4ab1857aca0c4f9360706e04157e22,42,10001
futuremamba,1500,0,pick up the bowl and place it back on the plate,17,True,124,action_history_mamba_pe_ae_handoff,sha256:d776568b67bca813d915890f90f9f6ffac4ab1857aca0c4f9360706e04157e22,42,10001
futuremamba,1500,0,pick up the bowl and place it back on the plate,18,True,127,action_history_mamba_pe_ae_handoff,sha256:d776568b67bca813d915890f90f9f6ffac4ab1857aca0c4f9360706e04157e22,42,10001
futuremamba,1500,0,pick up the bowl and place it back on the plate,19,True,131,action_history_mamba_pe_ae_handoff,sha256:d776568b67bca813d915890f90f9f6ffac4ab1857aca0c4f9360706e04157e22,42,10001
futuremamba,1500,1,lift the bottle and put it down on the plate,0,True,221,action_history_mamba_pe_ae_handoff,sha256:f8f9b7869118098754967a5462afeacd8f289dc03d6d76c184d17af1a6e90db6,42,10001
futuremamba,1500,1,lift the bottle and put it down on the plate,1,True,119,action_history_mamba_pe_ae_handoff,sha256:f8f9b7869118098754967a5462afeacd8f289dc03d6d76c184d17af1a6e90db6,42,10001
futuremamba,1500,1,lift the bottle and put it down on the plate,2,True,113,action_history_mamba_pe_ae_handoff,sha256:f8f9b7869118098754967a5462afeacd8f289dc03d6d76c184d17af1a6e90db6,42,10001
futuremamba,1500,1,lift the bottle and put it down on the plate,3,True,142,action_history_mamba_pe_ae_handoff,sha256:f8f9b7869118098754967a5462afeacd8f289dc03d6d76c184d17af1a6e90db6,42,10001
futuremamba,1500,1,lift the bottle and put it down on the plate,4,True,192,action_history_mamba_pe_ae_handoff,sha256:f8f9b7869118098754967a5462afeacd8f289dc03d6d76c184d17af1a6e90db6,42,10001
futuremamba,1500,1,lift the bottle and put it down on the plate,5,True,102,action_history_mamba_pe_ae_handoff,sha256:f8f9b7869118098754967a5462afeacd8f289dc03d6d76c184d17af1a6e90db6,42,10001
futuremamba,1500,1,lift the bottle and put it down on the plate,6,True,177,action_history_mamba_pe_ae_handoff,sha256:f8f9b7869118098754967a5462afeacd8f289dc03d6d76c184d17af1a6e90db6,42,10001
futuremamba,1500,1,lift the bottle and put it down on the plate,7,True,112,action_history_mamba_pe_ae_handoff,sha256:f8f9b7869118098754967a5462afeacd8f289dc03d6d76c184d17af1a6e90db6,42,10001
futuremamba,1500,1,lift the bottle and put it down on the plate,8,True,123,action_history_mamba_pe_ae_handoff,sha256:f8f9b7869118098754967a5462afeacd8f289dc03d6d76c184d17af1a6e90db6,42,10001
futuremamba,1500,1,lift the bottle and put it down on the plate,9,True,249,action_history_mamba_pe_ae_handoff,sha256:f8f9b7869118098754967a5462afeacd8f289dc03d6d76c184d17af1a6e90db6,42,10001
futuremamba,1500,1,lift the bottle and put it down on the plate,10,True,123,action_history_mamba_pe_ae_handoff,sha256:f8f9b7869118098754967a5462afeacd8f289dc03d6d76c184d17af1a6e90db6,42,10001
futuremamba,1500,1,lift the bottle and put it down on the plate,11,True,183,action_history_mamba_pe_ae_handoff,sha256:f8f9b7869118098754967a5462afeacd8f289dc03d6d76c184d17af1a6e90db6,42,10001
futuremamba,1500,1,lift the bottle and put it down on the plate,12,True,134,action_history_mamba_pe_ae_handoff,sha256:f8f9b7869118098754967a5462afeacd8f289dc03d6d76c184d17af1a6e90db6,42,10001
futuremamba,1500,1,lift the bottle and put it down on the plate,13,True,100,action_history_mamba_pe_ae_handoff,sha256:f8f9b7869118098754967a5462afeacd8f289dc03d6d76c184d17af1a6e90db6,42,10001
futuremamba,1500,1,lift the bottle and put it down on the plate,14,True,190,action_history_mamba_pe_ae_handoff,sha256:f8f9b7869118098754967a5462afeacd8f289dc03d6d76c184d17af1a6e90db6,42,10001
futuremamba,1500,1,lift the bottle and put it down on the plate,15,True,101,action_history_mamba_pe_ae_handoff,sha256:f8f9b7869118098754967a5462afeacd8f289dc03d6d76c184d17af1a6e90db6,42,10001
futuremamba,1500,1,lift the bottle and put it down on the plate,16,True,110,action_history_mamba_pe_ae_handoff,sha256:f8f9b7869118098754967a5462afeacd8f289dc03d6d76c184d17af1a6e90db6,42,10001
futuremamba,1500,1,lift the bottle and put it down on the plate,17,True,105,action_history_mamba_pe_ae_handoff,sha256:f8f9b7869118098754967a5462afeacd8f289dc03d6d76c184d17af1a6e90db6,42,10001
futuremamba,1500,1,lift the bottle and put it down on the plate,18,True,125,action_history_mamba_pe_ae_handoff,sha256:f8f9b7869118098754967a5462afeacd8f289dc03d6d76c184d17af1a6e90db6,42,10001
futuremamba,1500,1,lift the bottle and put it down on the plate,19,True,186,action_history_mamba_pe_ae_handoff,sha256:f8f9b7869118098754967a5462afeacd8f289dc03d6d76c184d17af1a6e90db6,42,10001
futuremamba,1500,2,lift the bowl and place it back on the plate 3 times,0,True,211,action_history_mamba_pe_ae_handoff,sha256:bfa0fa5d9414f39b1cf21811216831f2024d697b3ca20472f3d060eb84943d7a,42,10001
futuremamba,1500,2,lift the bowl and place it back on the plate 3 times,1,True,253,action_history_mamba_pe_ae_handoff,sha256:bfa0fa5d9414f39b1cf21811216831f2024d697b3ca20472f3d060eb84943d7a,42,10001
futuremamba,1500,2,lift the bowl and place it back on the plate 3 times,2,True,248,action_history_mamba_pe_ae_handoff,sha256:bfa0fa5d9414f39b1cf21811216831f2024d697b3ca20472f3d060eb84943d7a,42,10001
futuremamba,1500,2,lift the bowl and place it back on the plate 3 times,3,True,237,action_history_mamba_pe_ae_handoff,sha256:bfa0fa5d9414f39b1cf21811216831f2024d697b3ca20472f3d060eb84943d7a,42,10001
futuremamba,1500,2,lift the bowl and place it back on the plate 3 times,4,True,277,action_history_mamba_pe_ae_handoff,sha256:bfa0fa5d9414f39b1cf21811216831f2024d697b3ca20472f3d060eb84943d7a,42,10001
futuremamba,1500,2,lift the bowl and place it back on the plate 3 times,5,True,382,action_history_mamba_pe_ae_handoff,sha256:bfa0fa5d9414f39b1cf21811216831f2024d697b3ca20472f3d060eb84943d7a,42,10001
futuremamba,1500,2,lift the bowl and place it back on the plate 3 times,6,True,301,action_history_mamba_pe_ae_handoff,sha256:bfa0fa5d9414f39b1cf21811216831f2024d697b3ca20472f3d060eb84943d7a,42,10001
futuremamba,1500,2,lift the bowl and place it back on the plate 3 times,7,True,220,action_history_mamba_pe_ae_handoff,sha256:bfa0fa5d9414f39b1cf21811216831f2024d697b3ca20472f3d060eb84943d7a,42,10001
futuremamba,1500,2,lift the bowl and place it back on the plate 3 times,8,True,285,action_history_mamba_pe_ae_handoff,sha256:bfa0fa5d9414f39b1cf21811216831f2024d697b3ca20472f3d060eb84943d7a,42,10001
futuremamba,1500,2,lift the bowl and place it back on the plate 3 times,9,True,326,action_history_mamba_pe_ae_handoff,sha256:bfa0fa5d9414f39b1cf21811216831f2024d697b3ca20472f3d060eb84943d7a,42,10001
futuremamba,1500,2,lift the bowl and place it back on the plate 3 times,10,True,290,action_history_mamba_pe_ae_handoff,sha256:bfa0fa5d9414f39b1cf21811216831f2024d697b3ca20472f3d060eb84943d7a,42,10001
futuremamba,1500,2,lift the bowl and place it back on the plate 3 times,11,True,293,action_history_mamba_pe_ae_handoff,sha256:bfa0fa5d9414f39b1cf21811216831f2024d697b3ca20472f3d060eb84943d7a,42,10001
futuremamba,1500,2,lift the bowl and place it back on the plate 3 times,12,True,416,action_history_mamba_pe_ae_handoff,sha256:bfa0fa5d9414f39b1cf21811216831f2024d697b3ca20472f3d060eb84943d7a,42,10001
futuremamba,1500,2,lift the bowl and place it back on the plate 3 times,13,True,309,action_history_mamba_pe_ae_handoff,sha256:bfa0fa5d9414f39b1cf21811216831f2024d697b3ca20472f3d060eb84943d7a,42,10001
futuremamba,1500,2,lift the bowl and place it back on the plate 3 times,14,True,323,action_history_mamba_pe_ae_handoff,sha256:bfa0fa5d9414f39b1cf21811216831f2024d697b3ca20472f3d060eb84943d7a,42,10001
futuremamba,1500,2,lift the bowl and place it back on the plate 3 times,15,True,242,action_history_mamba_pe_ae_handoff,sha256:bfa0fa5d9414f39b1cf21811216831f2024d697b3ca20472f3d060eb84943d7a,42,10001
futuremamba,1500,2,lift the bowl and place it back on the plate 3 times,16,True,244,action_history_mamba_pe_ae_handoff,sha256:bfa0fa5d9414f39b1cf21811216831f2024d697b3ca20472f3d060eb84943d7a,42,10001
futuremamba,1500,2,lift the bowl and place it back on the plate 3 times,17,True,297,action_history_mamba_pe_ae_handoff,sha256:bfa0fa5d9414f39b1cf21811216831f2024d697b3ca20472f3d060eb84943d7a,42,10001
futuremamba,1500,2,lift the bowl and place it back on the plate 3 times,18,True,324,action_history_mamba_pe_ae_handoff,sha256:bfa0fa5d9414f39b1cf21811216831f2024d697b3ca20472f3d060eb84943d7a,42,10001
futuremamba,1500,2,lift the bowl and place it back on the plate 3 times,19,True,361,action_history_mamba_pe_ae_handoff,sha256:bfa0fa5d9414f39b1cf21811216831f2024d697b3ca20472f3d060eb84943d7a,42,10001
futuremamba,1500,3,pick up the bottle and put it down the plate 3 times,0,True,276,action_history_mamba_pe_ae_handoff,sha256:cb39c5ff2650d74f24095044153450bf4770256bb14847a9bcebcf3e9e5a9dbd,42,10001
futuremamba,1500,3,pick up the bottle and put it down the plate 3 times,1,True,259,action_history_mamba_pe_ae_handoff,sha256:cb39c5ff2650d74f24095044153450bf4770256bb14847a9bcebcf3e9e5a9dbd,42,10001
futuremamba,1500,3,pick up the bottle and put it down the plate 3 times,2,True,249,action_history_mamba_pe_ae_handoff,sha256:cb39c5ff2650d74f24095044153450bf4770256bb14847a9bcebcf3e9e5a9dbd,42,10001
futuremamba,1500,3,pick up the bottle and put it down the plate 3 times,3,True,249,action_history_mamba_pe_ae_handoff,sha256:cb39c5ff2650d74f24095044153450bf4770256bb14847a9bcebcf3e9e5a9dbd,42,10001
futuremamba,1500,3,pick up the bottle and put it down the plate 3 times,4,True,368,action_history_mamba_pe_ae_handoff,sha256:cb39c5ff2650d74f24095044153450bf4770256bb14847a9bcebcf3e9e5a9dbd,42,10001
futuremamba,1500,3,pick up the bottle and put it down the plate 3 times,5,True,240,action_history_mamba_pe_ae_handoff,sha256:cb39c5ff2650d74f24095044153450bf4770256bb14847a9bcebcf3e9e5a9dbd,42,10001
futuremamba,1500,3,pick up the bottle and put it down the plate 3 times,6,True,354,action_history_mamba_pe_ae_handoff,sha256:cb39c5ff2650d74f24095044153450bf4770256bb14847a9bcebcf3e9e5a9dbd,42,10001
futuremamba,1500,3,pick up the bottle and put it down the plate 3 times,7,True,261,action_history_mamba_pe_ae_handoff,sha256:cb39c5ff2650d74f24095044153450bf4770256bb14847a9bcebcf3e9e5a9dbd,42,10001
futuremamba,1500,3,pick up the bottle and put it down the plate 3 times,8,True,259,action_history_mamba_pe_ae_handoff,sha256:cb39c5ff2650d74f24095044153450bf4770256bb14847a9bcebcf3e9e5a9dbd,42,10001
futuremamba,1500,3,pick up the bottle and put it down the plate 3 times,9,True,252,action_history_mamba_pe_ae_handoff,sha256:cb39c5ff2650d74f24095044153450bf4770256bb14847a9bcebcf3e9e5a9dbd,42,10001
futuremamba,1500,3,pick up the bottle and put it down the plate 3 times,10,True,278,action_history_mamba_pe_ae_handoff,sha256:cb39c5ff2650d74f24095044153450bf4770256bb14847a9bcebcf3e9e5a9dbd,42,10001
futuremamba,1500,3,pick up the bottle and put it down the plate 3 times,11,True,257,action_history_mamba_pe_ae_handoff,sha256:cb39c5ff2650d74f24095044153450bf4770256bb14847a9bcebcf3e9e5a9dbd,42,10001
futuremamba,1500,3,pick up the bottle and put it down the plate 3 times,12,True,294,action_history_mamba_pe_ae_handoff,sha256:cb39c5ff2650d74f24095044153450bf4770256bb14847a9bcebcf3e9e5a9dbd,42,10001
futuremamba,1500,3,pick up the bottle and put it down the plate 3 times,13,True,265,action_history_mamba_pe_ae_handoff,sha256:cb39c5ff2650d74f24095044153450bf4770256bb14847a9bcebcf3e9e5a9dbd,42,10001
futuremamba,1500,3,pick up the bottle and put it down the plate 3 times,14,True,320,action_history_mamba_pe_ae_handoff,sha256:cb39c5ff2650d74f24095044153450bf4770256bb14847a9bcebcf3e9e5a9dbd,42,10001
futuremamba,1500,3,pick up the bottle and put it down the plate 3 times,15,True,446,action_history_mamba_pe_ae_handoff,sha256:cb39c5ff2650d74f24095044153450bf4770256bb14847a9bcebcf3e9e5a9dbd,42,10001
futuremamba,1500,3,pick up the bottle and put it down the plate 3 times,16,True,326,action_history_mamba_pe_ae_handoff,sha256:cb39c5ff2650d74f24095044153450bf4770256bb14847a9bcebcf3e9e5a9dbd,42,10001
futuremamba,1500,3,pick up the bottle and put it down the plate 3 times,17,True,238,action_history_mamba_pe_ae_handoff,sha256:cb39c5ff2650d74f24095044153450bf4770256bb14847a9bcebcf3e9e5a9dbd,42,10001
futuremamba,1500,3,pick up the bottle and put it down the plate 3 times,18,True,301,action_history_mamba_pe_ae_handoff,sha256:cb39c5ff2650d74f24095044153450bf4770256bb14847a9bcebcf3e9e5a9dbd,42,10001
futuremamba,1500,3,pick up the bottle and put it down the plate 3 times,19,True,252,action_history_mamba_pe_ae_handoff,sha256:cb39c5ff2650d74f24095044153450bf4770256bb14847a9bcebcf3e9e5a9dbd,42,10001
futuremamba,1500,4,lift the bowl and place it back on the plate 5 times,0,True,355,action_history_mamba_pe_ae_handoff,sha256:b3d428498ef5cfab52d9936313003cbd12829c460df4140f87f6cac0aaa58032,42,10001
futuremamba,1500,4,lift the bowl and place it back on the plate 5 times,1,True,268,action_history_mamba_pe_ae_handoff,sha256:b3d428498ef5cfab52d9936313003cbd12829c460df4140f87f6cac0aaa58032,42,10001
futuremamba,1500,4,lift the bowl and place it back on the plate 5 times,2,True,310,action_history_mamba_pe_ae_handoff,sha256:b3d428498ef5cfab52d9936313003cbd12829c460df4140f87f6cac0aaa58032,42,10001
futuremamba,1500,4,lift the bowl and place it back on the plate 5 times,3,True,407,action_history_mamba_pe_ae_handoff,sha256:b3d428498ef5cfab52d9936313003cbd12829c460df4140f87f6cac0aaa58032,42,10001
futuremamba,1500,4,lift the bowl and place it back on the plate 5 times,4,True,329,action_history_mamba_pe_ae_handoff,sha256:b3d428498ef5cfab52d9936313003cbd12829c460df4140f87f6cac0aaa58032,42,10001
futuremamba,1500,4,lift the bowl and place it back on the plate 5 times,5,True,342,action_history_mamba_pe_ae_handoff,sha256:b3d428498ef5cfab52d9936313003cbd12829c460df4140f87f6cac0aaa58032,42,10001
futuremamba,1500,4,lift the bowl and place it back on the plate 5 times,6,True,502,action_history_mamba_pe_ae_handoff,sha256:b3d428498ef5cfab52d9936313003cbd12829c460df4140f87f6cac0aaa58032,42,10001
futuremamba,1500,4,lift the bowl and place it back on the plate 5 times,7,True,373,action_history_mamba_pe_ae_handoff,sha256:b3d428498ef5cfab52d9936313003cbd12829c460df4140f87f6cac0aaa58032,42,10001
futuremamba,1500,4,lift the bowl and place it back on the plate 5 times,8,True,330,action_history_mamba_pe_ae_handoff,sha256:b3d428498ef5cfab52d9936313003cbd12829c460df4140f87f6cac0aaa58032,42,10001
futuremamba,1500,4,lift the bowl and place it back on the plate 5 times,9,True,377,action_history_mamba_pe_ae_handoff,sha256:b3d428498ef5cfab52d9936313003cbd12829c460df4140f87f6cac0aaa58032,42,10001
futuremamba,1500,4,lift the bowl and place it back on the plate 5 times,10,True,411,action_history_mamba_pe_ae_handoff,sha256:b3d428498ef5cfab52d9936313003cbd12829c460df4140f87f6cac0aaa58032,42,10001
futuremamba,1500,4,lift the bowl and place it back on the plate 5 times,11,True,338,action_history_mamba_pe_ae_handoff,sha256:b3d428498ef5cfab52d9936313003cbd12829c460df4140f87f6cac0aaa58032,42,10001
futuremamba,1500,4,lift the bowl and place it back on the plate 5 times,12,True,440,action_history_mamba_pe_ae_handoff,sha256:b3d428498ef5cfab52d9936313003cbd12829c460df4140f87f6cac0aaa58032,42,10001
futuremamba,1500,4,lift the bowl and place it back on the plate 5 times,13,True,373,action_history_mamba_pe_ae_handoff,sha256:b3d428498ef5cfab52d9936313003cbd12829c460df4140f87f6cac0aaa58032,42,10001
futuremamba,1500,4,lift the bowl and place it back on the plate 5 times,14,True,495,action_history_mamba_pe_ae_handoff,sha256:b3d428498ef5cfab52d9936313003cbd12829c460df4140f87f6cac0aaa58032,42,10001
futuremamba,1500,4,lift the bowl and place it back on the plate 5 times,15,True,364,action_history_mamba_pe_ae_handoff,sha256:b3d428498ef5cfab52d9936313003cbd12829c460df4140f87f6cac0aaa58032,42,10001
futuremamba,1500,4,lift the bowl and place it back on the plate 5 times,16,True,391,action_history_mamba_pe_ae_handoff,sha256:b3d428498ef5cfab52d9936313003cbd12829c460df4140f87f6cac0aaa58032,42,10001
futuremamba,1500,4,lift the bowl and place it back on the plate 5 times,17,True,392,action_history_mamba_pe_ae_handoff,sha256:b3d428498ef5cfab52d9936313003cbd12829c460df4140f87f6cac0aaa58032,42,10001
futuremamba,1500,4,lift the bowl and place it back on the plate 5 times,18,True,340,action_history_mamba_pe_ae_handoff,sha256:b3d428498ef5cfab52d9936313003cbd12829c460df4140f87f6cac0aaa58032,42,10001
futuremamba,1500,4,lift the bowl and place it back on the plate 5 times,19,True,427,action_history_mamba_pe_ae_handoff,sha256:b3d428498ef5cfab52d9936313003cbd12829c460df4140f87f6cac0aaa58032,42,10001
futuremamba,1500,5,pick up the bowl and place it on the plate 7 times,0,True,487,action_history_mamba_pe_ae_handoff,sha256:8f115b215c9ded9b55df634bde71dfd11073546859d794bea1fdbe85e648a38b,42,10001
futuremamba,1500,5,pick up the bowl and place it on the plate 7 times,1,True,597,action_history_mamba_pe_ae_handoff,sha256:8f115b215c9ded9b55df634bde71dfd11073546859d794bea1fdbe85e648a38b,42,10001
futuremamba,1500,5,pick up the bowl and place it on the plate 7 times,2,False,600,action_history_mamba_pe_ae_handoff,sha256:8f115b215c9ded9b55df634bde71dfd11073546859d794bea1fdbe85e648a38b,42,10001
futuremamba,1500,5,pick up the bowl and place it on the plate 7 times,3,True,560,action_history_mamba_pe_ae_handoff,sha256:8f115b215c9ded9b55df634bde71dfd11073546859d794bea1fdbe85e648a38b,42,10001
futuremamba,1500,5,pick up the bowl and place it on the plate 7 times,4,False,600,action_history_mamba_pe_ae_handoff,sha256:8f115b215c9ded9b55df634bde71dfd11073546859d794bea1fdbe85e648a38b,42,10001
futuremamba,1500,5,pick up the bowl and place it on the plate 7 times,5,True,500,action_history_mamba_pe_ae_handoff,sha256:8f115b215c9ded9b55df634bde71dfd11073546859d794bea1fdbe85e648a38b,42,10001
futuremamba,1500,5,pick up the bowl and place it on the plate 7 times,6,True,590,action_history_mamba_pe_ae_handoff,sha256:8f115b215c9ded9b55df634bde71dfd11073546859d794bea1fdbe85e648a38b,42,10001
futuremamba,1500,5,pick up the bowl and place it on the plate 7 times,7,True,536,action_history_mamba_pe_ae_handoff,sha256:8f115b215c9ded9b55df634bde71dfd11073546859d794bea1fdbe85e648a38b,42,10001
futuremamba,1500,5,pick up the bowl and place it on the plate 7 times,8,True,596,action_history_mamba_pe_ae_handoff,sha256:8f115b215c9ded9b55df634bde71dfd11073546859d794bea1fdbe85e648a38b,42,10001
futuremamba,1500,5,pick up the bowl and place it on the plate 7 times,9,True,565,action_history_mamba_pe_ae_handoff,sha256:8f115b215c9ded9b55df634bde71dfd11073546859d794bea1fdbe85e648a38b,42,10001
futuremamba,1500,5,pick up the bowl and place it on the plate 7 times,10,True,558,action_history_mamba_pe_ae_handoff,sha256:8f115b215c9ded9b55df634bde71dfd11073546859d794bea1fdbe85e648a38b,42,10001
futuremamba,1500,5,pick up the bowl and place it on the plate 7 times,11,False,600,action_history_mamba_pe_ae_handoff,sha256:8f115b215c9ded9b55df634bde71dfd11073546859d794bea1fdbe85e648a38b,42,10001
futuremamba,1500,5,pick up the bowl and place it on the plate 7 times,12,False,600,action_history_mamba_pe_ae_handoff,sha256:8f115b215c9ded9b55df634bde71dfd11073546859d794bea1fdbe85e648a38b,42,10001
futuremamba,1500,5,pick up the bowl and place it on the plate 7 times,13,False,600,action_history_mamba_pe_ae_handoff,sha256:8f115b215c9ded9b55df634bde71dfd11073546859d794bea1fdbe85e648a38b,42,10001
futuremamba,1500,5,pick up the bowl and place it on the plate 7 times,14,False,600,action_history_mamba_pe_ae_handoff,sha256:8f115b215c9ded9b55df634bde71dfd11073546859d794bea1fdbe85e648a38b,42,10001
futuremamba,1500,5,pick up the bowl and place it on the plate 7 times,15,False,600,action_history_mamba_pe_ae_handoff,sha256:8f115b215c9ded9b55df634bde71dfd11073546859d794bea1fdbe85e648a38b,42,10001
futuremamba,1500,5,pick up the bowl and place it on the plate 7 times,16,True,582,action_history_mamba_pe_ae_handoff,sha256:8f115b215c9ded9b55df634bde71dfd11073546859d794bea1fdbe85e648a38b,42,10001
futuremamba,1500,5,pick up the bowl and place it on the plate 7 times,17,False,600,action_history_mamba_pe_ae_handoff,sha256:8f115b215c9ded9b55df634bde71dfd11073546859d794bea1fdbe85e648a38b,42,10001
futuremamba,1500,5,pick up the bowl and place it on the plate 7 times,18,True,562,action_history_mamba_pe_ae_handoff,sha256:8f115b215c9ded9b55df634bde71dfd11073546859d794bea1fdbe85e648a38b,42,10001
futuremamba,1500,5,pick up the bowl and place it on the plate 7 times,19,True,515,action_history_mamba_pe_ae_handoff,sha256:8f115b215c9ded9b55df634bde71dfd11073546859d794bea1fdbe85e648a38b,42,10001
futuremamba,1500,6,swap the 2 bowls on their plates using the empty plate,0,False,600,action_history_mamba_pe_ae_handoff,sha256:688dca4f8602b5c6bc49b40c53c6aa5f2ce407b801ed749ee12684dbf9ead4b2,42,10001
futuremamba,1500,6,swap the 2 bowls on their plates using the empty plate,1,True,473,action_history_mamba_pe_ae_handoff,sha256:688dca4f8602b5c6bc49b40c53c6aa5f2ce407b801ed749ee12684dbf9ead4b2,42,10001
futuremamba,1500,6,swap the 2 bowls on their plates using the empty plate,2,True,421,action_history_mamba_pe_ae_handoff,sha256:688dca4f8602b5c6bc49b40c53c6aa5f2ce407b801ed749ee12684dbf9ead4b2,42,10001
futuremamba,1500,6,swap the 2 bowls on their plates using the empty plate,3,True,383,action_history_mamba_pe_ae_handoff,sha256:688dca4f8602b5c6bc49b40c53c6aa5f2ce407b801ed749ee12684dbf9ead4b2,42,10001
futuremamba,1500,6,swap the 2 bowls on their plates using the empty plate,4,False,600,action_history_mamba_pe_ae_handoff,sha256:688dca4f8602b5c6bc49b40c53c6aa5f2ce407b801ed749ee12684dbf9ead4b2,42,10001
futuremamba,1500,6,swap the 2 bowls on their plates using the empty plate,5,False,600,action_history_mamba_pe_ae_handoff,sha256:688dca4f8602b5c6bc49b40c53c6aa5f2ce407b801ed749ee12684dbf9ead4b2,42,10001
futuremamba,1500,6,swap the 2 bowls on their plates using the empty plate,6,False,600,action_history_mamba_pe_ae_handoff,sha256:688dca4f8602b5c6bc49b40c53c6aa5f2ce407b801ed749ee12684dbf9ead4b2,42,10001
futuremamba,1500,6,swap the 2 bowls on their plates using the empty plate,7,True,466,action_history_mamba_pe_ae_handoff,sha256:688dca4f8602b5c6bc49b40c53c6aa5f2ce407b801ed749ee12684dbf9ead4b2,42,10001
futuremamba,1500,6,swap the 2 bowls on their plates using the empty plate,8,False,600,action_history_mamba_pe_ae_handoff,sha256:688dca4f8602b5c6bc49b40c53c6aa5f2ce407b801ed749ee12684dbf9ead4b2,42,10001
futuremamba,1500,6,swap the 2 bowls on their plates using the empty plate,9,True,403,action_history_mamba_pe_ae_handoff,sha256:688dca4f8602b5c6bc49b40c53c6aa5f2ce407b801ed749ee12684dbf9ead4b2,42,10001
futuremamba,1500,6,swap the 2 bowls on their plates using the empty plate,10,False,600,action_history_mamba_pe_ae_handoff,sha256:688dca4f8602b5c6bc49b40c53c6aa5f2ce407b801ed749ee12684dbf9ead4b2,42,10001
futuremamba,1500,6,swap the 2 bowls on their plates using the empty plate,11,True,411,action_history_mamba_pe_ae_handoff,sha256:688dca4f8602b5c6bc49b40c53c6aa5f2ce407b801ed749ee12684dbf9ead4b2,42,10001
futuremamba,1500,6,swap the 2 bowls on their plates using the empty plate,12,True,345,action_history_mamba_pe_ae_handoff,sha256:688dca4f8602b5c6bc49b40c53c6aa5f2ce407b801ed749ee12684dbf9ead4b2,42,10001
futuremamba,1500,6,swap the 2 bowls on their plates using the empty plate,13,False,600,action_history_mamba_pe_ae_handoff,sha256:688dca4f8602b5c6bc49b40c53c6aa5f2ce407b801ed749ee12684dbf9ead4b2,42,10001
futuremamba,1500,6,swap the 2 bowls on their plates using the empty plate,14,False,600,action_history_mamba_pe_ae_handoff,sha256:688dca4f8602b5c6bc49b40c53c6aa5f2ce407b801ed749ee12684dbf9ead4b2,42,10001
futuremamba,1500,6,swap the 2 bowls on their plates using the empty plate,15,False,600,action_history_mamba_pe_ae_handoff,sha256:688dca4f8602b5c6bc49b40c53c6aa5f2ce407b801ed749ee12684dbf9ead4b2,42,10001
futuremamba,1500,6,swap the 2 bowls on their plates using the empty plate,16,False,600,action_history_mamba_pe_ae_handoff,sha256:688dca4f8602b5c6bc49b40c53c6aa5f2ce407b801ed749ee12684dbf9ead4b2,42,10001
futuremamba,1500,6,swap the 2 bowls on their plates using the empty plate,17,False,600,action_history_mamba_pe_ae_handoff,sha256:688dca4f8602b5c6bc49b40c53c6aa5f2ce407b801ed749ee12684dbf9ead4b2,42,10001
futuremamba,1500,6,swap the 2 bowls on their plates using the empty plate,18,False,600,action_history_mamba_pe_ae_handoff,sha256:688dca4f8602b5c6bc49b40c53c6aa5f2ce407b801ed749ee12684dbf9ead4b2,42,10001
futuremamba,1500,6,swap the 2 bowls on their plates using the empty plate,19,False,600,action_history_mamba_pe_ae_handoff,sha256:688dca4f8602b5c6bc49b40c53c6aa5f2ce407b801ed749ee12684dbf9ead4b2,42,10001
futuremamba,1500,7,rotate the 3 bowls on their plates from left to right using the empty plate,0,False,600,action_history_mamba_pe_ae_handoff,sha256:78b7ba43cfaaeec6615c2a578aecd2bbedb26b17998ab1a049002558ae3f868a,42,10001
futuremamba,1500,7,rotate the 3 bowls on their plates from left to right using the empty plate,1,True,492,action_history_mamba_pe_ae_handoff,sha256:78b7ba43cfaaeec6615c2a578aecd2bbedb26b17998ab1a049002558ae3f868a,42,10001
futuremamba,1500,7,rotate the 3 bowls on their plates from left to right using the empty plate,2,True,486,action_history_mamba_pe_ae_handoff,sha256:78b7ba43cfaaeec6615c2a578aecd2bbedb26b17998ab1a049002558ae3f868a,42,10001
futuremamba,1500,7,rotate the 3 bowls on their plates from left to right using the empty plate,3,False,600,action_history_mamba_pe_ae_handoff,sha256:78b7ba43cfaaeec6615c2a578aecd2bbedb26b17998ab1a049002558ae3f868a,42,10001
futuremamba,1500,7,rotate the 3 bowls on their plates from left to right using the empty plate,4,True,525,action_history_mamba_pe_ae_handoff,sha256:78b7ba43cfaaeec6615c2a578aecd2bbedb26b17998ab1a049002558ae3f868a,42,10001
futuremamba,1500,7,rotate the 3 bowls on their plates from left to right using the empty plate,5,False,600,action_history_mamba_pe_ae_handoff,sha256:78b7ba43cfaaeec6615c2a578aecd2bbedb26b17998ab1a049002558ae3f868a,42,10001
futuremamba,1500,7,rotate the 3 bowls on their plates from left to right using the empty plate,6,False,600,action_history_mamba_pe_ae_handoff,sha256:78b7ba43cfaaeec6615c2a578aecd2bbedb26b17998ab1a049002558ae3f868a,42,10001
futuremamba,1500,7,rotate the 3 bowls on their plates from left to right using the empty plate,7,True,539,action_history_mamba_pe_ae_handoff,sha256:78b7ba43cfaaeec6615c2a578aecd2bbedb26b17998ab1a049002558ae3f868a,42,10001
futuremamba,1500,7,rotate the 3 bowls on their plates from left to right using the empty plate,8,True,534,action_history_mamba_pe_ae_handoff,sha256:78b7ba43cfaaeec6615c2a578aecd2bbedb26b17998ab1a049002558ae3f868a,42,10001
futuremamba,1500,7,rotate the 3 bowls on their plates from left to right using the empty plate,9,False,600,action_history_mamba_pe_ae_handoff,sha256:78b7ba43cfaaeec6615c2a578aecd2bbedb26b17998ab1a049002558ae3f868a,42,10001
futuremamba,1500,7,rotate the 3 bowls on their plates from left to right using the empty plate,10,False,600,action_history_mamba_pe_ae_handoff,sha256:78b7ba43cfaaeec6615c2a578aecd2bbedb26b17998ab1a049002558ae3f868a,42,10001
futuremamba,1500,7,rotate the 3 bowls on their plates from left to right using the empty plate,11,True,516,action_history_mamba_pe_ae_handoff,sha256:78b7ba43cfaaeec6615c2a578aecd2bbedb26b17998ab1a049002558ae3f868a,42,10001
futuremamba,1500,7,rotate the 3 bowls on their plates from left to right using the empty plate,12,False,600,action_history_mamba_pe_ae_handoff,sha256:78b7ba43cfaaeec6615c2a578aecd2bbedb26b17998ab1a049002558ae3f868a,42,10001
futuremamba,1500,7,rotate the 3 bowls on their plates from left to right using the empty plate,13,False,600,action_history_mamba_pe_ae_handoff,sha256:78b7ba43cfaaeec6615c2a578aecd2bbedb26b17998ab1a049002558ae3f868a,42,10001
futuremamba,1500,7,rotate the 3 bowls on their plates from left to right using the empty plate,14,False,600,action_history_mamba_pe_ae_handoff,sha256:78b7ba43cfaaeec6615c2a578aecd2bbedb26b17998ab1a049002558ae3f868a,42,10001
futuremamba,1500,7,rotate the 3 bowls on their plates from left to right using the empty plate,15,True,535,action_history_mamba_pe_ae_handoff,sha256:78b7ba43cfaaeec6615c2a578aecd2bbedb26b17998ab1a049002558ae3f868a,42,10001
futuremamba,1500,7,rotate the 3 bowls on their plates from left to right using the empty plate,16,True,468,action_history_mamba_pe_ae_handoff,sha256:78b7ba43cfaaeec6615c2a578aecd2bbedb26b17998ab1a049002558ae3f868a,42,10001
futuremamba,1500,7,rotate the 3 bowls on their plates from left to right using the empty plate,17,False,600,action_history_mamba_pe_ae_handoff,sha256:78b7ba43cfaaeec6615c2a578aecd2bbedb26b17998ab1a049002558ae3f868a,42,10001
futuremamba,1500,7,rotate the 3 bowls on their plates from left to right using the empty plate,18,True,514,action_history_mamba_pe_ae_handoff,sha256:78b7ba43cfaaeec6615c2a578aecd2bbedb26b17998ab1a049002558ae3f868a,42,10001
futuremamba,1500,7,rotate the 3 bowls on their plates from left to right using the empty plate,19,False,600,action_history_mamba_pe_ae_handoff,sha256:78b7ba43cfaaeec6615c2a578aecd2bbedb26b17998ab1a049002558ae3f868a,42,10001
futuremamba,1500,8,put the cream cheese in the nearest basket and place that basket in the center,0,True,306,action_history_mamba_pe_ae_handoff,sha256:e31082f401f0b56568032bf7ca9c651f78c88511f67cae570bbaba8150e2c296,42,10001
futuremamba,1500,8,put the cream cheese in the nearest basket and place that basket in the center,1,True,289,action_history_mamba_pe_ae_handoff,sha256:e31082f401f0b56568032bf7ca9c651f78c88511f67cae570bbaba8150e2c296,42,10001
futuremamba,1500,8,put the cream cheese in the nearest basket and place that basket in the center,2,True,305,action_history_mamba_pe_ae_handoff,sha256:e31082f401f0b56568032bf7ca9c651f78c88511f67cae570bbaba8150e2c296,42,10001
futuremamba,1500,8,put the cream cheese in the nearest basket and place that basket in the center,3,True,276,action_history_mamba_pe_ae_handoff,sha256:e31082f401f0b56568032bf7ca9c651f78c88511f67cae570bbaba8150e2c296,42,10001
futuremamba,1500,8,put the cream cheese in the nearest basket and place that basket in the center,4,True,298,action_history_mamba_pe_ae_handoff,sha256:e31082f401f0b56568032bf7ca9c651f78c88511f67cae570bbaba8150e2c296,42,10001
futuremamba,1500,8,put the cream cheese in the nearest basket and place that basket in the center,5,True,269,action_history_mamba_pe_ae_handoff,sha256:e31082f401f0b56568032bf7ca9c651f78c88511f67cae570bbaba8150e2c296,42,10001
futuremamba,1500,8,put the cream cheese in the nearest basket and place that basket in the center,6,True,297,action_history_mamba_pe_ae_handoff,sha256:e31082f401f0b56568032bf7ca9c651f78c88511f67cae570bbaba8150e2c296,42,10001
futuremamba,1500,8,put the cream cheese in the nearest basket and place that basket in the center,7,True,301,action_history_mamba_pe_ae_handoff,sha256:e31082f401f0b56568032bf7ca9c651f78c88511f67cae570bbaba8150e2c296,42,10001
futuremamba,1500,8,put the cream cheese in the nearest basket and place that basket in the center,8,True,269,action_history_mamba_pe_ae_handoff,sha256:e31082f401f0b56568032bf7ca9c651f78c88511f67cae570bbaba8150e2c296,42,10001
futuremamba,1500,8,put the cream cheese in the nearest basket and place that basket in the center,9,True,330,action_history_mamba_pe_ae_handoff,sha256:e31082f401f0b56568032bf7ca9c651f78c88511f67cae570bbaba8150e2c296,42,10001
futuremamba,1500,8,put the cream cheese in the nearest basket and place that basket in the center,10,True,291,action_history_mamba_pe_ae_handoff,sha256:e31082f401f0b56568032bf7ca9c651f78c88511f67cae570bbaba8150e2c296,42,10001
futuremamba,1500,8,put the cream cheese in the nearest basket and place that basket in the center,11,True,300,action_history_mamba_pe_ae_handoff,sha256:e31082f401f0b56568032bf7ca9c651f78c88511f67cae570bbaba8150e2c296,42,10001
futuremamba,1500,8,put the cream cheese in the nearest basket and place that basket in the center,12,True,287,action_history_mamba_pe_ae_handoff,sha256:e31082f401f0b56568032bf7ca9c651f78c88511f67cae570bbaba8150e2c296,42,10001
futuremamba,1500,8,put the cream cheese in the nearest basket and place that basket in the center,13,True,321,action_history_mamba_pe_ae_handoff,sha256:e31082f401f0b56568032bf7ca9c651f78c88511f67cae570bbaba8150e2c296,42,10001
futuremamba,1500,8,put the cream cheese in the nearest basket and place that basket in the center,14,True,291,action_history_mamba_pe_ae_handoff,sha256:e31082f401f0b56568032bf7ca9c651f78c88511f67cae570bbaba8150e2c296,42,10001
futuremamba,1500,8,put the cream cheese in the nearest basket and place that basket in the center,15,True,293,action_history_mamba_pe_ae_handoff,sha256:e31082f401f0b56568032bf7ca9c651f78c88511f67cae570bbaba8150e2c296,42,10001
futuremamba,1500,8,put the cream cheese in the nearest basket and place that basket in the center,16,True,288,action_history_mamba_pe_ae_handoff,sha256:e31082f401f0b56568032bf7ca9c651f78c88511f67cae570bbaba8150e2c296,42,10001
futuremamba,1500,8,put the cream cheese in the nearest basket and place that basket in the center,17,True,312,action_history_mamba_pe_ae_handoff,sha256:e31082f401f0b56568032bf7ca9c651f78c88511f67cae570bbaba8150e2c296,42,10001
futuremamba,1500,8,put the cream cheese in the nearest basket and place that basket in the center,18,True,298,action_history_mamba_pe_ae_handoff,sha256:e31082f401f0b56568032bf7ca9c651f78c88511f67cae570bbaba8150e2c296,42,10001
futuremamba,1500,8,put the cream cheese in the nearest basket and place that basket in the center,19,True,287,action_history_mamba_pe_ae_handoff,sha256:e31082f401f0b56568032bf7ca9c651f78c88511f67cae570bbaba8150e2c296,42,10001
futuremamba,1500,9,put the cream cheese in the nearest basket and place the empty basket in the center,0,True,292,action_history_mamba_pe_ae_handoff,sha256:23e6ac2179a510e93cc0dbcb9c97de473a0ba396483fdd6061be706144f5f9fd,42,10001
futuremamba,1500,9,put the cream cheese in the nearest basket and place the empty basket in the center,1,True,309,action_history_mamba_pe_ae_handoff,sha256:23e6ac2179a510e93cc0dbcb9c97de473a0ba396483fdd6061be706144f5f9fd,42,10001
futuremamba,1500,9,put the cream cheese in the nearest basket and place the empty basket in the center,2,True,283,action_history_mamba_pe_ae_handoff,sha256:23e6ac2179a510e93cc0dbcb9c97de473a0ba396483fdd6061be706144f5f9fd,42,10001
futuremamba,1500,9,put the cream cheese in the nearest basket and place the empty basket in the center,3,True,268,action_history_mamba_pe_ae_handoff,sha256:23e6ac2179a510e93cc0dbcb9c97de473a0ba396483fdd6061be706144f5f9fd,42,10001
futuremamba,1500,9,put the cream cheese in the nearest basket and place the empty basket in the center,4,True,302,action_history_mamba_pe_ae_handoff,sha256:23e6ac2179a510e93cc0dbcb9c97de473a0ba396483fdd6061be706144f5f9fd,42,10001
futuremamba,1500,9,put the cream cheese in the nearest basket and place the empty basket in the center,5,True,309,action_history_mamba_pe_ae_handoff,sha256:23e6ac2179a510e93cc0dbcb9c97de473a0ba396483fdd6061be706144f5f9fd,42,10001
futuremamba,1500,9,put the cream cheese in the nearest basket and place the empty basket in the center,6,True,287,action_history_mamba_pe_ae_handoff,sha256:23e6ac2179a510e93cc0dbcb9c97de473a0ba396483fdd6061be706144f5f9fd,42,10001
futuremamba,1500,9,put the cream cheese in the nearest basket and place the empty basket in the center,7,True,282,action_history_mamba_pe_ae_handoff,sha256:23e6ac2179a510e93cc0dbcb9c97de473a0ba396483fdd6061be706144f5f9fd,42,10001
futuremamba,1500,9,put the cream cheese in the nearest basket and place the empty basket in the center,8,True,279,action_history_mamba_pe_ae_handoff,sha256:23e6ac2179a510e93cc0dbcb9c97de473a0ba396483fdd6061be706144f5f9fd,42,10001
futuremamba,1500,9,put the cream cheese in the nearest basket and place the empty basket in the center,9,True,294,action_history_mamba_pe_ae_handoff,sha256:23e6ac2179a510e93cc0dbcb9c97de473a0ba396483fdd6061be706144f5f9fd,42,10001
futuremamba,1500,9,put the cream cheese in the nearest basket and place the empty basket in the center,10,True,282,action_history_mamba_pe_ae_handoff,sha256:23e6ac2179a510e93cc0dbcb9c97de473a0ba396483fdd6061be706144f5f9fd,42,10001
futuremamba,1500,9,put the cream cheese in the nearest basket and place the empty basket in the center,11,True,278,action_history_mamba_pe_ae_handoff,sha256:23e6ac2179a510e93cc0dbcb9c97de473a0ba396483fdd6061be706144f5f9fd,42,10001
futuremamba,1500,9,put the cream cheese in the nearest basket and place the empty basket in the center,12,True,289,action_history_mamba_pe_ae_handoff,sha256:23e6ac2179a510e93cc0dbcb9c97de473a0ba396483fdd6061be706144f5f9fd,42,10001
futuremamba,1500,9,put the cream cheese in the nearest basket and place the empty basket in the center,13,True,300,action_history_mamba_pe_ae_handoff,sha256:23e6ac2179a510e93cc0dbcb9c97de473a0ba396483fdd6061be706144f5f9fd,42,10001
futuremamba,1500,9,put the cream cheese in the nearest basket and place the empty basket in the center,14,True,302,action_history_mamba_pe_ae_handoff,sha256:23e6ac2179a510e93cc0dbcb9c97de473a0ba396483fdd6061be706144f5f9fd,42,10001
futuremamba,1500,9,put the cream cheese in the nearest basket and place the empty basket in the center,15,True,275,action_history_mamba_pe_ae_handoff,sha256:23e6ac2179a510e93cc0dbcb9c97de473a0ba396483fdd6061be706144f5f9fd,42,10001
futuremamba,1500,9,put the cream cheese in the nearest basket and place the empty basket in the center,16,True,298,action_history_mamba_pe_ae_handoff,sha256:23e6ac2179a510e93cc0dbcb9c97de473a0ba396483fdd6061be706144f5f9fd,42,10001
futuremamba,1500,9,put the cream cheese in the nearest basket and place the empty basket in the center,17,True,297,action_history_mamba_pe_ae_handoff,sha256:23e6ac2179a510e93cc0dbcb9c97de473a0ba396483fdd6061be706144f5f9fd,42,10001
futuremamba,1500,9,put the cream cheese in the nearest basket and place the empty basket in the center,18,True,294,action_history_mamba_pe_ae_handoff,sha256:23e6ac2179a510e93cc0dbcb9c97de473a0ba396483fdd6061be706144f5f9fd,42,10001
futuremamba,1500,9,put the cream cheese in the nearest basket and place the empty basket in the center,19,True,280,action_history_mamba_pe_ae_handoff,sha256:23e6ac2179a510e93cc0dbcb9c97de473a0ba396483fdd6061be706144f5f9fd,42,10001
futuremamba,2000,0,pick up the bowl and place it back on the plate,0,True,143,action_history_mamba_pe_ae_handoff,sha256:bd54a2917fc466ec0eeda2c90d8b59afca7d6b14050e7c017daeb9e066f56204,42,10001
futuremamba,2000,0,pick up the bowl and place it back on the plate,1,True,124,action_history_mamba_pe_ae_handoff,sha256:bd54a2917fc466ec0eeda2c90d8b59afca7d6b14050e7c017daeb9e066f56204,42,10001
futuremamba,2000,0,pick up the bowl and place it back on the plate,2,True,134,action_history_mamba_pe_ae_handoff,sha256:bd54a2917fc466ec0eeda2c90d8b59afca7d6b14050e7c017daeb9e066f56204,42,10001
futuremamba,2000,0,pick up the bowl and place it back on the plate,3,True,125,action_history_mamba_pe_ae_handoff,sha256:bd54a2917fc466ec0eeda2c90d8b59afca7d6b14050e7c017daeb9e066f56204,42,10001
futuremamba,2000,0,pick up the bowl and place it back on the plate,4,True,129,action_history_mamba_pe_ae_handoff,sha256:bd54a2917fc466ec0eeda2c90d8b59afca7d6b14050e7c017daeb9e066f56204,42,10001
futuremamba,2000,0,pick up the bowl and place it back on the plate,5,True,121,action_history_mamba_pe_ae_handoff,sha256:bd54a2917fc466ec0eeda2c90d8b59afca7d6b14050e7c017daeb9e066f56204,42,10001
futuremamba,2000,0,pick up the bowl and place it back on the plate,6,True,116,action_history_mamba_pe_ae_handoff,sha256:bd54a2917fc466ec0eeda2c90d8b59afca7d6b14050e7c017daeb9e066f56204,42,10001
futuremamba,2000,0,pick up the bowl and place it back on the plate,7,True,111,action_history_mamba_pe_ae_handoff,sha256:bd54a2917fc466ec0eeda2c90d8b59afca7d6b14050e7c017daeb9e066f56204,42,10001
futuremamba,2000,0,pick up the bowl and place it back on the plate,8,True,127,action_history_mamba_pe_ae_handoff,sha256:bd54a2917fc466ec0eeda2c90d8b59afca7d6b14050e7c017daeb9e066f56204,42,10001
futuremamba,2000,0,pick up the bowl and place it back on the plate,9,False,600,action_history_mamba_pe_ae_handoff,sha256:bd54a2917fc466ec0eeda2c90d8b59afca7d6b14050e7c017daeb9e066f56204,42,10001
futuremamba,2000,0,pick up the bowl and place it back on the plate,10,True,121,action_history_mamba_pe_ae_handoff,sha256:bd54a2917fc466ec0eeda2c90d8b59afca7d6b14050e7c017daeb9e066f56204,42,10001
futuremamba,2000,0,pick up the bowl and place it back on the plate,11,True,130,action_history_mamba_pe_ae_handoff,sha256:bd54a2917fc466ec0eeda2c90d8b59afca7d6b14050e7c017daeb9e066f56204,42,10001
futuremamba,2000,0,pick up the bowl and place it back on the plate,12,True,124,action_history_mamba_pe_ae_handoff,sha256:bd54a2917fc466ec0eeda2c90d8b59afca7d6b14050e7c017daeb9e066f56204,42,10001
futuremamba,2000,0,pick up the bowl and place it back on the plate,13,True,126,action_history_mamba_pe_ae_handoff,sha256:bd54a2917fc466ec0eeda2c90d8b59afca7d6b14050e7c017daeb9e066f56204,42,10001
futuremamba,2000,0,pick up the bowl and place it back on the plate,14,True,129,action_history_mamba_pe_ae_handoff,sha256:bd54a2917fc466ec0eeda2c90d8b59afca7d6b14050e7c017daeb9e066f56204,42,10001
futuremamba,2000,0,pick up the bowl and place it back on the plate,15,True,121,action_history_mamba_pe_ae_handoff,sha256:bd54a2917fc466ec0eeda2c90d8b59afca7d6b14050e7c017daeb9e066f56204,42,10001
futuremamba,2000,0,pick up the bowl and place it back on the plate,16,True,121,action_history_mamba_pe_ae_handoff,sha256:bd54a2917fc466ec0eeda2c90d8b59afca7d6b14050e7c017daeb9e066f56204,42,10001
futuremamba,2000,0,pick up the bowl and place it back on the plate,17,True,122,action_history_mamba_pe_ae_handoff,sha256:bd54a2917fc466ec0eeda2c90d8b59afca7d6b14050e7c017daeb9e066f56204,42,10001
futuremamba,2000,0,pick up the bowl and place it back on the plate,18,True,176,action_history_mamba_pe_ae_handoff,sha256:bd54a2917fc466ec0eeda2c90d8b59afca7d6b14050e7c017daeb9e066f56204,42,10001
futuremamba,2000,0,pick up the bowl and place it back on the plate,19,True,127,action_history_mamba_pe_ae_handoff,sha256:bd54a2917fc466ec0eeda2c90d8b59afca7d6b14050e7c017daeb9e066f56204,42,10001
futuremamba,2000,1,lift the bottle and put it down on the plate,0,True,137,action_history_mamba_pe_ae_handoff,sha256:aa45afdea673398dbf3a2ac31d5a02612326b51f41cd058ff2b5a7b471281fdf,42,10001
futuremamba,2000,1,lift the bottle and put it down on the plate,1,True,123,action_history_mamba_pe_ae_handoff,sha256:aa45afdea673398dbf3a2ac31d5a02612326b51f41cd058ff2b5a7b471281fdf,42,10001
futuremamba,2000,1,lift the bottle and put it down on the plate,2,True,115,action_history_mamba_pe_ae_handoff,sha256:aa45afdea673398dbf3a2ac31d5a02612326b51f41cd058ff2b5a7b471281fdf,42,10001
futuremamba,2000,1,lift the bottle and put it down on the plate,3,True,132,action_history_mamba_pe_ae_handoff,sha256:aa45afdea673398dbf3a2ac31d5a02612326b51f41cd058ff2b5a7b471281fdf,42,10001
futuremamba,2000,1,lift the bottle and put it down on the plate,4,True,131,action_history_mamba_pe_ae_handoff,sha256:aa45afdea673398dbf3a2ac31d5a02612326b51f41cd058ff2b5a7b471281fdf,42,10001
futuremamba,2000,1,lift the bottle and put it down on the plate,5,True,130,action_history_mamba_pe_ae_handoff,sha256:aa45afdea673398dbf3a2ac31d5a02612326b51f41cd058ff2b5a7b471281fdf,42,10001
futuremamba,2000,1,lift the bottle and put it down on the plate,6,True,120,action_history_mamba_pe_ae_handoff,sha256:aa45afdea673398dbf3a2ac31d5a02612326b51f41cd058ff2b5a7b471281fdf,42,10001
futuremamba,2000,1,lift the bottle and put it down on the plate,7,True,310,action_history_mamba_pe_ae_handoff,sha256:aa45afdea673398dbf3a2ac31d5a02612326b51f41cd058ff2b5a7b471281fdf,42,10001
futuremamba,2000,1,lift the bottle and put it down on the plate,8,True,138,action_history_mamba_pe_ae_handoff,sha256:aa45afdea673398dbf3a2ac31d5a02612326b51f41cd058ff2b5a7b471281fdf,42,10001
futuremamba,2000,1,lift the bottle and put it down on the plate,9,True,121,action_history_mamba_pe_ae_handoff,sha256:aa45afdea673398dbf3a2ac31d5a02612326b51f41cd058ff2b5a7b471281fdf,42,10001
futuremamba,2000,1,lift the bottle and put it down on the plate,10,True,131,action_history_mamba_pe_ae_handoff,sha256:aa45afdea673398dbf3a2ac31d5a02612326b51f41cd058ff2b5a7b471281fdf,42,10001
futuremamba,2000,1,lift the bottle and put it down on the plate,11,True,248,action_history_mamba_pe_ae_handoff,sha256:aa45afdea673398dbf3a2ac31d5a02612326b51f41cd058ff2b5a7b471281fdf,42,10001
futuremamba,2000,1,lift the bottle and put it down on the plate,12,True,129,action_history_mamba_pe_ae_handoff,sha256:aa45afdea673398dbf3a2ac31d5a02612326b51f41cd058ff2b5a7b471281fdf,42,10001
futuremamba,2000,1,lift the bottle and put it down on the plate,13,True,118,action_history_mamba_pe_ae_handoff,sha256:aa45afdea673398dbf3a2ac31d5a02612326b51f41cd058ff2b5a7b471281fdf,42,10001
futuremamba,2000,1,lift the bottle and put it down on the plate,14,True,152,action_history_mamba_pe_ae_handoff,sha256:aa45afdea673398dbf3a2ac31d5a02612326b51f41cd058ff2b5a7b471281fdf,42,10001
futuremamba,2000,1,lift the bottle and put it down on the plate,15,True,103,action_history_mamba_pe_ae_handoff,sha256:aa45afdea673398dbf3a2ac31d5a02612326b51f41cd058ff2b5a7b471281fdf,42,10001
futuremamba,2000,1,lift the bottle and put it down on the plate,16,True,148,action_history_mamba_pe_ae_handoff,sha256:aa45afdea673398dbf3a2ac31d5a02612326b51f41cd058ff2b5a7b471281fdf,42,10001
futuremamba,2000,1,lift the bottle and put it down on the plate,17,True,163,action_history_mamba_pe_ae_handoff,sha256:aa45afdea673398dbf3a2ac31d5a02612326b51f41cd058ff2b5a7b471281fdf,42,10001
futuremamba,2000,1,lift the bottle and put it down on the plate,18,True,132,action_history_mamba_pe_ae_handoff,sha256:aa45afdea673398dbf3a2ac31d5a02612326b51f41cd058ff2b5a7b471281fdf,42,10001
futuremamba,2000,1,lift the bottle and put it down on the plate,19,True,132,action_history_mamba_pe_ae_handoff,sha256:aa45afdea673398dbf3a2ac31d5a02612326b51f41cd058ff2b5a7b471281fdf,42,10001
futuremamba,2000,2,lift the bowl and place it back on the plate 3 times,0,True,273,action_history_mamba_pe_ae_handoff,sha256:d3c6fd727ea4a8deac446a71e3c182f2590ef6ac42be88e8f18e01c48f8bb48f,42,10001
futuremamba,2000,2,lift the bowl and place it back on the plate 3 times,1,True,298,action_history_mamba_pe_ae_handoff,sha256:d3c6fd727ea4a8deac446a71e3c182f2590ef6ac42be88e8f18e01c48f8bb48f,42,10001
futuremamba,2000,2,lift the bowl and place it back on the plate 3 times,2,True,285,action_history_mamba_pe_ae_handoff,sha256:d3c6fd727ea4a8deac446a71e3c182f2590ef6ac42be88e8f18e01c48f8bb48f,42,10001
futuremamba,2000,2,lift the bowl and place it back on the plate 3 times,3,True,248,action_history_mamba_pe_ae_handoff,sha256:d3c6fd727ea4a8deac446a71e3c182f2590ef6ac42be88e8f18e01c48f8bb48f,42,10001
futuremamba,2000,2,lift the bowl and place it back on the plate 3 times,4,True,228,action_history_mamba_pe_ae_handoff,sha256:d3c6fd727ea4a8deac446a71e3c182f2590ef6ac42be88e8f18e01c48f8bb48f,42,10001
futuremamba,2000,2,lift the bowl and place it back on the plate 3 times,5,True,273,action_history_mamba_pe_ae_handoff,sha256:d3c6fd727ea4a8deac446a71e3c182f2590ef6ac42be88e8f18e01c48f8bb48f,42,10001
futuremamba,2000,2,lift the bowl and place it back on the plate 3 times,6,True,230,action_history_mamba_pe_ae_handoff,sha256:d3c6fd727ea4a8deac446a71e3c182f2590ef6ac42be88e8f18e01c48f8bb48f,42,10001
futuremamba,2000,2,lift the bowl and place it back on the plate 3 times,7,True,234,action_history_mamba_pe_ae_handoff,sha256:d3c6fd727ea4a8deac446a71e3c182f2590ef6ac42be88e8f18e01c48f8bb48f,42,10001
futuremamba,2000,2,lift the bowl and place it back on the plate 3 times,8,True,273,action_history_mamba_pe_ae_handoff,sha256:d3c6fd727ea4a8deac446a71e3c182f2590ef6ac42be88e8f18e01c48f8bb48f,42,10001
futuremamba,2000,2,lift the bowl and place it back on the plate 3 times,9,True,312,action_history_mamba_pe_ae_handoff,sha256:d3c6fd727ea4a8deac446a71e3c182f2590ef6ac42be88e8f18e01c48f8bb48f,42,10001
futuremamba,2000,2,lift the bowl and place it back on the plate 3 times,10,False,600,action_history_mamba_pe_ae_handoff,sha256:d3c6fd727ea4a8deac446a71e3c182f2590ef6ac42be88e8f18e01c48f8bb48f,42,10001
futuremamba,2000,2,lift the bowl and place it back on the plate 3 times,11,True,268,action_history_mamba_pe_ae_handoff,sha256:d3c6fd727ea4a8deac446a71e3c182f2590ef6ac42be88e8f18e01c48f8bb48f,42,10001
futuremamba,2000,2,lift the bowl and place it back on the plate 3 times,12,True,261,action_history_mamba_pe_ae_handoff,sha256:d3c6fd727ea4a8deac446a71e3c182f2590ef6ac42be88e8f18e01c48f8bb48f,42,10001
futuremamba,2000,2,lift the bowl and place it back on the plate 3 times,13,True,385,action_history_mamba_pe_ae_handoff,sha256:d3c6fd727ea4a8deac446a71e3c182f2590ef6ac42be88e8f18e01c48f8bb48f,42,10001
futuremamba,2000,2,lift the bowl and place it back on the plate 3 times,14,True,274,action_history_mamba_pe_ae_handoff,sha256:d3c6fd727ea4a8deac446a71e3c182f2590ef6ac42be88e8f18e01c48f8bb48f,42,10001
futuremamba,2000,2,lift the bowl and place it back on the plate 3 times,15,True,278,action_history_mamba_pe_ae_handoff,sha256:d3c6fd727ea4a8deac446a71e3c182f2590ef6ac42be88e8f18e01c48f8bb48f,42,10001
futuremamba,2000,2,lift the bowl and place it back on the plate 3 times,16,True,285,action_history_mamba_pe_ae_handoff,sha256:d3c6fd727ea4a8deac446a71e3c182f2590ef6ac42be88e8f18e01c48f8bb48f,42,10001
futuremamba,2000,2,lift the bowl and place it back on the plate 3 times,17,True,287,action_history_mamba_pe_ae_handoff,sha256:d3c6fd727ea4a8deac446a71e3c182f2590ef6ac42be88e8f18e01c48f8bb48f,42,10001
futuremamba,2000,2,lift the bowl and place it back on the plate 3 times,18,True,289,action_history_mamba_pe_ae_handoff,sha256:d3c6fd727ea4a8deac446a71e3c182f2590ef6ac42be88e8f18e01c48f8bb48f,42,10001
futuremamba,2000,2,lift the bowl and place it back on the plate 3 times,19,True,261,action_history_mamba_pe_ae_handoff,sha256:d3c6fd727ea4a8deac446a71e3c182f2590ef6ac42be88e8f18e01c48f8bb48f,42,10001
futuremamba,2000,3,pick up the bottle and put it down the plate 3 times,0,True,343,action_history_mamba_pe_ae_handoff,sha256:1c72bbc64408d7ef56fe25ba72953236b0fdc1aca655d5443954f8583ce74833,42,10001
futuremamba,2000,3,pick up the bottle and put it down the plate 3 times,1,True,230,action_history_mamba_pe_ae_handoff,sha256:1c72bbc64408d7ef56fe25ba72953236b0fdc1aca655d5443954f8583ce74833,42,10001
futuremamba,2000,3,pick up the bottle and put it down the plate 3 times,2,True,227,action_history_mamba_pe_ae_handoff,sha256:1c72bbc64408d7ef56fe25ba72953236b0fdc1aca655d5443954f8583ce74833,42,10001
futuremamba,2000,3,pick up the bottle and put it down the plate 3 times,3,True,241,action_history_mamba_pe_ae_handoff,sha256:1c72bbc64408d7ef56fe25ba72953236b0fdc1aca655d5443954f8583ce74833,42,10001
futuremamba,2000,3,pick up the bottle and put it down the plate 3 times,4,True,261,action_history_mamba_pe_ae_handoff,sha256:1c72bbc64408d7ef56fe25ba72953236b0fdc1aca655d5443954f8583ce74833,42,10001
futuremamba,2000,3,pick up the bottle and put it down the plate 3 times,5,True,260,action_history_mamba_pe_ae_handoff,sha256:1c72bbc64408d7ef56fe25ba72953236b0fdc1aca655d5443954f8583ce74833,42,10001
futuremamba,2000,3,pick up the bottle and put it down the plate 3 times,6,True,335,action_history_mamba_pe_ae_handoff,sha256:1c72bbc64408d7ef56fe25ba72953236b0fdc1aca655d5443954f8583ce74833,42,10001
futuremamba,2000,3,pick up the bottle and put it down the plate 3 times,7,True,261,action_history_mamba_pe_ae_handoff,sha256:1c72bbc64408d7ef56fe25ba72953236b0fdc1aca655d5443954f8583ce74833,42,10001
futuremamba,2000,3,pick up the bottle and put it down the plate 3 times,8,True,280,action_history_mamba_pe_ae_handoff,sha256:1c72bbc64408d7ef56fe25ba72953236b0fdc1aca655d5443954f8583ce74833,42,10001
futuremamba,2000,3,pick up the bottle and put it down the plate 3 times,9,True,307,action_history_mamba_pe_ae_handoff,sha256:1c72bbc64408d7ef56fe25ba72953236b0fdc1aca655d5443954f8583ce74833,42,10001
futuremamba,2000,3,pick up the bottle and put it down the plate 3 times,10,True,255,action_history_mamba_pe_ae_handoff,sha256:1c72bbc64408d7ef56fe25ba72953236b0fdc1aca655d5443954f8583ce74833,42,10001
futuremamba,2000,3,pick up the bottle and put it down the plate 3 times,11,True,248,action_history_mamba_pe_ae_handoff,sha256:1c72bbc64408d7ef56fe25ba72953236b0fdc1aca655d5443954f8583ce74833,42,10001
futuremamba,2000,3,pick up the bottle and put it down the plate 3 times,12,True,263,action_history_mamba_pe_ae_handoff,sha256:1c72bbc64408d7ef56fe25ba72953236b0fdc1aca655d5443954f8583ce74833,42,10001
futuremamba,2000,3,pick up the bottle and put it down the plate 3 times,13,True,245,action_history_mamba_pe_ae_handoff,sha256:1c72bbc64408d7ef56fe25ba72953236b0fdc1aca655d5443954f8583ce74833,42,10001
futuremamba,2000,3,pick up the bottle and put it down the plate 3 times,14,True,313,action_history_mamba_pe_ae_handoff,sha256:1c72bbc64408d7ef56fe25ba72953236b0fdc1aca655d5443954f8583ce74833,42,10001
futuremamba,2000,3,pick up the bottle and put it down the plate 3 times,15,True,233,action_history_mamba_pe_ae_handoff,sha256:1c72bbc64408d7ef56fe25ba72953236b0fdc1aca655d5443954f8583ce74833,42,10001
futuremamba,2000,3,pick up the bottle and put it down the plate 3 times,16,True,251,action_history_mamba_pe_ae_handoff,sha256:1c72bbc64408d7ef56fe25ba72953236b0fdc1aca655d5443954f8583ce74833,42,10001
futuremamba,2000,3,pick up the bottle and put it down the plate 3 times,17,True,243,action_history_mamba_pe_ae_handoff,sha256:1c72bbc64408d7ef56fe25ba72953236b0fdc1aca655d5443954f8583ce74833,42,10001
futuremamba,2000,3,pick up the bottle and put it down the plate 3 times,18,True,249,action_history_mamba_pe_ae_handoff,sha256:1c72bbc64408d7ef56fe25ba72953236b0fdc1aca655d5443954f8583ce74833,42,10001
futuremamba,2000,3,pick up the bottle and put it down the plate 3 times,19,True,256,action_history_mamba_pe_ae_handoff,sha256:1c72bbc64408d7ef56fe25ba72953236b0fdc1aca655d5443954f8583ce74833,42,10001
futuremamba,2000,4,lift the bowl and place it back on the plate 5 times,0,True,375,action_history_mamba_pe_ae_handoff,sha256:3b198fd7d5afd8700f0004ca85a582a6820fe6f2c25dcbd6724564710b3aa5c3,42,10001
futuremamba,2000,4,lift the bowl and place it back on the plate 5 times,1,True,406,action_history_mamba_pe_ae_handoff,sha256:3b198fd7d5afd8700f0004ca85a582a6820fe6f2c25dcbd6724564710b3aa5c3,42,10001
futuremamba,2000,4,lift the bowl and place it back on the plate 5 times,2,True,340,action_history_mamba_pe_ae_handoff,sha256:3b198fd7d5afd8700f0004ca85a582a6820fe6f2c25dcbd6724564710b3aa5c3,42,10001
futuremamba,2000,4,lift the bowl and place it back on the plate 5 times,3,True,339,action_history_mamba_pe_ae_handoff,sha256:3b198fd7d5afd8700f0004ca85a582a6820fe6f2c25dcbd6724564710b3aa5c3,42,10001
futuremamba,2000,4,lift the bowl and place it back on the plate 5 times,4,True,339,action_history_mamba_pe_ae_handoff,sha256:3b198fd7d5afd8700f0004ca85a582a6820fe6f2c25dcbd6724564710b3aa5c3,42,10001
futuremamba,2000,4,lift the bowl and place it back on the plate 5 times,5,True,336,action_history_mamba_pe_ae_handoff,sha256:3b198fd7d5afd8700f0004ca85a582a6820fe6f2c25dcbd6724564710b3aa5c3,42,10001
futuremamba,2000,4,lift the bowl and place it back on the plate 5 times,6,True,339,action_history_mamba_pe_ae_handoff,sha256:3b198fd7d5afd8700f0004ca85a582a6820fe6f2c25dcbd6724564710b3aa5c3,42,10001
futuremamba,2000,4,lift the bowl and place it back on the plate 5 times,7,True,341,action_history_mamba_pe_ae_handoff,sha256:3b198fd7d5afd8700f0004ca85a582a6820fe6f2c25dcbd6724564710b3aa5c3,42,10001
futuremamba,2000,4,lift the bowl and place it back on the plate 5 times,8,True,341,action_history_mamba_pe_ae_handoff,sha256:3b198fd7d5afd8700f0004ca85a582a6820fe6f2c25dcbd6724564710b3aa5c3,42,10001
futuremamba,2000,4,lift the bowl and place it back on the plate 5 times,9,True,416,action_history_mamba_pe_ae_handoff,sha256:3b198fd7d5afd8700f0004ca85a582a6820fe6f2c25dcbd6724564710b3aa5c3,42,10001
futuremamba,2000,4,lift the bowl and place it back on the plate 5 times,10,True,392,action_history_mamba_pe_ae_handoff,sha256:3b198fd7d5afd8700f0004ca85a582a6820fe6f2c25dcbd6724564710b3aa5c3,42,10001
futuremamba,2000,4,lift the bowl and place it back on the plate 5 times,11,True,354,action_history_mamba_pe_ae_handoff,sha256:3b198fd7d5afd8700f0004ca85a582a6820fe6f2c25dcbd6724564710b3aa5c3,42,10001
futuremamba,2000,4,lift the bowl and place it back on the plate 5 times,12,True,371,action_history_mamba_pe_ae_handoff,sha256:3b198fd7d5afd8700f0004ca85a582a6820fe6f2c25dcbd6724564710b3aa5c3,42,10001
futuremamba,2000,4,lift the bowl and place it back on the plate 5 times,13,True,391,action_history_mamba_pe_ae_handoff,sha256:3b198fd7d5afd8700f0004ca85a582a6820fe6f2c25dcbd6724564710b3aa5c3,42,10001
futuremamba,2000,4,lift the bowl and place it back on the plate 5 times,14,True,472,action_history_mamba_pe_ae_handoff,sha256:3b198fd7d5afd8700f0004ca85a582a6820fe6f2c25dcbd6724564710b3aa5c3,42,10001
futuremamba,2000,4,lift the bowl and place it back on the plate 5 times,15,True,370,action_history_mamba_pe_ae_handoff,sha256:3b198fd7d5afd8700f0004ca85a582a6820fe6f2c25dcbd6724564710b3aa5c3,42,10001
futuremamba,2000,4,lift the bowl and place it back on the plate 5 times,16,True,469,action_history_mamba_pe_ae_handoff,sha256:3b198fd7d5afd8700f0004ca85a582a6820fe6f2c25dcbd6724564710b3aa5c3,42,10001
futuremamba,2000,4,lift the bowl and place it back on the plate 5 times,17,True,370,action_history_mamba_pe_ae_handoff,sha256:3b198fd7d5afd8700f0004ca85a582a6820fe6f2c25dcbd6724564710b3aa5c3,42,10001
futuremamba,2000,4,lift the bowl and place it back on the plate 5 times,18,True,329,action_history_mamba_pe_ae_handoff,sha256:3b198fd7d5afd8700f0004ca85a582a6820fe6f2c25dcbd6724564710b3aa5c3,42,10001
futuremamba,2000,4,lift the bowl and place it back on the plate 5 times,19,True,394,action_history_mamba_pe_ae_handoff,sha256:3b198fd7d5afd8700f0004ca85a582a6820fe6f2c25dcbd6724564710b3aa5c3,42,10001
futuremamba,2000,5,pick up the bowl and place it on the plate 7 times,0,True,519,action_history_mamba_pe_ae_handoff,sha256:7b7e39e2b4e4b4fb74baa35d5d9f1228cd8b73a2180d4795b397869c3a656441,42,10001
futuremamba,2000,5,pick up the bowl and place it on the plate 7 times,1,True,577,action_history_mamba_pe_ae_handoff,sha256:7b7e39e2b4e4b4fb74baa35d5d9f1228cd8b73a2180d4795b397869c3a656441,42,10001
futuremamba,2000,5,pick up the bowl and place it on the plate 7 times,2,True,518,action_history_mamba_pe_ae_handoff,sha256:7b7e39e2b4e4b4fb74baa35d5d9f1228cd8b73a2180d4795b397869c3a656441,42,10001
futuremamba,2000,5,pick up the bowl and place it on the plate 7 times,3,True,554,action_history_mamba_pe_ae_handoff,sha256:7b7e39e2b4e4b4fb74baa35d5d9f1228cd8b73a2180d4795b397869c3a656441,42,10001
futuremamba,2000,5,pick up the bowl and place it on the plate 7 times,4,True,583,action_history_mamba_pe_ae_handoff,sha256:7b7e39e2b4e4b4fb74baa35d5d9f1228cd8b73a2180d4795b397869c3a656441,42,10001
futuremamba,2000,5,pick up the bowl and place it on the plate 7 times,5,True,493,action_history_mamba_pe_ae_handoff,sha256:7b7e39e2b4e4b4fb74baa35d5d9f1228cd8b73a2180d4795b397869c3a656441,42,10001
futuremamba,2000,5,pick up the bowl and place it on the plate 7 times,6,True,522,action_history_mamba_pe_ae_handoff,sha256:7b7e39e2b4e4b4fb74baa35d5d9f1228cd8b73a2180d4795b397869c3a656441,42,10001
futuremamba,2000,5,pick up the bowl and place it on the plate 7 times,7,True,514,action_history_mamba_pe_ae_handoff,sha256:7b7e39e2b4e4b4fb74baa35d5d9f1228cd8b73a2180d4795b397869c3a656441,42,10001
futuremamba,2000,5,pick up the bowl and place it on the plate 7 times,8,True,567,action_history_mamba_pe_ae_handoff,sha256:7b7e39e2b4e4b4fb74baa35d5d9f1228cd8b73a2180d4795b397869c3a656441,42,10001
futuremamba,2000,5,pick up the bowl and place it on the plate 7 times,9,True,527,action_history_mamba_pe_ae_handoff,sha256:7b7e39e2b4e4b4fb74baa35d5d9f1228cd8b73a2180d4795b397869c3a656441,42,10001
futuremamba,2000,5,pick up the bowl and place it on the plate 7 times,10,True,521,action_history_mamba_pe_ae_handoff,sha256:7b7e39e2b4e4b4fb74baa35d5d9f1228cd8b73a2180d4795b397869c3a656441,42,10001
futuremamba,2000,5,pick up the bowl and place it on the plate 7 times,11,False,600,action_history_mamba_pe_ae_handoff,sha256:7b7e39e2b4e4b4fb74baa35d5d9f1228cd8b73a2180d4795b397869c3a656441,42,10001
futuremamba,2000,5,pick up the bowl and place it on the plate 7 times,12,True,543,action_history_mamba_pe_ae_handoff,sha256:7b7e39e2b4e4b4fb74baa35d5d9f1228cd8b73a2180d4795b397869c3a656441,42,10001
futuremamba,2000,5,pick up the bowl and place it on the plate 7 times,13,True,583,action_history_mamba_pe_ae_handoff,sha256:7b7e39e2b4e4b4fb74baa35d5d9f1228cd8b73a2180d4795b397869c3a656441,42,10001
futuremamba,2000,5,pick up the bowl and place it on the plate 7 times,14,True,544,action_history_mamba_pe_ae_handoff,sha256:7b7e39e2b4e4b4fb74baa35d5d9f1228cd8b73a2180d4795b397869c3a656441,42,10001
futuremamba,2000,5,pick up the bowl and place it on the plate 7 times,15,False,600,action_history_mamba_pe_ae_handoff,sha256:7b7e39e2b4e4b4fb74baa35d5d9f1228cd8b73a2180d4795b397869c3a656441,42,10001
futuremamba,2000,5,pick up the bowl and place it on the plate 7 times,16,True,588,action_history_mamba_pe_ae_handoff,sha256:7b7e39e2b4e4b4fb74baa35d5d9f1228cd8b73a2180d4795b397869c3a656441,42,10001
futuremamba,2000,5,pick up the bowl and place it on the plate 7 times,17,False,600,action_history_mamba_pe_ae_handoff,sha256:7b7e39e2b4e4b4fb74baa35d5d9f1228cd8b73a2180d4795b397869c3a656441,42,10001
futuremamba,2000,5,pick up the bowl and place it on the plate 7 times,18,True,526,action_history_mamba_pe_ae_handoff,sha256:7b7e39e2b4e4b4fb74baa35d5d9f1228cd8b73a2180d4795b397869c3a656441,42,10001
futuremamba,2000,5,pick up the bowl and place it on the plate 7 times,19,False,600,action_history_mamba_pe_ae_handoff,sha256:7b7e39e2b4e4b4fb74baa35d5d9f1228cd8b73a2180d4795b397869c3a656441,42,10001
futuremamba,2000,6,swap the 2 bowls on their plates using the empty plate,0,False,600,action_history_mamba_pe_ae_handoff,sha256:8aca5ee38dac7bdd293c225b234d5ec2f3fa3e2b7ae5ebd29a6cfd01695e29f7,42,10001
futuremamba,2000,6,swap the 2 bowls on their plates using the empty plate,1,True,405,action_history_mamba_pe_ae_handoff,sha256:8aca5ee38dac7bdd293c225b234d5ec2f3fa3e2b7ae5ebd29a6cfd01695e29f7,42,10001
futuremamba,2000,6,swap the 2 bowls on their plates using the empty plate,2,True,328,action_history_mamba_pe_ae_handoff,sha256:8aca5ee38dac7bdd293c225b234d5ec2f3fa3e2b7ae5ebd29a6cfd01695e29f7,42,10001
futuremamba,2000,6,swap the 2 bowls on their plates using the empty plate,3,False,600,action_history_mamba_pe_ae_handoff,sha256:8aca5ee38dac7bdd293c225b234d5ec2f3fa3e2b7ae5ebd29a6cfd01695e29f7,42,10001
futuremamba,2000,6,swap the 2 bowls on their plates using the empty plate,4,True,349,action_history_mamba_pe_ae_handoff,sha256:8aca5ee38dac7bdd293c225b234d5ec2f3fa3e2b7ae5ebd29a6cfd01695e29f7,42,10001
futuremamba,2000,6,swap the 2 bowls on their plates using the empty plate,5,True,514,action_history_mamba_pe_ae_handoff,sha256:8aca5ee38dac7bdd293c225b234d5ec2f3fa3e2b7ae5ebd29a6cfd01695e29f7,42,10001
futuremamba,2000,6,swap the 2 bowls on their plates using the empty plate,6,False,600,action_history_mamba_pe_ae_handoff,sha256:8aca5ee38dac7bdd293c225b234d5ec2f3fa3e2b7ae5ebd29a6cfd01695e29f7,42,10001
futuremamba,2000,6,swap the 2 bowls on their plates using the empty plate,7,False,600,action_history_mamba_pe_ae_handoff,sha256:8aca5ee38dac7bdd293c225b234d5ec2f3fa3e2b7ae5ebd29a6cfd01695e29f7,42,10001
futuremamba,2000,6,swap the 2 bowls on their plates using the empty plate,8,False,600,action_history_mamba_pe_ae_handoff,sha256:8aca5ee38dac7bdd293c225b234d5ec2f3fa3e2b7ae5ebd29a6cfd01695e29f7,42,10001
futuremamba,2000,6,swap the 2 bowls on their plates using the empty plate,9,True,401,action_history_mamba_pe_ae_handoff,sha256:8aca5ee38dac7bdd293c225b234d5ec2f3fa3e2b7ae5ebd29a6cfd01695e29f7,42,10001
futuremamba,2000,6,swap the 2 bowls on their plates using the empty plate,10,True,481,action_history_mamba_pe_ae_handoff,sha256:8aca5ee38dac7bdd293c225b234d5ec2f3fa3e2b7ae5ebd29a6cfd01695e29f7,42,10001
futuremamba,2000,6,swap the 2 bowls on their plates using the empty plate,11,True,400,action_history_mamba_pe_ae_handoff,sha256:8aca5ee38dac7bdd293c225b234d5ec2f3fa3e2b7ae5ebd29a6cfd01695e29f7,42,10001
futuremamba,2000,6,swap the 2 bowls on their plates using the empty plate,12,True,351,action_history_mamba_pe_ae_handoff,sha256:8aca5ee38dac7bdd293c225b234d5ec2f3fa3e2b7ae5ebd29a6cfd01695e29f7,42,10001
futuremamba,2000,6,swap the 2 bowls on their plates using the empty plate,13,False,600,action_history_mamba_pe_ae_handoff,sha256:8aca5ee38dac7bdd293c225b234d5ec2f3fa3e2b7ae5ebd29a6cfd01695e29f7,42,10001
futuremamba,2000,6,swap the 2 bowls on their plates using the empty plate,14,True,438,action_history_mamba_pe_ae_handoff,sha256:8aca5ee38dac7bdd293c225b234d5ec2f3fa3e2b7ae5ebd29a6cfd01695e29f7,42,10001
futuremamba,2000,6,swap the 2 bowls on their plates using the empty plate,15,True,477,action_history_mamba_pe_ae_handoff,sha256:8aca5ee38dac7bdd293c225b234d5ec2f3fa3e2b7ae5ebd29a6cfd01695e29f7,42,10001
futuremamba,2000,6,swap the 2 bowls on their plates using the empty plate,16,False,600,action_history_mamba_pe_ae_handoff,sha256:8aca5ee38dac7bdd293c225b234d5ec2f3fa3e2b7ae5ebd29a6cfd01695e29f7,42,10001
futuremamba,2000,6,swap the 2 bowls on their plates using the empty plate,17,False,600,action_history_mamba_pe_ae_handoff,sha256:8aca5ee38dac7bdd293c225b234d5ec2f3fa3e2b7ae5ebd29a6cfd01695e29f7,42,10001
futuremamba,2000,6,swap the 2 bowls on their plates using the empty plate,18,False,600,action_history_mamba_pe_ae_handoff,sha256:8aca5ee38dac7bdd293c225b234d5ec2f3fa3e2b7ae5ebd29a6cfd01695e29f7,42,10001
futuremamba,2000,6,swap the 2 bowls on their plates using the empty plate,19,False,600,action_history_mamba_pe_ae_handoff,sha256:8aca5ee38dac7bdd293c225b234d5ec2f3fa3e2b7ae5ebd29a6cfd01695e29f7,42,10001
futuremamba,2000,7,rotate the 3 bowls on their plates from left to right using the empty plate,0,True,560,action_history_mamba_pe_ae_handoff,sha256:f56f4272db47511263ccc8b6b2e4777ae4e7be2a982b6b0ee9457daf43e0141e,42,10001
futuremamba,2000,7,rotate the 3 bowls on their plates from left to right using the empty plate,1,False,600,action_history_mamba_pe_ae_handoff,sha256:f56f4272db47511263ccc8b6b2e4777ae4e7be2a982b6b0ee9457daf43e0141e,42,10001
futuremamba,2000,7,rotate the 3 bowls on their plates from left to right using the empty plate,2,True,482,action_history_mamba_pe_ae_handoff,sha256:f56f4272db47511263ccc8b6b2e4777ae4e7be2a982b6b0ee9457daf43e0141e,42,10001
futuremamba,2000,7,rotate the 3 bowls on their plates from left to right using the empty plate,3,False,600,action_history_mamba_pe_ae_handoff,sha256:f56f4272db47511263ccc8b6b2e4777ae4e7be2a982b6b0ee9457daf43e0141e,42,10001
futuremamba,2000,7,rotate the 3 bowls on their plates from left to right using the empty plate,4,False,600,action_history_mamba_pe_ae_handoff,sha256:f56f4272db47511263ccc8b6b2e4777ae4e7be2a982b6b0ee9457daf43e0141e,42,10001
futuremamba,2000,7,rotate the 3 bowls on their plates from left to right using the empty plate,5,True,588,action_history_mamba_pe_ae_handoff,sha256:f56f4272db47511263ccc8b6b2e4777ae4e7be2a982b6b0ee9457daf43e0141e,42,10001
futuremamba,2000,7,rotate the 3 bowls on their plates from left to right using the empty plate,6,True,560,action_history_mamba_pe_ae_handoff,sha256:f56f4272db47511263ccc8b6b2e4777ae4e7be2a982b6b0ee9457daf43e0141e,42,10001
futuremamba,2000,7,rotate the 3 bowls on their plates from left to right using the empty plate,7,True,543,action_history_mamba_pe_ae_handoff,sha256:f56f4272db47511263ccc8b6b2e4777ae4e7be2a982b6b0ee9457daf43e0141e,42,10001
futuremamba,2000,7,rotate the 3 bowls on their plates from left to right using the empty plate,8,True,540,action_history_mamba_pe_ae_handoff,sha256:f56f4272db47511263ccc8b6b2e4777ae4e7be2a982b6b0ee9457daf43e0141e,42,10001
futuremamba,2000,7,rotate the 3 bowls on their plates from left to right using the empty plate,9,False,600,action_history_mamba_pe_ae_handoff,sha256:f56f4272db47511263ccc8b6b2e4777ae4e7be2a982b6b0ee9457daf43e0141e,42,10001
futuremamba,2000,7,rotate the 3 bowls on their plates from left to right using the empty plate,10,True,500,action_history_mamba_pe_ae_handoff,sha256:f56f4272db47511263ccc8b6b2e4777ae4e7be2a982b6b0ee9457daf43e0141e,42,10001
futuremamba,2000,7,rotate the 3 bowls on their plates from left to right using the empty plate,11,False,600,action_history_mamba_pe_ae_handoff,sha256:f56f4272db47511263ccc8b6b2e4777ae4e7be2a982b6b0ee9457daf43e0141e,42,10001
futuremamba,2000,7,rotate the 3 bowls on their plates from left to right using the empty plate,12,True,511,action_history_mamba_pe_ae_handoff,sha256:f56f4272db47511263ccc8b6b2e4777ae4e7be2a982b6b0ee9457daf43e0141e,42,10001
futuremamba,2000,7,rotate the 3 bowls on their plates from left to right using the empty plate,13,True,534,action_history_mamba_pe_ae_handoff,sha256:f56f4272db47511263ccc8b6b2e4777ae4e7be2a982b6b0ee9457daf43e0141e,42,10001
futuremamba,2000,7,rotate the 3 bowls on their plates from left to right using the empty plate,14,True,523,action_history_mamba_pe_ae_handoff,sha256:f56f4272db47511263ccc8b6b2e4777ae4e7be2a982b6b0ee9457daf43e0141e,42,10001
futuremamba,2000,7,rotate the 3 bowls on their plates from left to right using the empty plate,15,False,600,action_history_mamba_pe_ae_handoff,sha256:f56f4272db47511263ccc8b6b2e4777ae4e7be2a982b6b0ee9457daf43e0141e,42,10001
futuremamba,2000,7,rotate the 3 bowls on their plates from left to right using the empty plate,16,True,480,action_history_mamba_pe_ae_handoff,sha256:f56f4272db47511263ccc8b6b2e4777ae4e7be2a982b6b0ee9457daf43e0141e,42,10001
futuremamba,2000,7,rotate the 3 bowls on their plates from left to right using the empty plate,17,True,556,action_history_mamba_pe_ae_handoff,sha256:f56f4272db47511263ccc8b6b2e4777ae4e7be2a982b6b0ee9457daf43e0141e,42,10001
futuremamba,2000,7,rotate the 3 bowls on their plates from left to right using the empty plate,18,True,510,action_history_mamba_pe_ae_handoff,sha256:f56f4272db47511263ccc8b6b2e4777ae4e7be2a982b6b0ee9457daf43e0141e,42,10001
futuremamba,2000,7,rotate the 3 bowls on their plates from left to right using the empty plate,19,True,503,action_history_mamba_pe_ae_handoff,sha256:f56f4272db47511263ccc8b6b2e4777ae4e7be2a982b6b0ee9457daf43e0141e,42,10001
futuremamba,2000,8,put the cream cheese in the nearest basket and place that basket in the center,0,True,371,action_history_mamba_pe_ae_handoff,sha256:602aad4a7dca279ce5844122ed0a27b1fff80af0cf0b992e64eb30fd635213ab,42,10001
futuremamba,2000,8,put the cream cheese in the nearest basket and place that basket in the center,1,True,289,action_history_mamba_pe_ae_handoff,sha256:602aad4a7dca279ce5844122ed0a27b1fff80af0cf0b992e64eb30fd635213ab,42,10001
futuremamba,2000,8,put the cream cheese in the nearest basket and place that basket in the center,2,True,298,action_history_mamba_pe_ae_handoff,sha256:602aad4a7dca279ce5844122ed0a27b1fff80af0cf0b992e64eb30fd635213ab,42,10001
futuremamba,2000,8,put the cream cheese in the nearest basket and place that basket in the center,3,True,296,action_history_mamba_pe_ae_handoff,sha256:602aad4a7dca279ce5844122ed0a27b1fff80af0cf0b992e64eb30fd635213ab,42,10001
futuremamba,2000,8,put the cream cheese in the nearest basket and place that basket in the center,4,True,273,action_history_mamba_pe_ae_handoff,sha256:602aad4a7dca279ce5844122ed0a27b1fff80af0cf0b992e64eb30fd635213ab,42,10001
futuremamba,2000,8,put the cream cheese in the nearest basket and place that basket in the center,5,True,284,action_history_mamba_pe_ae_handoff,sha256:602aad4a7dca279ce5844122ed0a27b1fff80af0cf0b992e64eb30fd635213ab,42,10001
futuremamba,2000,8,put the cream cheese in the nearest basket and place that basket in the center,6,True,293,action_history_mamba_pe_ae_handoff,sha256:602aad4a7dca279ce5844122ed0a27b1fff80af0cf0b992e64eb30fd635213ab,42,10001
futuremamba,2000,8,put the cream cheese in the nearest basket and place that basket in the center,7,True,296,action_history_mamba_pe_ae_handoff,sha256:602aad4a7dca279ce5844122ed0a27b1fff80af0cf0b992e64eb30fd635213ab,42,10001
futuremamba,2000,8,put the cream cheese in the nearest basket and place that basket in the center,8,True,309,action_history_mamba_pe_ae_handoff,sha256:602aad4a7dca279ce5844122ed0a27b1fff80af0cf0b992e64eb30fd635213ab,42,10001
futuremamba,2000,8,put the cream cheese in the nearest basket and place that basket in the center,9,True,305,action_history_mamba_pe_ae_handoff,sha256:602aad4a7dca279ce5844122ed0a27b1fff80af0cf0b992e64eb30fd635213ab,42,10001
futuremamba,2000,8,put the cream cheese in the nearest basket and place that basket in the center,10,True,280,action_history_mamba_pe_ae_handoff,sha256:602aad4a7dca279ce5844122ed0a27b1fff80af0cf0b992e64eb30fd635213ab,42,10001
futuremamba,2000,8,put the cream cheese in the nearest basket and place that basket in the center,11,True,285,action_history_mamba_pe_ae_handoff,sha256:602aad4a7dca279ce5844122ed0a27b1fff80af0cf0b992e64eb30fd635213ab,42,10001
futuremamba,2000,8,put the cream cheese in the nearest basket and place that basket in the center,12,True,496,action_history_mamba_pe_ae_handoff,sha256:602aad4a7dca279ce5844122ed0a27b1fff80af0cf0b992e64eb30fd635213ab,42,10001
futuremamba,2000,8,put the cream cheese in the nearest basket and place that basket in the center,13,True,297,action_history_mamba_pe_ae_handoff,sha256:602aad4a7dca279ce5844122ed0a27b1fff80af0cf0b992e64eb30fd635213ab,42,10001
futuremamba,2000,8,put the cream cheese in the nearest basket and place that basket in the center,14,True,296,action_history_mamba_pe_ae_handoff,sha256:602aad4a7dca279ce5844122ed0a27b1fff80af0cf0b992e64eb30fd635213ab,42,10001
futuremamba,2000,8,put the cream cheese in the nearest basket and place that basket in the center,15,True,282,action_history_mamba_pe_ae_handoff,sha256:602aad4a7dca279ce5844122ed0a27b1fff80af0cf0b992e64eb30fd635213ab,42,10001
futuremamba,2000,8,put the cream cheese in the nearest basket and place that basket in the center,16,True,278,action_history_mamba_pe_ae_handoff,sha256:602aad4a7dca279ce5844122ed0a27b1fff80af0cf0b992e64eb30fd635213ab,42,10001
futuremamba,2000,8,put the cream cheese in the nearest basket and place that basket in the center,17,True,302,action_history_mamba_pe_ae_handoff,sha256:602aad4a7dca279ce5844122ed0a27b1fff80af0cf0b992e64eb30fd635213ab,42,10001
futuremamba,2000,8,put the cream cheese in the nearest basket and place that basket in the center,18,False,600,action_history_mamba_pe_ae_handoff,sha256:602aad4a7dca279ce5844122ed0a27b1fff80af0cf0b992e64eb30fd635213ab,42,10001
futuremamba,2000,8,put the cream cheese in the nearest basket and place that basket in the center,19,True,305,action_history_mamba_pe_ae_handoff,sha256:602aad4a7dca279ce5844122ed0a27b1fff80af0cf0b992e64eb30fd635213ab,42,10001
futuremamba,2000,9,put the cream cheese in the nearest basket and place the empty basket in the center,0,True,290,action_history_mamba_pe_ae_handoff,sha256:589961a5a95f60229b9d86de4ca763edf3d4d1d92cbdf90d7554b8783d26d337,42,10001
futuremamba,2000,9,put the cream cheese in the nearest basket and place the empty basket in the center,1,True,284,action_history_mamba_pe_ae_handoff,sha256:589961a5a95f60229b9d86de4ca763edf3d4d1d92cbdf90d7554b8783d26d337,42,10001
futuremamba,2000,9,put the cream cheese in the nearest basket and place the empty basket in the center,2,True,279,action_history_mamba_pe_ae_handoff,sha256:589961a5a95f60229b9d86de4ca763edf3d4d1d92cbdf90d7554b8783d26d337,42,10001
futuremamba,2000,9,put the cream cheese in the nearest basket and place the empty basket in the center,3,True,289,action_history_mamba_pe_ae_handoff,sha256:589961a5a95f60229b9d86de4ca763edf3d4d1d92cbdf90d7554b8783d26d337,42,10001
futuremamba,2000,9,put the cream cheese in the nearest basket and place the empty basket in the center,4,True,300,action_history_mamba_pe_ae_handoff,sha256:589961a5a95f60229b9d86de4ca763edf3d4d1d92cbdf90d7554b8783d26d337,42,10001
futuremamba,2000,9,put the cream cheese in the nearest basket and place the empty basket in the center,5,True,289,action_history_mamba_pe_ae_handoff,sha256:589961a5a95f60229b9d86de4ca763edf3d4d1d92cbdf90d7554b8783d26d337,42,10001
futuremamba,2000,9,put the cream cheese in the nearest basket and place the empty basket in the center,6,True,282,action_history_mamba_pe_ae_handoff,sha256:589961a5a95f60229b9d86de4ca763edf3d4d1d92cbdf90d7554b8783d26d337,42,10001
futuremamba,2000,9,put the cream cheese in the nearest basket and place the empty basket in the center,7,True,275,action_history_mamba_pe_ae_handoff,sha256:589961a5a95f60229b9d86de4ca763edf3d4d1d92cbdf90d7554b8783d26d337,42,10001
futuremamba,2000,9,put the cream cheese in the nearest basket and place the empty basket in the center,8,True,273,action_history_mamba_pe_ae_handoff,sha256:589961a5a95f60229b9d86de4ca763edf3d4d1d92cbdf90d7554b8783d26d337,42,10001
futuremamba,2000,9,put the cream cheese in the nearest basket and place the empty basket in the center,9,True,303,action_history_mamba_pe_ae_handoff,sha256:589961a5a95f60229b9d86de4ca763edf3d4d1d92cbdf90d7554b8783d26d337,42,10001
futuremamba,2000,9,put the cream cheese in the nearest basket and place the empty basket in the center,10,True,311,action_history_mamba_pe_ae_handoff,sha256:589961a5a95f60229b9d86de4ca763edf3d4d1d92cbdf90d7554b8783d26d337,42,10001
futuremamba,2000,9,put the cream cheese in the nearest basket and place the empty basket in the center,11,True,262,action_history_mamba_pe_ae_handoff,sha256:589961a5a95f60229b9d86de4ca763edf3d4d1d92cbdf90d7554b8783d26d337,42,10001
futuremamba,2000,9,put the cream cheese in the nearest basket and place the empty basket in the center,12,True,340,action_history_mamba_pe_ae_handoff,sha256:589961a5a95f60229b9d86de4ca763edf3d4d1d92cbdf90d7554b8783d26d337,42,10001
futuremamba,2000,9,put the cream cheese in the nearest basket and place the empty basket in the center,13,True,285,action_history_mamba_pe_ae_handoff,sha256:589961a5a95f60229b9d86de4ca763edf3d4d1d92cbdf90d7554b8783d26d337,42,10001
futuremamba,2000,9,put the cream cheese in the nearest basket and place the empty basket in the center,14,True,282,action_history_mamba_pe_ae_handoff,sha256:589961a5a95f60229b9d86de4ca763edf3d4d1d92cbdf90d7554b8783d26d337,42,10001
futuremamba,2000,9,put the cream cheese in the nearest basket and place the empty basket in the center,15,True,283,action_history_mamba_pe_ae_handoff,sha256:589961a5a95f60229b9d86de4ca763edf3d4d1d92cbdf90d7554b8783d26d337,42,10001
futuremamba,2000,9,put the cream cheese in the nearest basket and place the empty basket in the center,16,True,280,action_history_mamba_pe_ae_handoff,sha256:589961a5a95f60229b9d86de4ca763edf3d4d1d92cbdf90d7554b8783d26d337,42,10001
futuremamba,2000,9,put the cream cheese in the nearest basket and place the empty basket in the center,17,True,279,action_history_mamba_pe_ae_handoff,sha256:589961a5a95f60229b9d86de4ca763edf3d4d1d92cbdf90d7554b8783d26d337,42,10001
futuremamba,2000,9,put the cream cheese in the nearest basket and place the empty basket in the center,18,True,317,action_history_mamba_pe_ae_handoff,sha256:589961a5a95f60229b9d86de4ca763edf3d4d1d92cbdf90d7554b8783d26d337,42,10001
futuremamba,2000,9,put the cream cheese in the nearest basket and place the empty basket in the center,19,True,275,action_history_mamba_pe_ae_handoff,sha256:589961a5a95f60229b9d86de4ca763edf3d4d1d92cbdf90d7554b8783d26d337,42,10001
futuremamba,2500,0,pick up the bowl and place it back on the plate,0,True,119,action_history_mamba_pe_ae_handoff,sha256:62f79cacf53010f7440177d7b7ff2edaea685c24e139f0887d424ea1c7fd9cdf,42,10001
futuremamba,2500,0,pick up the bowl and place it back on the plate,1,True,119,action_history_mamba_pe_ae_handoff,sha256:62f79cacf53010f7440177d7b7ff2edaea685c24e139f0887d424ea1c7fd9cdf,42,10001
futuremamba,2500,0,pick up the bowl and place it back on the plate,2,True,125,action_history_mamba_pe_ae_handoff,sha256:62f79cacf53010f7440177d7b7ff2edaea685c24e139f0887d424ea1c7fd9cdf,42,10001
futuremamba,2500,0,pick up the bowl and place it back on the plate,3,True,124,action_history_mamba_pe_ae_handoff,sha256:62f79cacf53010f7440177d7b7ff2edaea685c24e139f0887d424ea1c7fd9cdf,42,10001
futuremamba,2500,0,pick up the bowl and place it back on the plate,4,True,129,action_history_mamba_pe_ae_handoff,sha256:62f79cacf53010f7440177d7b7ff2edaea685c24e139f0887d424ea1c7fd9cdf,42,10001
futuremamba,2500,0,pick up the bowl and place it back on the plate,5,True,122,action_history_mamba_pe_ae_handoff,sha256:62f79cacf53010f7440177d7b7ff2edaea685c24e139f0887d424ea1c7fd9cdf,42,10001
futuremamba,2500,0,pick up the bowl and place it back on the plate,6,True,115,action_history_mamba_pe_ae_handoff,sha256:62f79cacf53010f7440177d7b7ff2edaea685c24e139f0887d424ea1c7fd9cdf,42,10001
futuremamba,2500,0,pick up the bowl and place it back on the plate,7,True,127,action_history_mamba_pe_ae_handoff,sha256:62f79cacf53010f7440177d7b7ff2edaea685c24e139f0887d424ea1c7fd9cdf,42,10001
futuremamba,2500,0,pick up the bowl and place it back on the plate,8,True,98,action_history_mamba_pe_ae_handoff,sha256:62f79cacf53010f7440177d7b7ff2edaea685c24e139f0887d424ea1c7fd9cdf,42,10001
futuremamba,2500,0,pick up the bowl and place it back on the plate,9,True,132,action_history_mamba_pe_ae_handoff,sha256:62f79cacf53010f7440177d7b7ff2edaea685c24e139f0887d424ea1c7fd9cdf,42,10001
futuremamba,2500,0,pick up the bowl and place it back on the plate,10,True,117,action_history_mamba_pe_ae_handoff,sha256:62f79cacf53010f7440177d7b7ff2edaea685c24e139f0887d424ea1c7fd9cdf,42,10001
futuremamba,2500,0,pick up the bowl and place it back on the plate,11,True,135,action_history_mamba_pe_ae_handoff,sha256:62f79cacf53010f7440177d7b7ff2edaea685c24e139f0887d424ea1c7fd9cdf,42,10001
futuremamba,2500,0,pick up the bowl and place it back on the plate,12,True,124,action_history_mamba_pe_ae_handoff,sha256:62f79cacf53010f7440177d7b7ff2edaea685c24e139f0887d424ea1c7fd9cdf,42,10001
futuremamba,2500,0,pick up the bowl and place it back on the plate,13,True,137,action_history_mamba_pe_ae_handoff,sha256:62f79cacf53010f7440177d7b7ff2edaea685c24e139f0887d424ea1c7fd9cdf,42,10001
futuremamba,2500,0,pick up the bowl and place it back on the plate,14,True,114,action_history_mamba_pe_ae_handoff,sha256:62f79cacf53010f7440177d7b7ff2edaea685c24e139f0887d424ea1c7fd9cdf,42,10001
futuremamba,2500,0,pick up the bowl and place it back on the plate,15,True,121,action_history_mamba_pe_ae_handoff,sha256:62f79cacf53010f7440177d7b7ff2edaea685c24e139f0887d424ea1c7fd9cdf,42,10001
futuremamba,2500,0,pick up the bowl and place it back on the plate,16,True,124,action_history_mamba_pe_ae_handoff,sha256:62f79cacf53010f7440177d7b7ff2edaea685c24e139f0887d424ea1c7fd9cdf,42,10001
futuremamba,2500,0,pick up the bowl and place it back on the plate,17,True,165,action_history_mamba_pe_ae_handoff,sha256:62f79cacf53010f7440177d7b7ff2edaea685c24e139f0887d424ea1c7fd9cdf,42,10001
futuremamba,2500,0,pick up the bowl and place it back on the plate,18,True,114,action_history_mamba_pe_ae_handoff,sha256:62f79cacf53010f7440177d7b7ff2edaea685c24e139f0887d424ea1c7fd9cdf,42,10001
futuremamba,2500,0,pick up the bowl and place it back on the plate,19,True,120,action_history_mamba_pe_ae_handoff,sha256:62f79cacf53010f7440177d7b7ff2edaea685c24e139f0887d424ea1c7fd9cdf,42,10001
futuremamba,2500,1,lift the bottle and put it down on the plate,0,True,137,action_history_mamba_pe_ae_handoff,sha256:d81fe52fddb6e4d4f03c9a3536c302b403b4c50e6be672639bf758db49c1e8bb,42,10001
futuremamba,2500,1,lift the bottle and put it down on the plate,1,True,92,action_history_mamba_pe_ae_handoff,sha256:d81fe52fddb6e4d4f03c9a3536c302b403b4c50e6be672639bf758db49c1e8bb,42,10001
futuremamba,2500,1,lift the bottle and put it down on the plate,2,True,170,action_history_mamba_pe_ae_handoff,sha256:d81fe52fddb6e4d4f03c9a3536c302b403b4c50e6be672639bf758db49c1e8bb,42,10001
futuremamba,2500,1,lift the bottle and put it down on the plate,3,True,135,action_history_mamba_pe_ae_handoff,sha256:d81fe52fddb6e4d4f03c9a3536c302b403b4c50e6be672639bf758db49c1e8bb,42,10001
futuremamba,2500,1,lift the bottle and put it down on the plate,4,True,135,action_history_mamba_pe_ae_handoff,sha256:d81fe52fddb6e4d4f03c9a3536c302b403b4c50e6be672639bf758db49c1e8bb,42,10001
futuremamba,2500,1,lift the bottle and put it down on the plate,5,True,125,action_history_mamba_pe_ae_handoff,sha256:d81fe52fddb6e4d4f03c9a3536c302b403b4c50e6be672639bf758db49c1e8bb,42,10001
futuremamba,2500,1,lift the bottle and put it down on the plate,6,True,107,action_history_mamba_pe_ae_handoff,sha256:d81fe52fddb6e4d4f03c9a3536c302b403b4c50e6be672639bf758db49c1e8bb,42,10001
futuremamba,2500,1,lift the bottle and put it down on the plate,7,True,453,action_history_mamba_pe_ae_handoff,sha256:d81fe52fddb6e4d4f03c9a3536c302b403b4c50e6be672639bf758db49c1e8bb,42,10001
futuremamba,2500,1,lift the bottle and put it down on the plate,8,True,130,action_history_mamba_pe_ae_handoff,sha256:d81fe52fddb6e4d4f03c9a3536c302b403b4c50e6be672639bf758db49c1e8bb,42,10001
futuremamba,2500,1,lift the bottle and put it down on the plate,9,True,209,action_history_mamba_pe_ae_handoff,sha256:d81fe52fddb6e4d4f03c9a3536c302b403b4c50e6be672639bf758db49c1e8bb,42,10001
futuremamba,2500,1,lift the bottle and put it down on the plate,10,True,90,action_history_mamba_pe_ae_handoff,sha256:d81fe52fddb6e4d4f03c9a3536c302b403b4c50e6be672639bf758db49c1e8bb,42,10001
futuremamba,2500,1,lift the bottle and put it down on the plate,11,True,131,action_history_mamba_pe_ae_handoff,sha256:d81fe52fddb6e4d4f03c9a3536c302b403b4c50e6be672639bf758db49c1e8bb,42,10001
futuremamba,2500,1,lift the bottle and put it down on the plate,12,True,125,action_history_mamba_pe_ae_handoff,sha256:d81fe52fddb6e4d4f03c9a3536c302b403b4c50e6be672639bf758db49c1e8bb,42,10001
futuremamba,2500,1,lift the bottle and put it down on the plate,13,True,115,action_history_mamba_pe_ae_handoff,sha256:d81fe52fddb6e4d4f03c9a3536c302b403b4c50e6be672639bf758db49c1e8bb,42,10001
futuremamba,2500,1,lift the bottle and put it down on the plate,14,True,187,action_history_mamba_pe_ae_handoff,sha256:d81fe52fddb6e4d4f03c9a3536c302b403b4c50e6be672639bf758db49c1e8bb,42,10001
futuremamba,2500,1,lift the bottle and put it down on the plate,15,True,103,action_history_mamba_pe_ae_handoff,sha256:d81fe52fddb6e4d4f03c9a3536c302b403b4c50e6be672639bf758db49c1e8bb,42,10001
futuremamba,2500,1,lift the bottle and put it down on the plate,16,True,110,action_history_mamba_pe_ae_handoff,sha256:d81fe52fddb6e4d4f03c9a3536c302b403b4c50e6be672639bf758db49c1e8bb,42,10001
futuremamba,2500,1,lift the bottle and put it down on the plate,17,True,102,action_history_mamba_pe_ae_handoff,sha256:d81fe52fddb6e4d4f03c9a3536c302b403b4c50e6be672639bf758db49c1e8bb,42,10001
futuremamba,2500,1,lift the bottle and put it down on the plate,18,True,186,action_history_mamba_pe_ae_handoff,sha256:d81fe52fddb6e4d4f03c9a3536c302b403b4c50e6be672639bf758db49c1e8bb,42,10001
futuremamba,2500,1,lift the bottle and put it down on the plate,19,True,141,action_history_mamba_pe_ae_handoff,sha256:d81fe52fddb6e4d4f03c9a3536c302b403b4c50e6be672639bf758db49c1e8bb,42,10001
futuremamba,2500,2,lift the bowl and place it back on the plate 3 times,0,True,376,action_history_mamba_pe_ae_handoff,sha256:8e36351b3bd2fc6b6edff07614501d8935a4fb736e168a6c4cb27ccf6e1e2e1f,42,10001
futuremamba,2500,2,lift the bowl and place it back on the plate 3 times,1,True,267,action_history_mamba_pe_ae_handoff,sha256:8e36351b3bd2fc6b6edff07614501d8935a4fb736e168a6c4cb27ccf6e1e2e1f,42,10001
futuremamba,2500,2,lift the bowl and place it back on the plate 3 times,2,True,283,action_history_mamba_pe_ae_handoff,sha256:8e36351b3bd2fc6b6edff07614501d8935a4fb736e168a6c4cb27ccf6e1e2e1f,42,10001
futuremamba,2500,2,lift the bowl and place it back on the plate 3 times,3,True,238,action_history_mamba_pe_ae_handoff,sha256:8e36351b3bd2fc6b6edff07614501d8935a4fb736e168a6c4cb27ccf6e1e2e1f,42,10001
futuremamba,2500,2,lift the bowl and place it back on the plate 3 times,4,True,270,action_history_mamba_pe_ae_handoff,sha256:8e36351b3bd2fc6b6edff07614501d8935a4fb736e168a6c4cb27ccf6e1e2e1f,42,10001
futuremamba,2500,2,lift the bowl and place it back on the plate 3 times,5,True,285,action_history_mamba_pe_ae_handoff,sha256:8e36351b3bd2fc6b6edff07614501d8935a4fb736e168a6c4cb27ccf6e1e2e1f,42,10001
futuremamba,2500,2,lift the bowl and place it back on the plate 3 times,6,True,266,action_history_mamba_pe_ae_handoff,sha256:8e36351b3bd2fc6b6edff07614501d8935a4fb736e168a6c4cb27ccf6e1e2e1f,42,10001
futuremamba,2500,2,lift the bowl and place it back on the plate 3 times,7,True,259,action_history_mamba_pe_ae_handoff,sha256:8e36351b3bd2fc6b6edff07614501d8935a4fb736e168a6c4cb27ccf6e1e2e1f,42,10001
futuremamba,2500,2,lift the bowl and place it back on the plate 3 times,8,True,257,action_history_mamba_pe_ae_handoff,sha256:8e36351b3bd2fc6b6edff07614501d8935a4fb736e168a6c4cb27ccf6e1e2e1f,42,10001
futuremamba,2500,2,lift the bowl and place it back on the plate 3 times,9,True,277,action_history_mamba_pe_ae_handoff,sha256:8e36351b3bd2fc6b6edff07614501d8935a4fb736e168a6c4cb27ccf6e1e2e1f,42,10001
futuremamba,2500,2,lift the bowl and place it back on the plate 3 times,10,True,281,action_history_mamba_pe_ae_handoff,sha256:8e36351b3bd2fc6b6edff07614501d8935a4fb736e168a6c4cb27ccf6e1e2e1f,42,10001
futuremamba,2500,2,lift the bowl and place it back on the plate 3 times,11,True,368,action_history_mamba_pe_ae_handoff,sha256:8e36351b3bd2fc6b6edff07614501d8935a4fb736e168a6c4cb27ccf6e1e2e1f,42,10001
futuremamba,2500,2,lift the bowl and place it back on the plate 3 times,12,True,292,action_history_mamba_pe_ae_handoff,sha256:8e36351b3bd2fc6b6edff07614501d8935a4fb736e168a6c4cb27ccf6e1e2e1f,42,10001
futuremamba,2500,2,lift the bowl and place it back on the plate 3 times,13,True,287,action_history_mamba_pe_ae_handoff,sha256:8e36351b3bd2fc6b6edff07614501d8935a4fb736e168a6c4cb27ccf6e1e2e1f,42,10001
futuremamba,2500,2,lift the bowl and place it back on the plate 3 times,14,True,257,action_history_mamba_pe_ae_handoff,sha256:8e36351b3bd2fc6b6edff07614501d8935a4fb736e168a6c4cb27ccf6e1e2e1f,42,10001
futuremamba,2500,2,lift the bowl and place it back on the plate 3 times,15,True,292,action_history_mamba_pe_ae_handoff,sha256:8e36351b3bd2fc6b6edff07614501d8935a4fb736e168a6c4cb27ccf6e1e2e1f,42,10001
futuremamba,2500,2,lift the bowl and place it back on the plate 3 times,16,True,266,action_history_mamba_pe_ae_handoff,sha256:8e36351b3bd2fc6b6edff07614501d8935a4fb736e168a6c4cb27ccf6e1e2e1f,42,10001
futuremamba,2500,2,lift the bowl and place it back on the plate 3 times,17,True,305,action_history_mamba_pe_ae_handoff,sha256:8e36351b3bd2fc6b6edff07614501d8935a4fb736e168a6c4cb27ccf6e1e2e1f,42,10001
futuremamba,2500,2,lift the bowl and place it back on the plate 3 times,18,True,295,action_history_mamba_pe_ae_handoff,sha256:8e36351b3bd2fc6b6edff07614501d8935a4fb736e168a6c4cb27ccf6e1e2e1f,42,10001
futuremamba,2500,2,lift the bowl and place it back on the plate 3 times,19,True,262,action_history_mamba_pe_ae_handoff,sha256:8e36351b3bd2fc6b6edff07614501d8935a4fb736e168a6c4cb27ccf6e1e2e1f,42,10001
futuremamba,2500,3,pick up the bottle and put it down the plate 3 times,0,True,404,action_history_mamba_pe_ae_handoff,sha256:e9f7abcf08e878dea3bfea8fe88495fcba8ce3c45d44251e377725191fb9ca7c,42,10001
futuremamba,2500,3,pick up the bottle and put it down the plate 3 times,1,True,332,action_history_mamba_pe_ae_handoff,sha256:e9f7abcf08e878dea3bfea8fe88495fcba8ce3c45d44251e377725191fb9ca7c,42,10001
futuremamba,2500,3,pick up the bottle and put it down the plate 3 times,2,True,233,action_history_mamba_pe_ae_handoff,sha256:e9f7abcf08e878dea3bfea8fe88495fcba8ce3c45d44251e377725191fb9ca7c,42,10001
futuremamba,2500,3,pick up the bottle and put it down the plate 3 times,3,True,270,action_history_mamba_pe_ae_handoff,sha256:e9f7abcf08e878dea3bfea8fe88495fcba8ce3c45d44251e377725191fb9ca7c,42,10001
futuremamba,2500,3,pick up the bottle and put it down the plate 3 times,4,True,324,action_history_mamba_pe_ae_handoff,sha256:e9f7abcf08e878dea3bfea8fe88495fcba8ce3c45d44251e377725191fb9ca7c,42,10001
futuremamba,2500,3,pick up the bottle and put it down the plate 3 times,5,True,262,action_history_mamba_pe_ae_handoff,sha256:e9f7abcf08e878dea3bfea8fe88495fcba8ce3c45d44251e377725191fb9ca7c,42,10001
futuremamba,2500,3,pick up the bottle and put it down the plate 3 times,6,True,239,action_history_mamba_pe_ae_handoff,sha256:e9f7abcf08e878dea3bfea8fe88495fcba8ce3c45d44251e377725191fb9ca7c,42,10001
futuremamba,2500,3,pick up the bottle and put it down the plate 3 times,7,True,295,action_history_mamba_pe_ae_handoff,sha256:e9f7abcf08e878dea3bfea8fe88495fcba8ce3c45d44251e377725191fb9ca7c,42,10001
futuremamba,2500,3,pick up the bottle and put it down the plate 3 times,8,False,600,action_history_mamba_pe_ae_handoff,sha256:e9f7abcf08e878dea3bfea8fe88495fcba8ce3c45d44251e377725191fb9ca7c,42,10001
futuremamba,2500,3,pick up the bottle and put it down the plate 3 times,9,True,274,action_history_mamba_pe_ae_handoff,sha256:e9f7abcf08e878dea3bfea8fe88495fcba8ce3c45d44251e377725191fb9ca7c,42,10001
futuremamba,2500,3,pick up the bottle and put it down the plate 3 times,10,True,248,action_history_mamba_pe_ae_handoff,sha256:e9f7abcf08e878dea3bfea8fe88495fcba8ce3c45d44251e377725191fb9ca7c,42,10001
futuremamba,2500,3,pick up the bottle and put it down the plate 3 times,11,True,253,action_history_mamba_pe_ae_handoff,sha256:e9f7abcf08e878dea3bfea8fe88495fcba8ce3c45d44251e377725191fb9ca7c,42,10001
futuremamba,2500,3,pick up the bottle and put it down the plate 3 times,12,True,319,action_history_mamba_pe_ae_handoff,sha256:e9f7abcf08e878dea3bfea8fe88495fcba8ce3c45d44251e377725191fb9ca7c,42,10001
futuremamba,2500,3,pick up the bottle and put it down the plate 3 times,13,True,389,action_history_mamba_pe_ae_handoff,sha256:e9f7abcf08e878dea3bfea8fe88495fcba8ce3c45d44251e377725191fb9ca7c,42,10001
futuremamba,2500,3,pick up the bottle and put it down the plate 3 times,14,True,317,action_history_mamba_pe_ae_handoff,sha256:e9f7abcf08e878dea3bfea8fe88495fcba8ce3c45d44251e377725191fb9ca7c,42,10001
futuremamba,2500,3,pick up the bottle and put it down the plate 3 times,15,True,401,action_history_mamba_pe_ae_handoff,sha256:e9f7abcf08e878dea3bfea8fe88495fcba8ce3c45d44251e377725191fb9ca7c,42,10001
futuremamba,2500,3,pick up the bottle and put it down the plate 3 times,16,True,252,action_history_mamba_pe_ae_handoff,sha256:e9f7abcf08e878dea3bfea8fe88495fcba8ce3c45d44251e377725191fb9ca7c,42,10001
futuremamba,2500,3,pick up the bottle and put it down the plate 3 times,17,True,232,action_history_mamba_pe_ae_handoff,sha256:e9f7abcf08e878dea3bfea8fe88495fcba8ce3c45d44251e377725191fb9ca7c,42,10001
futuremamba,2500,3,pick up the bottle and put it down the plate 3 times,18,True,244,action_history_mamba_pe_ae_handoff,sha256:e9f7abcf08e878dea3bfea8fe88495fcba8ce3c45d44251e377725191fb9ca7c,42,10001
futuremamba,2500,3,pick up the bottle and put it down the plate 3 times,19,True,356,action_history_mamba_pe_ae_handoff,sha256:e9f7abcf08e878dea3bfea8fe88495fcba8ce3c45d44251e377725191fb9ca7c,42,10001
futuremamba,2500,4,lift the bowl and place it back on the plate 5 times,0,True,359,action_history_mamba_pe_ae_handoff,sha256:73d1b3fa9f34ddf9fc4ae48fbd5aee5bfc9309aa2926c4507ea7e723805ba69c,42,10001
futuremamba,2500,4,lift the bowl and place it back on the plate 5 times,1,True,365,action_history_mamba_pe_ae_handoff,sha256:73d1b3fa9f34ddf9fc4ae48fbd5aee5bfc9309aa2926c4507ea7e723805ba69c,42,10001
futuremamba,2500,4,lift the bowl and place it back on the plate 5 times,2,True,369,action_history_mamba_pe_ae_handoff,sha256:73d1b3fa9f34ddf9fc4ae48fbd5aee5bfc9309aa2926c4507ea7e723805ba69c,42,10001
futuremamba,2500,4,lift the bowl and place it back on the plate 5 times,3,True,409,action_history_mamba_pe_ae_handoff,sha256:73d1b3fa9f34ddf9fc4ae48fbd5aee5bfc9309aa2926c4507ea7e723805ba69c,42,10001
futuremamba,2500,4,lift the bowl and place it back on the plate 5 times,4,True,363,action_history_mamba_pe_ae_handoff,sha256:73d1b3fa9f34ddf9fc4ae48fbd5aee5bfc9309aa2926c4507ea7e723805ba69c,42,10001
futuremamba,2500,4,lift the bowl and place it back on the plate 5 times,5,True,338,action_history_mamba_pe_ae_handoff,sha256:73d1b3fa9f34ddf9fc4ae48fbd5aee5bfc9309aa2926c4507ea7e723805ba69c,42,10001
futuremamba,2500,4,lift the bowl and place it back on the plate 5 times,6,True,377,action_history_mamba_pe_ae_handoff,sha256:73d1b3fa9f34ddf9fc4ae48fbd5aee5bfc9309aa2926c4507ea7e723805ba69c,42,10001
futuremamba,2500,4,lift the bowl and place it back on the plate 5 times,7,True,364,action_history_mamba_pe_ae_handoff,sha256:73d1b3fa9f34ddf9fc4ae48fbd5aee5bfc9309aa2926c4507ea7e723805ba69c,42,10001
futuremamba,2500,4,lift the bowl and place it back on the plate 5 times,8,True,333,action_history_mamba_pe_ae_handoff,sha256:73d1b3fa9f34ddf9fc4ae48fbd5aee5bfc9309aa2926c4507ea7e723805ba69c,42,10001
futuremamba,2500,4,lift the bowl and place it back on the plate 5 times,9,True,396,action_history_mamba_pe_ae_handoff,sha256:73d1b3fa9f34ddf9fc4ae48fbd5aee5bfc9309aa2926c4507ea7e723805ba69c,42,10001
futuremamba,2500,4,lift the bowl and place it back on the plate 5 times,10,True,380,action_history_mamba_pe_ae_handoff,sha256:73d1b3fa9f34ddf9fc4ae48fbd5aee5bfc9309aa2926c4507ea7e723805ba69c,42,10001
futuremamba,2500,4,lift the bowl and place it back on the plate 5 times,11,True,376,action_history_mamba_pe_ae_handoff,sha256:73d1b3fa9f34ddf9fc4ae48fbd5aee5bfc9309aa2926c4507ea7e723805ba69c,42,10001
futuremamba,2500,4,lift the bowl and place it back on the plate 5 times,12,True,360,action_history_mamba_pe_ae_handoff,sha256:73d1b3fa9f34ddf9fc4ae48fbd5aee5bfc9309aa2926c4507ea7e723805ba69c,42,10001
futuremamba,2500,4,lift the bowl and place it back on the plate 5 times,13,True,360,action_history_mamba_pe_ae_handoff,sha256:73d1b3fa9f34ddf9fc4ae48fbd5aee5bfc9309aa2926c4507ea7e723805ba69c,42,10001
futuremamba,2500,4,lift the bowl and place it back on the plate 5 times,14,True,419,action_history_mamba_pe_ae_handoff,sha256:73d1b3fa9f34ddf9fc4ae48fbd5aee5bfc9309aa2926c4507ea7e723805ba69c,42,10001
futuremamba,2500,4,lift the bowl and place it back on the plate 5 times,15,True,374,action_history_mamba_pe_ae_handoff,sha256:73d1b3fa9f34ddf9fc4ae48fbd5aee5bfc9309aa2926c4507ea7e723805ba69c,42,10001
futuremamba,2500,4,lift the bowl and place it back on the plate 5 times,16,True,397,action_history_mamba_pe_ae_handoff,sha256:73d1b3fa9f34ddf9fc4ae48fbd5aee5bfc9309aa2926c4507ea7e723805ba69c,42,10001
futuremamba,2500,4,lift the bowl and place it back on the plate 5 times,17,True,341,action_history_mamba_pe_ae_handoff,sha256:73d1b3fa9f34ddf9fc4ae48fbd5aee5bfc9309aa2926c4507ea7e723805ba69c,42,10001
futuremamba,2500,4,lift the bowl and place it back on the plate 5 times,18,True,352,action_history_mamba_pe_ae_handoff,sha256:73d1b3fa9f34ddf9fc4ae48fbd5aee5bfc9309aa2926c4507ea7e723805ba69c,42,10001
futuremamba,2500,4,lift the bowl and place it back on the plate 5 times,19,True,378,action_history_mamba_pe_ae_handoff,sha256:73d1b3fa9f34ddf9fc4ae48fbd5aee5bfc9309aa2926c4507ea7e723805ba69c,42,10001
futuremamba,2500,5,pick up the bowl and place it on the plate 7 times,0,True,557,action_history_mamba_pe_ae_handoff,sha256:1d037385240b75be565eb8cb95edc419509268a5c16432b09f53391ad9be2d15,42,10001
futuremamba,2500,5,pick up the bowl and place it on the plate 7 times,1,True,538,action_history_mamba_pe_ae_handoff,sha256:1d037385240b75be565eb8cb95edc419509268a5c16432b09f53391ad9be2d15,42,10001
futuremamba,2500,5,pick up the bowl and place it on the plate 7 times,2,False,600,action_history_mamba_pe_ae_handoff,sha256:1d037385240b75be565eb8cb95edc419509268a5c16432b09f53391ad9be2d15,42,10001
futuremamba,2500,5,pick up the bowl and place it on the plate 7 times,3,True,531,action_history_mamba_pe_ae_handoff,sha256:1d037385240b75be565eb8cb95edc419509268a5c16432b09f53391ad9be2d15,42,10001
futuremamba,2500,5,pick up the bowl and place it on the plate 7 times,4,False,600,action_history_mamba_pe_ae_handoff,sha256:1d037385240b75be565eb8cb95edc419509268a5c16432b09f53391ad9be2d15,42,10001
futuremamba,2500,5,pick up the bowl and place it on the plate 7 times,5,True,495,action_history_mamba_pe_ae_handoff,sha256:1d037385240b75be565eb8cb95edc419509268a5c16432b09f53391ad9be2d15,42,10001
futuremamba,2500,5,pick up the bowl and place it on the plate 7 times,6,True,578,action_history_mamba_pe_ae_handoff,sha256:1d037385240b75be565eb8cb95edc419509268a5c16432b09f53391ad9be2d15,42,10001
futuremamba,2500,5,pick up the bowl and place it on the plate 7 times,7,True,553,action_history_mamba_pe_ae_handoff,sha256:1d037385240b75be565eb8cb95edc419509268a5c16432b09f53391ad9be2d15,42,10001
futuremamba,2500,5,pick up the bowl and place it on the plate 7 times,8,True,539,action_history_mamba_pe_ae_handoff,sha256:1d037385240b75be565eb8cb95edc419509268a5c16432b09f53391ad9be2d15,42,10001
futuremamba,2500,5,pick up the bowl and place it on the plate 7 times,9,True,520,action_history_mamba_pe_ae_handoff,sha256:1d037385240b75be565eb8cb95edc419509268a5c16432b09f53391ad9be2d15,42,10001
futuremamba,2500,5,pick up the bowl and place it on the plate 7 times,10,True,543,action_history_mamba_pe_ae_handoff,sha256:1d037385240b75be565eb8cb95edc419509268a5c16432b09f53391ad9be2d15,42,10001
futuremamba,2500,5,pick up the bowl and place it on the plate 7 times,11,False,600,action_history_mamba_pe_ae_handoff,sha256:1d037385240b75be565eb8cb95edc419509268a5c16432b09f53391ad9be2d15,42,10001
futuremamba,2500,5,pick up the bowl and place it on the plate 7 times,12,True,585,action_history_mamba_pe_ae_handoff,sha256:1d037385240b75be565eb8cb95edc419509268a5c16432b09f53391ad9be2d15,42,10001
futuremamba,2500,5,pick up the bowl and place it on the plate 7 times,13,False,600,action_history_mamba_pe_ae_handoff,sha256:1d037385240b75be565eb8cb95edc419509268a5c16432b09f53391ad9be2d15,42,10001
futuremamba,2500,5,pick up the bowl and place it on the plate 7 times,14,False,600,action_history_mamba_pe_ae_handoff,sha256:1d037385240b75be565eb8cb95edc419509268a5c16432b09f53391ad9be2d15,42,10001
futuremamba,2500,5,pick up the bowl and place it on the plate 7 times,15,False,600,action_history_mamba_pe_ae_handoff,sha256:1d037385240b75be565eb8cb95edc419509268a5c16432b09f53391ad9be2d15,42,10001
futuremamba,2500,5,pick up the bowl and place it on the plate 7 times,16,True,595,action_history_mamba_pe_ae_handoff,sha256:1d037385240b75be565eb8cb95edc419509268a5c16432b09f53391ad9be2d15,42,10001
futuremamba,2500,5,pick up the bowl and place it on the plate 7 times,17,False,600,action_history_mamba_pe_ae_handoff,sha256:1d037385240b75be565eb8cb95edc419509268a5c16432b09f53391ad9be2d15,42,10001
futuremamba,2500,5,pick up the bowl and place it on the plate 7 times,18,True,561,action_history_mamba_pe_ae_handoff,sha256:1d037385240b75be565eb8cb95edc419509268a5c16432b09f53391ad9be2d15,42,10001
futuremamba,2500,5,pick up the bowl and place it on the plate 7 times,19,True,584,action_history_mamba_pe_ae_handoff,sha256:1d037385240b75be565eb8cb95edc419509268a5c16432b09f53391ad9be2d15,42,10001
futuremamba,2500,6,swap the 2 bowls on their plates using the empty plate,0,False,600,action_history_mamba_pe_ae_handoff,sha256:4a2c9fef306d70c64053d23bd25fca382c7644d64cd93692455768b8f5a2be3e,42,10001
futuremamba,2500,6,swap the 2 bowls on their plates using the empty plate,1,True,419,action_history_mamba_pe_ae_handoff,sha256:4a2c9fef306d70c64053d23bd25fca382c7644d64cd93692455768b8f5a2be3e,42,10001
futuremamba,2500,6,swap the 2 bowls on their plates using the empty plate,2,False,600,action_history_mamba_pe_ae_handoff,sha256:4a2c9fef306d70c64053d23bd25fca382c7644d64cd93692455768b8f5a2be3e,42,10001
futuremamba,2500,6,swap the 2 bowls on their plates using the empty plate,3,True,437,action_history_mamba_pe_ae_handoff,sha256:4a2c9fef306d70c64053d23bd25fca382c7644d64cd93692455768b8f5a2be3e,42,10001
futuremamba,2500,6,swap the 2 bowls on their plates using the empty plate,4,False,600,action_history_mamba_pe_ae_handoff,sha256:4a2c9fef306d70c64053d23bd25fca382c7644d64cd93692455768b8f5a2be3e,42,10001
futuremamba,2500,6,swap the 2 bowls on their plates using the empty plate,5,True,592,action_history_mamba_pe_ae_handoff,sha256:4a2c9fef306d70c64053d23bd25fca382c7644d64cd93692455768b8f5a2be3e,42,10001
futuremamba,2500,6,swap the 2 bowls on their plates using the empty plate,6,False,600,action_history_mamba_pe_ae_handoff,sha256:4a2c9fef306d70c64053d23bd25fca382c7644d64cd93692455768b8f5a2be3e,42,10001
futuremamba,2500,6,swap the 2 bowls on their plates using the empty plate,7,False,600,action_history_mamba_pe_ae_handoff,sha256:4a2c9fef306d70c64053d23bd25fca382c7644d64cd93692455768b8f5a2be3e,42,10001
futuremamba,2500,6,swap the 2 bowls on their plates using the empty plate,8,False,600,action_history_mamba_pe_ae_handoff,sha256:4a2c9fef306d70c64053d23bd25fca382c7644d64cd93692455768b8f5a2be3e,42,10001
futuremamba,2500,6,swap the 2 bowls on their plates using the empty plate,9,False,600,action_history_mamba_pe_ae_handoff,sha256:4a2c9fef306d70c64053d23bd25fca382c7644d64cd93692455768b8f5a2be3e,42,10001
futuremamba,2500,6,swap the 2 bowls on their plates using the empty plate,10,False,600,action_history_mamba_pe_ae_handoff,sha256:4a2c9fef306d70c64053d23bd25fca382c7644d64cd93692455768b8f5a2be3e,42,10001
futuremamba,2500,6,swap the 2 bowls on their plates using the empty plate,11,False,600,action_history_mamba_pe_ae_handoff,sha256:4a2c9fef306d70c64053d23bd25fca382c7644d64cd93692455768b8f5a2be3e,42,10001
futuremamba,2500,6,swap the 2 bowls on their plates using the empty plate,12,True,454,action_history_mamba_pe_ae_handoff,sha256:4a2c9fef306d70c64053d23bd25fca382c7644d64cd93692455768b8f5a2be3e,42,10001
futuremamba,2500,6,swap the 2 bowls on their plates using the empty plate,13,True,569,action_history_mamba_pe_ae_handoff,sha256:4a2c9fef306d70c64053d23bd25fca382c7644d64cd93692455768b8f5a2be3e,42,10001
futuremamba,2500,6,swap the 2 bowls on their plates using the empty plate,14,False,600,action_history_mamba_pe_ae_handoff,sha256:4a2c9fef306d70c64053d23bd25fca382c7644d64cd93692455768b8f5a2be3e,42,10001
futuremamba,2500,6,swap the 2 bowls on their plates using the empty plate,15,False,600,action_history_mamba_pe_ae_handoff,sha256:4a2c9fef306d70c64053d23bd25fca382c7644d64cd93692455768b8f5a2be3e,42,10001
futuremamba,2500,6,swap the 2 bowls on their plates using the empty plate,16,False,600,action_history_mamba_pe_ae_handoff,sha256:4a2c9fef306d70c64053d23bd25fca382c7644d64cd93692455768b8f5a2be3e,42,10001
futuremamba,2500,6,swap the 2 bowls on their plates using the empty plate,17,False,600,action_history_mamba_pe_ae_handoff,sha256:4a2c9fef306d70c64053d23bd25fca382c7644d64cd93692455768b8f5a2be3e,42,10001
futuremamba,2500,6,swap the 2 bowls on their plates using the empty plate,18,False,600,action_history_mamba_pe_ae_handoff,sha256:4a2c9fef306d70c64053d23bd25fca382c7644d64cd93692455768b8f5a2be3e,42,10001
futuremamba,2500,6,swap the 2 bowls on their plates using the empty plate,19,True,387,action_history_mamba_pe_ae_handoff,sha256:4a2c9fef306d70c64053d23bd25fca382c7644d64cd93692455768b8f5a2be3e,42,10001
futuremamba,2500,7,rotate the 3 bowls on their plates from left to right using the empty plate,0,False,600,action_history_mamba_pe_ae_handoff,sha256:b1471312d7a85186dd194e6290378a5e31a0c93e4f3f4b213c790f78a3112655,42,10001
futuremamba,2500,7,rotate the 3 bowls on their plates from left to right using the empty plate,1,True,505,action_history_mamba_pe_ae_handoff,sha256:b1471312d7a85186dd194e6290378a5e31a0c93e4f3f4b213c790f78a3112655,42,10001
futuremamba,2500,7,rotate the 3 bowls on their plates from left to right using the empty plate,2,False,600,action_history_mamba_pe_ae_handoff,sha256:b1471312d7a85186dd194e6290378a5e31a0c93e4f3f4b213c790f78a3112655,42,10001
futuremamba,2500,7,rotate the 3 bowls on their plates from left to right using the empty plate,3,False,600,action_history_mamba_pe_ae_handoff,sha256:b1471312d7a85186dd194e6290378a5e31a0c93e4f3f4b213c790f78a3112655,42,10001
futuremamba,2500,7,rotate the 3 bowls on their plates from left to right using the empty plate,4,False,600,action_history_mamba_pe_ae_handoff,sha256:b1471312d7a85186dd194e6290378a5e31a0c93e4f3f4b213c790f78a3112655,42,10001
futuremamba,2500,7,rotate the 3 bowls on their plates from left to right using the empty plate,5,True,592,action_history_mamba_pe_ae_handoff,sha256:b1471312d7a85186dd194e6290378a5e31a0c93e4f3f4b213c790f78a3112655,42,10001
futuremamba,2500,7,rotate the 3 bowls on their plates from left to right using the empty plate,6,False,600,action_history_mamba_pe_ae_handoff,sha256:b1471312d7a85186dd194e6290378a5e31a0c93e4f3f4b213c790f78a3112655,42,10001
futuremamba,2500,7,rotate the 3 bowls on their plates from left to right using the empty plate,7,True,556,action_history_mamba_pe_ae_handoff,sha256:b1471312d7a85186dd194e6290378a5e31a0c93e4f3f4b213c790f78a3112655,42,10001
futuremamba,2500,7,rotate the 3 bowls on their plates from left to right using the empty plate,8,True,551,action_history_mamba_pe_ae_handoff,sha256:b1471312d7a85186dd194e6290378a5e31a0c93e4f3f4b213c790f78a3112655,42,10001
futuremamba,2500,7,rotate the 3 bowls on their plates from left to right using the empty plate,9,True,503,action_history_mamba_pe_ae_handoff,sha256:b1471312d7a85186dd194e6290378a5e31a0c93e4f3f4b213c790f78a3112655,42,10001
futuremamba,2500,7,rotate the 3 bowls on their plates from left to right using the empty plate,10,True,513,action_history_mamba_pe_ae_handoff,sha256:b1471312d7a85186dd194e6290378a5e31a0c93e4f3f4b213c790f78a3112655,42,10001
futuremamba,2500,7,rotate the 3 bowls on their plates from left to right using the empty plate,11,True,489,action_history_mamba_pe_ae_handoff,sha256:b1471312d7a85186dd194e6290378a5e31a0c93e4f3f4b213c790f78a3112655,42,10001
futuremamba,2500,7,rotate the 3 bowls on their plates from left to right using the empty plate,12,True,526,action_history_mamba_pe_ae_handoff,sha256:b1471312d7a85186dd194e6290378a5e31a0c93e4f3f4b213c790f78a3112655,42,10001
futuremamba,2500,7,rotate the 3 bowls on their plates from left to right using the empty plate,13,True,512,action_history_mamba_pe_ae_handoff,sha256:b1471312d7a85186dd194e6290378a5e31a0c93e4f3f4b213c790f78a3112655,42,10001
futuremamba,2500,7,rotate the 3 bowls on their plates from left to right using the empty plate,14,False,600,action_history_mamba_pe_ae_handoff,sha256:b1471312d7a85186dd194e6290378a5e31a0c93e4f3f4b213c790f78a3112655,42,10001
futuremamba,2500,7,rotate the 3 bowls on their plates from left to right using the empty plate,15,False,600,action_history_mamba_pe_ae_handoff,sha256:b1471312d7a85186dd194e6290378a5e31a0c93e4f3f4b213c790f78a3112655,42,10001
futuremamba,2500,7,rotate the 3 bowls on their plates from left to right using the empty plate,16,True,466,action_history_mamba_pe_ae_handoff,sha256:b1471312d7a85186dd194e6290378a5e31a0c93e4f3f4b213c790f78a3112655,42,10001
futuremamba,2500,7,rotate the 3 bowls on their plates from left to right using the empty plate,17,False,600,action_history_mamba_pe_ae_handoff,sha256:b1471312d7a85186dd194e6290378a5e31a0c93e4f3f4b213c790f78a3112655,42,10001
futuremamba,2500,7,rotate the 3 bowls on their plates from left to right using the empty plate,18,False,600,action_history_mamba_pe_ae_handoff,sha256:b1471312d7a85186dd194e6290378a5e31a0c93e4f3f4b213c790f78a3112655,42,10001
futuremamba,2500,7,rotate the 3 bowls on their plates from left to right using the empty plate,19,False,600,action_history_mamba_pe_ae_handoff,sha256:b1471312d7a85186dd194e6290378a5e31a0c93e4f3f4b213c790f78a3112655,42,10001
futuremamba,2500,8,put the cream cheese in the nearest basket and place that basket in the center,0,True,389,action_history_mamba_pe_ae_handoff,sha256:fc5e3fc80e32fb1c386f75ed5d17ef2a01ab3470a208f6b64e67477e20f9d742,42,10001
futuremamba,2500,8,put the cream cheese in the nearest basket and place that basket in the center,1,True,275,action_history_mamba_pe_ae_handoff,sha256:fc5e3fc80e32fb1c386f75ed5d17ef2a01ab3470a208f6b64e67477e20f9d742,42,10001
futuremamba,2500,8,put the cream cheese in the nearest basket and place that basket in the center,2,True,280,action_history_mamba_pe_ae_handoff,sha256:fc5e3fc80e32fb1c386f75ed5d17ef2a01ab3470a208f6b64e67477e20f9d742,42,10001
futuremamba,2500,8,put the cream cheese in the nearest basket and place that basket in the center,3,True,292,action_history_mamba_pe_ae_handoff,sha256:fc5e3fc80e32fb1c386f75ed5d17ef2a01ab3470a208f6b64e67477e20f9d742,42,10001
futuremamba,2500,8,put the cream cheese in the nearest basket and place that basket in the center,4,True,291,action_history_mamba_pe_ae_handoff,sha256:fc5e3fc80e32fb1c386f75ed5d17ef2a01ab3470a208f6b64e67477e20f9d742,42,10001
futuremamba,2500,8,put the cream cheese in the nearest basket and place that basket in the center,5,True,294,action_history_mamba_pe_ae_handoff,sha256:fc5e3fc80e32fb1c386f75ed5d17ef2a01ab3470a208f6b64e67477e20f9d742,42,10001
futuremamba,2500,8,put the cream cheese in the nearest basket and place that basket in the center,6,True,301,action_history_mamba_pe_ae_handoff,sha256:fc5e3fc80e32fb1c386f75ed5d17ef2a01ab3470a208f6b64e67477e20f9d742,42,10001
futuremamba,2500,8,put the cream cheese in the nearest basket and place that basket in the center,7,True,304,action_history_mamba_pe_ae_handoff,sha256:fc5e3fc80e32fb1c386f75ed5d17ef2a01ab3470a208f6b64e67477e20f9d742,42,10001
futuremamba,2500,8,put the cream cheese in the nearest basket and place that basket in the center,8,True,285,action_history_mamba_pe_ae_handoff,sha256:fc5e3fc80e32fb1c386f75ed5d17ef2a01ab3470a208f6b64e67477e20f9d742,42,10001
futuremamba,2500,8,put the cream cheese in the nearest basket and place that basket in the center,9,True,346,action_history_mamba_pe_ae_handoff,sha256:fc5e3fc80e32fb1c386f75ed5d17ef2a01ab3470a208f6b64e67477e20f9d742,42,10001
futuremamba,2500,8,put the cream cheese in the nearest basket and place that basket in the center,10,True,294,action_history_mamba_pe_ae_handoff,sha256:fc5e3fc80e32fb1c386f75ed5d17ef2a01ab3470a208f6b64e67477e20f9d742,42,10001
futuremamba,2500,8,put the cream cheese in the nearest basket and place that basket in the center,11,True,278,action_history_mamba_pe_ae_handoff,sha256:fc5e3fc80e32fb1c386f75ed5d17ef2a01ab3470a208f6b64e67477e20f9d742,42,10001
futuremamba,2500,8,put the cream cheese in the nearest basket and place that basket in the center,12,True,302,action_history_mamba_pe_ae_handoff,sha256:fc5e3fc80e32fb1c386f75ed5d17ef2a01ab3470a208f6b64e67477e20f9d742,42,10001
futuremamba,2500,8,put the cream cheese in the nearest basket and place that basket in the center,13,True,302,action_history_mamba_pe_ae_handoff,sha256:fc5e3fc80e32fb1c386f75ed5d17ef2a01ab3470a208f6b64e67477e20f9d742,42,10001
futuremamba,2500,8,put the cream cheese in the nearest basket and place that basket in the center,14,True,293,action_history_mamba_pe_ae_handoff,sha256:fc5e3fc80e32fb1c386f75ed5d17ef2a01ab3470a208f6b64e67477e20f9d742,42,10001
futuremamba,2500,8,put the cream cheese in the nearest basket and place that basket in the center,15,True,291,action_history_mamba_pe_ae_handoff,sha256:fc5e3fc80e32fb1c386f75ed5d17ef2a01ab3470a208f6b64e67477e20f9d742,42,10001
futuremamba,2500,8,put the cream cheese in the nearest basket and place that basket in the center,16,True,287,action_history_mamba_pe_ae_handoff,sha256:fc5e3fc80e32fb1c386f75ed5d17ef2a01ab3470a208f6b64e67477e20f9d742,42,10001
futuremamba,2500,8,put the cream cheese in the nearest basket and place that basket in the center,17,True,301,action_history_mamba_pe_ae_handoff,sha256:fc5e3fc80e32fb1c386f75ed5d17ef2a01ab3470a208f6b64e67477e20f9d742,42,10001
futuremamba,2500,8,put the cream cheese in the nearest basket and place that basket in the center,18,True,280,action_history_mamba_pe_ae_handoff,sha256:fc5e3fc80e32fb1c386f75ed5d17ef2a01ab3470a208f6b64e67477e20f9d742,42,10001
futuremamba,2500,8,put the cream cheese in the nearest basket and place that basket in the center,19,True,293,action_history_mamba_pe_ae_handoff,sha256:fc5e3fc80e32fb1c386f75ed5d17ef2a01ab3470a208f6b64e67477e20f9d742,42,10001
futuremamba,2500,9,put the cream cheese in the nearest basket and place the empty basket in the center,0,True,292,action_history_mamba_pe_ae_handoff,sha256:777623a4421a3d70ec069cfb8202c704b53e49c96da2e3867abb3bb230cbacdf,42,10001
futuremamba,2500,9,put the cream cheese in the nearest basket and place the empty basket in the center,1,True,296,action_history_mamba_pe_ae_handoff,sha256:777623a4421a3d70ec069cfb8202c704b53e49c96da2e3867abb3bb230cbacdf,42,10001
futuremamba,2500,9,put the cream cheese in the nearest basket and place the empty basket in the center,2,True,281,action_history_mamba_pe_ae_handoff,sha256:777623a4421a3d70ec069cfb8202c704b53e49c96da2e3867abb3bb230cbacdf,42,10001
futuremamba,2500,9,put the cream cheese in the nearest basket and place the empty basket in the center,3,True,292,action_history_mamba_pe_ae_handoff,sha256:777623a4421a3d70ec069cfb8202c704b53e49c96da2e3867abb3bb230cbacdf,42,10001
futuremamba,2500,9,put the cream cheese in the nearest basket and place the empty basket in the center,4,True,378,action_history_mamba_pe_ae_handoff,sha256:777623a4421a3d70ec069cfb8202c704b53e49c96da2e3867abb3bb230cbacdf,42,10001
futuremamba,2500,9,put the cream cheese in the nearest basket and place the empty basket in the center,5,True,302,action_history_mamba_pe_ae_handoff,sha256:777623a4421a3d70ec069cfb8202c704b53e49c96da2e3867abb3bb230cbacdf,42,10001
futuremamba,2500,9,put the cream cheese in the nearest basket and place the empty basket in the center,6,True,275,action_history_mamba_pe_ae_handoff,sha256:777623a4421a3d70ec069cfb8202c704b53e49c96da2e3867abb3bb230cbacdf,42,10001
futuremamba,2500,9,put the cream cheese in the nearest basket and place the empty basket in the center,7,True,264,action_history_mamba_pe_ae_handoff,sha256:777623a4421a3d70ec069cfb8202c704b53e49c96da2e3867abb3bb230cbacdf,42,10001
futuremamba,2500,9,put the cream cheese in the nearest basket and place the empty basket in the center,8,True,283,action_history_mamba_pe_ae_handoff,sha256:777623a4421a3d70ec069cfb8202c704b53e49c96da2e3867abb3bb230cbacdf,42,10001
futuremamba,2500,9,put the cream cheese in the nearest basket and place the empty basket in the center,9,True,298,action_history_mamba_pe_ae_handoff,sha256:777623a4421a3d70ec069cfb8202c704b53e49c96da2e3867abb3bb230cbacdf,42,10001
futuremamba,2500,9,put the cream cheese in the nearest basket and place the empty basket in the center,10,True,277,action_history_mamba_pe_ae_handoff,sha256:777623a4421a3d70ec069cfb8202c704b53e49c96da2e3867abb3bb230cbacdf,42,10001
futuremamba,2500,9,put the cream cheese in the nearest basket and place the empty basket in the center,11,True,273,action_history_mamba_pe_ae_handoff,sha256:777623a4421a3d70ec069cfb8202c704b53e49c96da2e3867abb3bb230cbacdf,42,10001
futuremamba,2500,9,put the cream cheese in the nearest basket and place the empty basket in the center,12,True,271,action_history_mamba_pe_ae_handoff,sha256:777623a4421a3d70ec069cfb8202c704b53e49c96da2e3867abb3bb230cbacdf,42,10001
futuremamba,2500,9,put the cream cheese in the nearest basket and place the empty basket in the center,13,True,273,action_history_mamba_pe_ae_handoff,sha256:777623a4421a3d70ec069cfb8202c704b53e49c96da2e3867abb3bb230cbacdf,42,10001
futuremamba,2500,9,put the cream cheese in the nearest basket and place the empty basket in the center,14,True,280,action_history_mamba_pe_ae_handoff,sha256:777623a4421a3d70ec069cfb8202c704b53e49c96da2e3867abb3bb230cbacdf,42,10001
futuremamba,2500,9,put the cream cheese in the nearest basket and place the empty basket in the center,15,True,295,action_history_mamba_pe_ae_handoff,sha256:777623a4421a3d70ec069cfb8202c704b53e49c96da2e3867abb3bb230cbacdf,42,10001
futuremamba,2500,9,put the cream cheese in the nearest basket and place the empty basket in the center,16,True,276,action_history_mamba_pe_ae_handoff,sha256:777623a4421a3d70ec069cfb8202c704b53e49c96da2e3867abb3bb230cbacdf,42,10001
futuremamba,2500,9,put the cream cheese in the nearest basket and place the empty basket in the center,17,True,274,action_history_mamba_pe_ae_handoff,sha256:777623a4421a3d70ec069cfb8202c704b53e49c96da2e3867abb3bb230cbacdf,42,10001
futuremamba,2500,9,put the cream cheese in the nearest basket and place the empty basket in the center,18,True,283,action_history_mamba_pe_ae_handoff,sha256:777623a4421a3d70ec069cfb8202c704b53e49c96da2e3867abb3bb230cbacdf,42,10001
futuremamba,2500,9,put the cream cheese in the nearest basket and place the empty basket in the center,19,True,266,action_history_mamba_pe_ae_handoff,sha256:777623a4421a3d70ec069cfb8202c704b53e49c96da2e3867abb3bb230cbacdf,42,10001
futuremamba,3000,0,pick up the bowl and place it back on the plate,0,True,145,action_history_mamba_pe_ae_handoff,sha256:cf628987e20d6b867b7c804eb9ff612dd03321528b08e7c5b9d7fcf8af42f956,42,10001
futuremamba,3000,0,pick up the bowl and place it back on the plate,1,True,112,action_history_mamba_pe_ae_handoff,sha256:cf628987e20d6b867b7c804eb9ff612dd03321528b08e7c5b9d7fcf8af42f956,42,10001
futuremamba,3000,0,pick up the bowl and place it back on the plate,2,True,126,action_history_mamba_pe_ae_handoff,sha256:cf628987e20d6b867b7c804eb9ff612dd03321528b08e7c5b9d7fcf8af42f956,42,10001
futuremamba,3000,0,pick up the bowl and place it back on the plate,3,True,117,action_history_mamba_pe_ae_handoff,sha256:cf628987e20d6b867b7c804eb9ff612dd03321528b08e7c5b9d7fcf8af42f956,42,10001
futuremamba,3000,0,pick up the bowl and place it back on the plate,4,True,172,action_history_mamba_pe_ae_handoff,sha256:cf628987e20d6b867b7c804eb9ff612dd03321528b08e7c5b9d7fcf8af42f956,42,10001
futuremamba,3000,0,pick up the bowl and place it back on the plate,5,True,123,action_history_mamba_pe_ae_handoff,sha256:cf628987e20d6b867b7c804eb9ff612dd03321528b08e7c5b9d7fcf8af42f956,42,10001
futuremamba,3000,0,pick up the bowl and place it back on the plate,6,True,107,action_history_mamba_pe_ae_handoff,sha256:cf628987e20d6b867b7c804eb9ff612dd03321528b08e7c5b9d7fcf8af42f956,42,10001
futuremamba,3000,0,pick up the bowl and place it back on the plate,7,True,117,action_history_mamba_pe_ae_handoff,sha256:cf628987e20d6b867b7c804eb9ff612dd03321528b08e7c5b9d7fcf8af42f956,42,10001
futuremamba,3000,0,pick up the bowl and place it back on the plate,8,True,93,action_history_mamba_pe_ae_handoff,sha256:cf628987e20d6b867b7c804eb9ff612dd03321528b08e7c5b9d7fcf8af42f956,42,10001
futuremamba,3000,0,pick up the bowl and place it back on the plate,9,True,122,action_history_mamba_pe_ae_handoff,sha256:cf628987e20d6b867b7c804eb9ff612dd03321528b08e7c5b9d7fcf8af42f956,42,10001
futuremamba,3000,0,pick up the bowl and place it back on the plate,10,True,127,action_history_mamba_pe_ae_handoff,sha256:cf628987e20d6b867b7c804eb9ff612dd03321528b08e7c5b9d7fcf8af42f956,42,10001
futuremamba,3000,0,pick up the bowl and place it back on the plate,11,True,132,action_history_mamba_pe_ae_handoff,sha256:cf628987e20d6b867b7c804eb9ff612dd03321528b08e7c5b9d7fcf8af42f956,42,10001
futuremamba,3000,0,pick up the bowl and place it back on the plate,12,True,114,action_history_mamba_pe_ae_handoff,sha256:cf628987e20d6b867b7c804eb9ff612dd03321528b08e7c5b9d7fcf8af42f956,42,10001
futuremamba,3000,0,pick up the bowl and place it back on the plate,13,True,131,action_history_mamba_pe_ae_handoff,sha256:cf628987e20d6b867b7c804eb9ff612dd03321528b08e7c5b9d7fcf8af42f956,42,10001
futuremamba,3000,0,pick up the bowl and place it back on the plate,14,True,115,action_history_mamba_pe_ae_handoff,sha256:cf628987e20d6b867b7c804eb9ff612dd03321528b08e7c5b9d7fcf8af42f956,42,10001
futuremamba,3000,0,pick up the bowl and place it back on the plate,15,True,125,action_history_mamba_pe_ae_handoff,sha256:cf628987e20d6b867b7c804eb9ff612dd03321528b08e7c5b9d7fcf8af42f956,42,10001
futuremamba,3000,0,pick up the bowl and place it back on the plate,16,True,160,action_history_mamba_pe_ae_handoff,sha256:cf628987e20d6b867b7c804eb9ff612dd03321528b08e7c5b9d7fcf8af42f956,42,10001
futuremamba,3000,0,pick up the bowl and place it back on the plate,17,True,127,action_history_mamba_pe_ae_handoff,sha256:cf628987e20d6b867b7c804eb9ff612dd03321528b08e7c5b9d7fcf8af42f956,42,10001
futuremamba,3000,0,pick up the bowl and place it back on the plate,18,True,99,action_history_mamba_pe_ae_handoff,sha256:cf628987e20d6b867b7c804eb9ff612dd03321528b08e7c5b9d7fcf8af42f956,42,10001
futuremamba,3000,0,pick up the bowl and place it back on the plate,19,True,124,action_history_mamba_pe_ae_handoff,sha256:cf628987e20d6b867b7c804eb9ff612dd03321528b08e7c5b9d7fcf8af42f956,42,10001
futuremamba,3000,1,lift the bottle and put it down on the plate,0,True,254,action_history_mamba_pe_ae_handoff,sha256:28fc1d215ed87ab45b739205d3c695591ad49d3bf031db50f775bfd47286ec99,42,10001
futuremamba,3000,1,lift the bottle and put it down on the plate,1,True,98,action_history_mamba_pe_ae_handoff,sha256:28fc1d215ed87ab45b739205d3c695591ad49d3bf031db50f775bfd47286ec99,42,10001
futuremamba,3000,1,lift the bottle and put it down on the plate,2,True,127,action_history_mamba_pe_ae_handoff,sha256:28fc1d215ed87ab45b739205d3c695591ad49d3bf031db50f775bfd47286ec99,42,10001
futuremamba,3000,1,lift the bottle and put it down on the plate,3,True,207,action_history_mamba_pe_ae_handoff,sha256:28fc1d215ed87ab45b739205d3c695591ad49d3bf031db50f775bfd47286ec99,42,10001
futuremamba,3000,1,lift the bottle and put it down on the plate,4,True,207,action_history_mamba_pe_ae_handoff,sha256:28fc1d215ed87ab45b739205d3c695591ad49d3bf031db50f775bfd47286ec99,42,10001
futuremamba,3000,1,lift the bottle and put it down on the plate,5,True,112,action_history_mamba_pe_ae_handoff,sha256:28fc1d215ed87ab45b739205d3c695591ad49d3bf031db50f775bfd47286ec99,42,10001
futuremamba,3000,1,lift the bottle and put it down on the plate,6,True,119,action_history_mamba_pe_ae_handoff,sha256:28fc1d215ed87ab45b739205d3c695591ad49d3bf031db50f775bfd47286ec99,42,10001
futuremamba,3000,1,lift the bottle and put it down on the plate,7,True,149,action_history_mamba_pe_ae_handoff,sha256:28fc1d215ed87ab45b739205d3c695591ad49d3bf031db50f775bfd47286ec99,42,10001
futuremamba,3000,1,lift the bottle and put it down on the plate,8,True,125,action_history_mamba_pe_ae_handoff,sha256:28fc1d215ed87ab45b739205d3c695591ad49d3bf031db50f775bfd47286ec99,42,10001
futuremamba,3000,1,lift the bottle and put it down on the plate,9,True,123,action_history_mamba_pe_ae_handoff,sha256:28fc1d215ed87ab45b739205d3c695591ad49d3bf031db50f775bfd47286ec99,42,10001
futuremamba,3000,1,lift the bottle and put it down on the plate,10,True,189,action_history_mamba_pe_ae_handoff,sha256:28fc1d215ed87ab45b739205d3c695591ad49d3bf031db50f775bfd47286ec99,42,10001
futuremamba,3000,1,lift the bottle and put it down on the plate,11,True,217,action_history_mamba_pe_ae_handoff,sha256:28fc1d215ed87ab45b739205d3c695591ad49d3bf031db50f775bfd47286ec99,42,10001
futuremamba,3000,1,lift the bottle and put it down on the plate,12,True,127,action_history_mamba_pe_ae_handoff,sha256:28fc1d215ed87ab45b739205d3c695591ad49d3bf031db50f775bfd47286ec99,42,10001
futuremamba,3000,1,lift the bottle and put it down on the plate,13,True,109,action_history_mamba_pe_ae_handoff,sha256:28fc1d215ed87ab45b739205d3c695591ad49d3bf031db50f775bfd47286ec99,42,10001
futuremamba,3000,1,lift the bottle and put it down on the plate,14,True,129,action_history_mamba_pe_ae_handoff,sha256:28fc1d215ed87ab45b739205d3c695591ad49d3bf031db50f775bfd47286ec99,42,10001
futuremamba,3000,1,lift the bottle and put it down on the plate,15,True,96,action_history_mamba_pe_ae_handoff,sha256:28fc1d215ed87ab45b739205d3c695591ad49d3bf031db50f775bfd47286ec99,42,10001
futuremamba,3000,1,lift the bottle and put it down on the plate,16,True,117,action_history_mamba_pe_ae_handoff,sha256:28fc1d215ed87ab45b739205d3c695591ad49d3bf031db50f775bfd47286ec99,42,10001
futuremamba,3000,1,lift the bottle and put it down on the plate,17,True,107,action_history_mamba_pe_ae_handoff,sha256:28fc1d215ed87ab45b739205d3c695591ad49d3bf031db50f775bfd47286ec99,42,10001
futuremamba,3000,1,lift the bottle and put it down on the plate,18,True,122,action_history_mamba_pe_ae_handoff,sha256:28fc1d215ed87ab45b739205d3c695591ad49d3bf031db50f775bfd47286ec99,42,10001
futuremamba,3000,1,lift the bottle and put it down on the plate,19,True,127,action_history_mamba_pe_ae_handoff,sha256:28fc1d215ed87ab45b739205d3c695591ad49d3bf031db50f775bfd47286ec99,42,10001
futuremamba,3000,2,lift the bowl and place it back on the plate 3 times,0,True,251,action_history_mamba_pe_ae_handoff,sha256:8ca0faa91aebd5d5f260c934e77955e17b63a8a93e832fbb1339f1fa75171a54,42,10001
futuremamba,3000,2,lift the bowl and place it back on the plate 3 times,1,True,242,action_history_mamba_pe_ae_handoff,sha256:8ca0faa91aebd5d5f260c934e77955e17b63a8a93e832fbb1339f1fa75171a54,42,10001
futuremamba,3000,2,lift the bowl and place it back on the plate 3 times,2,True,264,action_history_mamba_pe_ae_handoff,sha256:8ca0faa91aebd5d5f260c934e77955e17b63a8a93e832fbb1339f1fa75171a54,42,10001
futuremamba,3000,2,lift the bowl and place it back on the plate 3 times,3,True,270,action_history_mamba_pe_ae_handoff,sha256:8ca0faa91aebd5d5f260c934e77955e17b63a8a93e832fbb1339f1fa75171a54,42,10001
futuremamba,3000,2,lift the bowl and place it back on the plate 3 times,4,True,265,action_history_mamba_pe_ae_handoff,sha256:8ca0faa91aebd5d5f260c934e77955e17b63a8a93e832fbb1339f1fa75171a54,42,10001
futuremamba,3000,2,lift the bowl and place it back on the plate 3 times,5,True,290,action_history_mamba_pe_ae_handoff,sha256:8ca0faa91aebd5d5f260c934e77955e17b63a8a93e832fbb1339f1fa75171a54,42,10001
futuremamba,3000,2,lift the bowl and place it back on the plate 3 times,6,True,242,action_history_mamba_pe_ae_handoff,sha256:8ca0faa91aebd5d5f260c934e77955e17b63a8a93e832fbb1339f1fa75171a54,42,10001
futuremamba,3000,2,lift the bowl and place it back on the plate 3 times,7,True,276,action_history_mamba_pe_ae_handoff,sha256:8ca0faa91aebd5d5f260c934e77955e17b63a8a93e832fbb1339f1fa75171a54,42,10001
futuremamba,3000,2,lift the bowl and place it back on the plate 3 times,8,True,309,action_history_mamba_pe_ae_handoff,sha256:8ca0faa91aebd5d5f260c934e77955e17b63a8a93e832fbb1339f1fa75171a54,42,10001
futuremamba,3000,2,lift the bowl and place it back on the plate 3 times,9,True,260,action_history_mamba_pe_ae_handoff,sha256:8ca0faa91aebd5d5f260c934e77955e17b63a8a93e832fbb1339f1fa75171a54,42,10001
futuremamba,3000,2,lift the bowl and place it back on the plate 3 times,10,True,303,action_history_mamba_pe_ae_handoff,sha256:8ca0faa91aebd5d5f260c934e77955e17b63a8a93e832fbb1339f1fa75171a54,42,10001
futuremamba,3000,2,lift the bowl and place it back on the plate 3 times,11,True,295,action_history_mamba_pe_ae_handoff,sha256:8ca0faa91aebd5d5f260c934e77955e17b63a8a93e832fbb1339f1fa75171a54,42,10001
futuremamba,3000,2,lift the bowl and place it back on the plate 3 times,12,True,251,action_history_mamba_pe_ae_handoff,sha256:8ca0faa91aebd5d5f260c934e77955e17b63a8a93e832fbb1339f1fa75171a54,42,10001
futuremamba,3000,2,lift the bowl and place it back on the plate 3 times,13,True,231,action_history_mamba_pe_ae_handoff,sha256:8ca0faa91aebd5d5f260c934e77955e17b63a8a93e832fbb1339f1fa75171a54,42,10001
futuremamba,3000,2,lift the bowl and place it back on the plate 3 times,14,True,246,action_history_mamba_pe_ae_handoff,sha256:8ca0faa91aebd5d5f260c934e77955e17b63a8a93e832fbb1339f1fa75171a54,42,10001
futuremamba,3000,2,lift the bowl and place it back on the plate 3 times,15,True,317,action_history_mamba_pe_ae_handoff,sha256:8ca0faa91aebd5d5f260c934e77955e17b63a8a93e832fbb1339f1fa75171a54,42,10001
futuremamba,3000,2,lift the bowl and place it back on the plate 3 times,16,True,343,action_history_mamba_pe_ae_handoff,sha256:8ca0faa91aebd5d5f260c934e77955e17b63a8a93e832fbb1339f1fa75171a54,42,10001
futuremamba,3000,2,lift the bowl and place it back on the plate 3 times,17,True,287,action_history_mamba_pe_ae_handoff,sha256:8ca0faa91aebd5d5f260c934e77955e17b63a8a93e832fbb1339f1fa75171a54,42,10001
futuremamba,3000,2,lift the bowl and place it back on the plate 3 times,18,True,279,action_history_mamba_pe_ae_handoff,sha256:8ca0faa91aebd5d5f260c934e77955e17b63a8a93e832fbb1339f1fa75171a54,42,10001
futuremamba,3000,2,lift the bowl and place it back on the plate 3 times,19,True,263,action_history_mamba_pe_ae_handoff,sha256:8ca0faa91aebd5d5f260c934e77955e17b63a8a93e832fbb1339f1fa75171a54,42,10001
futuremamba,3000,3,pick up the bottle and put it down the plate 3 times,0,True,289,action_history_mamba_pe_ae_handoff,sha256:8216532380952af76f89209ad303d3cf5cde804ec25cb22bcdcc87c831dd70b1,42,10001
futuremamba,3000,3,pick up the bottle and put it down the plate 3 times,1,True,248,action_history_mamba_pe_ae_handoff,sha256:8216532380952af76f89209ad303d3cf5cde804ec25cb22bcdcc87c831dd70b1,42,10001
futuremamba,3000,3,pick up the bottle and put it down the plate 3 times,2,True,239,action_history_mamba_pe_ae_handoff,sha256:8216532380952af76f89209ad303d3cf5cde804ec25cb22bcdcc87c831dd70b1,42,10001
futuremamba,3000,3,pick up the bottle and put it down the plate 3 times,3,True,250,action_history_mamba_pe_ae_handoff,sha256:8216532380952af76f89209ad303d3cf5cde804ec25cb22bcdcc87c831dd70b1,42,10001
futuremamba,3000,3,pick up the bottle and put it down the plate 3 times,4,True,288,action_history_mamba_pe_ae_handoff,sha256:8216532380952af76f89209ad303d3cf5cde804ec25cb22bcdcc87c831dd70b1,42,10001
futuremamba,3000,3,pick up the bottle and put it down the plate 3 times,5,True,275,action_history_mamba_pe_ae_handoff,sha256:8216532380952af76f89209ad303d3cf5cde804ec25cb22bcdcc87c831dd70b1,42,10001
futuremamba,3000,3,pick up the bottle and put it down the plate 3 times,6,True,235,action_history_mamba_pe_ae_handoff,sha256:8216532380952af76f89209ad303d3cf5cde804ec25cb22bcdcc87c831dd70b1,42,10001
futuremamba,3000,3,pick up the bottle and put it down the plate 3 times,7,True,250,action_history_mamba_pe_ae_handoff,sha256:8216532380952af76f89209ad303d3cf5cde804ec25cb22bcdcc87c831dd70b1,42,10001
futuremamba,3000,3,pick up the bottle and put it down the plate 3 times,8,True,257,action_history_mamba_pe_ae_handoff,sha256:8216532380952af76f89209ad303d3cf5cde804ec25cb22bcdcc87c831dd70b1,42,10001
futuremamba,3000,3,pick up the bottle and put it down the plate 3 times,9,True,252,action_history_mamba_pe_ae_handoff,sha256:8216532380952af76f89209ad303d3cf5cde804ec25cb22bcdcc87c831dd70b1,42,10001
futuremamba,3000,3,pick up the bottle and put it down the plate 3 times,10,True,304,action_history_mamba_pe_ae_handoff,sha256:8216532380952af76f89209ad303d3cf5cde804ec25cb22bcdcc87c831dd70b1,42,10001
futuremamba,3000,3,pick up the bottle and put it down the plate 3 times,11,True,325,action_history_mamba_pe_ae_handoff,sha256:8216532380952af76f89209ad303d3cf5cde804ec25cb22bcdcc87c831dd70b1,42,10001
futuremamba,3000,3,pick up the bottle and put it down the plate 3 times,12,True,271,action_history_mamba_pe_ae_handoff,sha256:8216532380952af76f89209ad303d3cf5cde804ec25cb22bcdcc87c831dd70b1,42,10001
futuremamba,3000,3,pick up the bottle and put it down the plate 3 times,13,True,459,action_history_mamba_pe_ae_handoff,sha256:8216532380952af76f89209ad303d3cf5cde804ec25cb22bcdcc87c831dd70b1,42,10001
futuremamba,3000,3,pick up the bottle and put it down the plate 3 times,14,True,373,action_history_mamba_pe_ae_handoff,sha256:8216532380952af76f89209ad303d3cf5cde804ec25cb22bcdcc87c831dd70b1,42,10001
futuremamba,3000,3,pick up the bottle and put it down the plate 3 times,15,True,231,action_history_mamba_pe_ae_handoff,sha256:8216532380952af76f89209ad303d3cf5cde804ec25cb22bcdcc87c831dd70b1,42,10001
futuremamba,3000,3,pick up the bottle and put it down the plate 3 times,16,True,237,action_history_mamba_pe_ae_handoff,sha256:8216532380952af76f89209ad303d3cf5cde804ec25cb22bcdcc87c831dd70b1,42,10001
futuremamba,3000,3,pick up the bottle and put it down the plate 3 times,17,True,235,action_history_mamba_pe_ae_handoff,sha256:8216532380952af76f89209ad303d3cf5cde804ec25cb22bcdcc87c831dd70b1,42,10001
futuremamba,3000,3,pick up the bottle and put it down the plate 3 times,18,True,274,action_history_mamba_pe_ae_handoff,sha256:8216532380952af76f89209ad303d3cf5cde804ec25cb22bcdcc87c831dd70b1,42,10001
futuremamba,3000,3,pick up the bottle and put it down the plate 3 times,19,True,325,action_history_mamba_pe_ae_handoff,sha256:8216532380952af76f89209ad303d3cf5cde804ec25cb22bcdcc87c831dd70b1,42,10001
futuremamba,3000,4,lift the bowl and place it back on the plate 5 times,0,True,333,action_history_mamba_pe_ae_handoff,sha256:a20d46fe11f59a7bcd7251c36c4d936b27bc8b8a71500aef3f5f581a3782fe8d,42,10001
futuremamba,3000,4,lift the bowl and place it back on the plate 5 times,1,True,299,action_history_mamba_pe_ae_handoff,sha256:a20d46fe11f59a7bcd7251c36c4d936b27bc8b8a71500aef3f5f581a3782fe8d,42,10001
futuremamba,3000,4,lift the bowl and place it back on the plate 5 times,2,True,334,action_history_mamba_pe_ae_handoff,sha256:a20d46fe11f59a7bcd7251c36c4d936b27bc8b8a71500aef3f5f581a3782fe8d,42,10001
futuremamba,3000,4,lift the bowl and place it back on the plate 5 times,3,True,338,action_history_mamba_pe_ae_handoff,sha256:a20d46fe11f59a7bcd7251c36c4d936b27bc8b8a71500aef3f5f581a3782fe8d,42,10001
futuremamba,3000,4,lift the bowl and place it back on the plate 5 times,4,True,351,action_history_mamba_pe_ae_handoff,sha256:a20d46fe11f59a7bcd7251c36c4d936b27bc8b8a71500aef3f5f581a3782fe8d,42,10001
futuremamba,3000,4,lift the bowl and place it back on the plate 5 times,5,True,381,action_history_mamba_pe_ae_handoff,sha256:a20d46fe11f59a7bcd7251c36c4d936b27bc8b8a71500aef3f5f581a3782fe8d,42,10001
futuremamba,3000,4,lift the bowl and place it back on the plate 5 times,6,True,343,action_history_mamba_pe_ae_handoff,sha256:a20d46fe11f59a7bcd7251c36c4d936b27bc8b8a71500aef3f5f581a3782fe8d,42,10001
futuremamba,3000,4,lift the bowl and place it back on the plate 5 times,7,True,357,action_history_mamba_pe_ae_handoff,sha256:a20d46fe11f59a7bcd7251c36c4d936b27bc8b8a71500aef3f5f581a3782fe8d,42,10001
futuremamba,3000,4,lift the bowl and place it back on the plate 5 times,8,True,528,action_history_mamba_pe_ae_handoff,sha256:a20d46fe11f59a7bcd7251c36c4d936b27bc8b8a71500aef3f5f581a3782fe8d,42,10001
futuremamba,3000,4,lift the bowl and place it back on the plate 5 times,9,True,417,action_history_mamba_pe_ae_handoff,sha256:a20d46fe11f59a7bcd7251c36c4d936b27bc8b8a71500aef3f5f581a3782fe8d,42,10001
futuremamba,3000,4,lift the bowl and place it back on the plate 5 times,10,True,394,action_history_mamba_pe_ae_handoff,sha256:a20d46fe11f59a7bcd7251c36c4d936b27bc8b8a71500aef3f5f581a3782fe8d,42,10001
futuremamba,3000,4,lift the bowl and place it back on the plate 5 times,11,True,407,action_history_mamba_pe_ae_handoff,sha256:a20d46fe11f59a7bcd7251c36c4d936b27bc8b8a71500aef3f5f581a3782fe8d,42,10001
futuremamba,3000,4,lift the bowl and place it back on the plate 5 times,12,True,372,action_history_mamba_pe_ae_handoff,sha256:a20d46fe11f59a7bcd7251c36c4d936b27bc8b8a71500aef3f5f581a3782fe8d,42,10001
futuremamba,3000,4,lift the bowl and place it back on the plate 5 times,13,True,333,action_history_mamba_pe_ae_handoff,sha256:a20d46fe11f59a7bcd7251c36c4d936b27bc8b8a71500aef3f5f581a3782fe8d,42,10001
futuremamba,3000,4,lift the bowl and place it back on the plate 5 times,14,True,440,action_history_mamba_pe_ae_handoff,sha256:a20d46fe11f59a7bcd7251c36c4d936b27bc8b8a71500aef3f5f581a3782fe8d,42,10001
futuremamba,3000,4,lift the bowl and place it back on the plate 5 times,15,True,399,action_history_mamba_pe_ae_handoff,sha256:a20d46fe11f59a7bcd7251c36c4d936b27bc8b8a71500aef3f5f581a3782fe8d,42,10001
futuremamba,3000,4,lift the bowl and place it back on the plate 5 times,16,True,397,action_history_mamba_pe_ae_handoff,sha256:a20d46fe11f59a7bcd7251c36c4d936b27bc8b8a71500aef3f5f581a3782fe8d,42,10001
futuremamba,3000,4,lift the bowl and place it back on the plate 5 times,17,True,390,action_history_mamba_pe_ae_handoff,sha256:a20d46fe11f59a7bcd7251c36c4d936b27bc8b8a71500aef3f5f581a3782fe8d,42,10001
futuremamba,3000,4,lift the bowl and place it back on the plate 5 times,18,True,339,action_history_mamba_pe_ae_handoff,sha256:a20d46fe11f59a7bcd7251c36c4d936b27bc8b8a71500aef3f5f581a3782fe8d,42,10001
futuremamba,3000,4,lift the bowl and place it back on the plate 5 times,19,True,374,action_history_mamba_pe_ae_handoff,sha256:a20d46fe11f59a7bcd7251c36c4d936b27bc8b8a71500aef3f5f581a3782fe8d,42,10001
futuremamba,3000,5,pick up the bowl and place it on the plate 7 times,0,True,512,action_history_mamba_pe_ae_handoff,sha256:8f2bdccc458b044f3cf2e3f7455970a45fcea71adff1e3f8926e2e2d7932bbd3,42,10001
futuremamba,3000,5,pick up the bowl and place it on the plate 7 times,1,True,563,action_history_mamba_pe_ae_handoff,sha256:8f2bdccc458b044f3cf2e3f7455970a45fcea71adff1e3f8926e2e2d7932bbd3,42,10001
futuremamba,3000,5,pick up the bowl and place it on the plate 7 times,2,True,523,action_history_mamba_pe_ae_handoff,sha256:8f2bdccc458b044f3cf2e3f7455970a45fcea71adff1e3f8926e2e2d7932bbd3,42,10001
futuremamba,3000,5,pick up the bowl and place it on the plate 7 times,3,True,573,action_history_mamba_pe_ae_handoff,sha256:8f2bdccc458b044f3cf2e3f7455970a45fcea71adff1e3f8926e2e2d7932bbd3,42,10001
futuremamba,3000,5,pick up the bowl and place it on the plate 7 times,4,False,600,action_history_mamba_pe_ae_handoff,sha256:8f2bdccc458b044f3cf2e3f7455970a45fcea71adff1e3f8926e2e2d7932bbd3,42,10001
futuremamba,3000,5,pick up the bowl and place it on the plate 7 times,5,True,512,action_history_mamba_pe_ae_handoff,sha256:8f2bdccc458b044f3cf2e3f7455970a45fcea71adff1e3f8926e2e2d7932bbd3,42,10001
futuremamba,3000,5,pick up the bowl and place it on the plate 7 times,6,True,511,action_history_mamba_pe_ae_handoff,sha256:8f2bdccc458b044f3cf2e3f7455970a45fcea71adff1e3f8926e2e2d7932bbd3,42,10001
futuremamba,3000,5,pick up the bowl and place it on the plate 7 times,7,True,549,action_history_mamba_pe_ae_handoff,sha256:8f2bdccc458b044f3cf2e3f7455970a45fcea71adff1e3f8926e2e2d7932bbd3,42,10001
futuremamba,3000,5,pick up the bowl and place it on the plate 7 times,8,True,569,action_history_mamba_pe_ae_handoff,sha256:8f2bdccc458b044f3cf2e3f7455970a45fcea71adff1e3f8926e2e2d7932bbd3,42,10001
futuremamba,3000,5,pick up the bowl and place it on the plate 7 times,9,True,559,action_history_mamba_pe_ae_handoff,sha256:8f2bdccc458b044f3cf2e3f7455970a45fcea71adff1e3f8926e2e2d7932bbd3,42,10001
futuremamba,3000,5,pick up the bowl and place it on the plate 7 times,10,True,576,action_history_mamba_pe_ae_handoff,sha256:8f2bdccc458b044f3cf2e3f7455970a45fcea71adff1e3f8926e2e2d7932bbd3,42,10001
futuremamba,3000,5,pick up the bowl and place it on the plate 7 times,11,False,600,action_history_mamba_pe_ae_handoff,sha256:8f2bdccc458b044f3cf2e3f7455970a45fcea71adff1e3f8926e2e2d7932bbd3,42,10001
futuremamba,3000,5,pick up the bowl and place it on the plate 7 times,12,True,585,action_history_mamba_pe_ae_handoff,sha256:8f2bdccc458b044f3cf2e3f7455970a45fcea71adff1e3f8926e2e2d7932bbd3,42,10001
futuremamba,3000,5,pick up the bowl and place it on the plate 7 times,13,True,514,action_history_mamba_pe_ae_handoff,sha256:8f2bdccc458b044f3cf2e3f7455970a45fcea71adff1e3f8926e2e2d7932bbd3,42,10001
futuremamba,3000,5,pick up the bowl and place it on the plate 7 times,14,False,600,action_history_mamba_pe_ae_handoff,sha256:8f2bdccc458b044f3cf2e3f7455970a45fcea71adff1e3f8926e2e2d7932bbd3,42,10001
futuremamba,3000,5,pick up the bowl and place it on the plate 7 times,15,False,600,action_history_mamba_pe_ae_handoff,sha256:8f2bdccc458b044f3cf2e3f7455970a45fcea71adff1e3f8926e2e2d7932bbd3,42,10001
futuremamba,3000,5,pick up the bowl and place it on the plate 7 times,16,False,600,action_history_mamba_pe_ae_handoff,sha256:8f2bdccc458b044f3cf2e3f7455970a45fcea71adff1e3f8926e2e2d7932bbd3,42,10001
futuremamba,3000,5,pick up the bowl and place it on the plate 7 times,17,True,583,action_history_mamba_pe_ae_handoff,sha256:8f2bdccc458b044f3cf2e3f7455970a45fcea71adff1e3f8926e2e2d7932bbd3,42,10001
futuremamba,3000,5,pick up the bowl and place it on the plate 7 times,18,True,502,action_history_mamba_pe_ae_handoff,sha256:8f2bdccc458b044f3cf2e3f7455970a45fcea71adff1e3f8926e2e2d7932bbd3,42,10001
futuremamba,3000,5,pick up the bowl and place it on the plate 7 times,19,True,531,action_history_mamba_pe_ae_handoff,sha256:8f2bdccc458b044f3cf2e3f7455970a45fcea71adff1e3f8926e2e2d7932bbd3,42,10001
futuremamba,3000,6,swap the 2 bowls on their plates using the empty plate,0,False,600,action_history_mamba_pe_ae_handoff,sha256:2e75005ba36bc6d71bb1f225274a558111738aa87a7390b327003f9b36bd7f34,42,10001
futuremamba,3000,6,swap the 2 bowls on their plates using the empty plate,1,False,600,action_history_mamba_pe_ae_handoff,sha256:2e75005ba36bc6d71bb1f225274a558111738aa87a7390b327003f9b36bd7f34,42,10001
futuremamba,3000,6,swap the 2 bowls on their plates using the empty plate,2,False,600,action_history_mamba_pe_ae_handoff,sha256:2e75005ba36bc6d71bb1f225274a558111738aa87a7390b327003f9b36bd7f34,42,10001
futuremamba,3000,6,swap the 2 bowls on their plates using the empty plate,3,False,600,action_history_mamba_pe_ae_handoff,sha256:2e75005ba36bc6d71bb1f225274a558111738aa87a7390b327003f9b36bd7f34,42,10001
futuremamba,3000,6,swap the 2 bowls on their plates using the empty plate,4,True,358,action_history_mamba_pe_ae_handoff,sha256:2e75005ba36bc6d71bb1f225274a558111738aa87a7390b327003f9b36bd7f34,42,10001
futuremamba,3000,6,swap the 2 bowls on their plates using the empty plate,5,False,600,action_history_mamba_pe_ae_handoff,sha256:2e75005ba36bc6d71bb1f225274a558111738aa87a7390b327003f9b36bd7f34,42,10001
futuremamba,3000,6,swap the 2 bowls on their plates using the empty plate,6,False,600,action_history_mamba_pe_ae_handoff,sha256:2e75005ba36bc6d71bb1f225274a558111738aa87a7390b327003f9b36bd7f34,42,10001
futuremamba,3000,6,swap the 2 bowls on their plates using the empty plate,7,False,600,action_history_mamba_pe_ae_handoff,sha256:2e75005ba36bc6d71bb1f225274a558111738aa87a7390b327003f9b36bd7f34,42,10001
futuremamba,3000,6,swap the 2 bowls on their plates using the empty plate,8,True,514,action_history_mamba_pe_ae_handoff,sha256:2e75005ba36bc6d71bb1f225274a558111738aa87a7390b327003f9b36bd7f34,42,10001
futuremamba,3000,6,swap the 2 bowls on their plates using the empty plate,9,True,481,action_history_mamba_pe_ae_handoff,sha256:2e75005ba36bc6d71bb1f225274a558111738aa87a7390b327003f9b36bd7f34,42,10001
futuremamba,3000,6,swap the 2 bowls on their plates using the empty plate,10,True,321,action_history_mamba_pe_ae_handoff,sha256:2e75005ba36bc6d71bb1f225274a558111738aa87a7390b327003f9b36bd7f34,42,10001
futuremamba,3000,6,swap the 2 bowls on their plates using the empty plate,11,False,600,action_history_mamba_pe_ae_handoff,sha256:2e75005ba36bc6d71bb1f225274a558111738aa87a7390b327003f9b36bd7f34,42,10001
futuremamba,3000,6,swap the 2 bowls on their plates using the empty plate,12,False,600,action_history_mamba_pe_ae_handoff,sha256:2e75005ba36bc6d71bb1f225274a558111738aa87a7390b327003f9b36bd7f34,42,10001
futuremamba,3000,6,swap the 2 bowls on their plates using the empty plate,13,False,600,action_history_mamba_pe_ae_handoff,sha256:2e75005ba36bc6d71bb1f225274a558111738aa87a7390b327003f9b36bd7f34,42,10001
futuremamba,3000,6,swap the 2 bowls on their plates using the empty plate,14,False,600,action_history_mamba_pe_ae_handoff,sha256:2e75005ba36bc6d71bb1f225274a558111738aa87a7390b327003f9b36bd7f34,42,10001
futuremamba,3000,6,swap the 2 bowls on their plates using the empty plate,15,True,437,action_history_mamba_pe_ae_handoff,sha256:2e75005ba36bc6d71bb1f225274a558111738aa87a7390b327003f9b36bd7f34,42,10001
futuremamba,3000,6,swap the 2 bowls on their plates using the empty plate,16,False,600,action_history_mamba_pe_ae_handoff,sha256:2e75005ba36bc6d71bb1f225274a558111738aa87a7390b327003f9b36bd7f34,42,10001
futuremamba,3000,6,swap the 2 bowls on their plates using the empty plate,17,False,600,action_history_mamba_pe_ae_handoff,sha256:2e75005ba36bc6d71bb1f225274a558111738aa87a7390b327003f9b36bd7f34,42,10001
futuremamba,3000,6,swap the 2 bowls on their plates using the empty plate,18,False,600,action_history_mamba_pe_ae_handoff,sha256:2e75005ba36bc6d71bb1f225274a558111738aa87a7390b327003f9b36bd7f34,42,10001
futuremamba,3000,6,swap the 2 bowls on their plates using the empty plate,19,True,390,action_history_mamba_pe_ae_handoff,sha256:2e75005ba36bc6d71bb1f225274a558111738aa87a7390b327003f9b36bd7f34,42,10001
futuremamba,3000,7,rotate the 3 bowls on their plates from left to right using the empty plate,0,False,600,action_history_mamba_pe_ae_handoff,sha256:1aa3b2dffea7684f4bf2ee897b7c58ee02ae19f2846cf82792941f72a7840091,42,10001
futuremamba,3000,7,rotate the 3 bowls on their plates from left to right using the empty plate,1,False,600,action_history_mamba_pe_ae_handoff,sha256:1aa3b2dffea7684f4bf2ee897b7c58ee02ae19f2846cf82792941f72a7840091,42,10001
futuremamba,3000,7,rotate the 3 bowls on their plates from left to right using the empty plate,2,True,482,action_history_mamba_pe_ae_handoff,sha256:1aa3b2dffea7684f4bf2ee897b7c58ee02ae19f2846cf82792941f72a7840091,42,10001
futuremamba,3000,7,rotate the 3 bowls on their plates from left to right using the empty plate,3,False,600,action_history_mamba_pe_ae_handoff,sha256:1aa3b2dffea7684f4bf2ee897b7c58ee02ae19f2846cf82792941f72a7840091,42,10001
futuremamba,3000,7,rotate the 3 bowls on their plates from left to right using the empty plate,4,False,600,action_history_mamba_pe_ae_handoff,sha256:1aa3b2dffea7684f4bf2ee897b7c58ee02ae19f2846cf82792941f72a7840091,42,10001
futuremamba,3000,7,rotate the 3 bowls on their plates from left to right using the empty plate,5,True,584,action_history_mamba_pe_ae_handoff,sha256:1aa3b2dffea7684f4bf2ee897b7c58ee02ae19f2846cf82792941f72a7840091,42,10001
futuremamba,3000,7,rotate the 3 bowls on their plates from left to right using the empty plate,6,True,537,action_history_mamba_pe_ae_handoff,sha256:1aa3b2dffea7684f4bf2ee897b7c58ee02ae19f2846cf82792941f72a7840091,42,10001
futuremamba,3000,7,rotate the 3 bowls on their plates from left to right using the empty plate,7,False,600,action_history_mamba_pe_ae_handoff,sha256:1aa3b2dffea7684f4bf2ee897b7c58ee02ae19f2846cf82792941f72a7840091,42,10001
futuremamba,3000,7,rotate the 3 bowls on their plates from left to right using the empty plate,8,True,537,action_history_mamba_pe_ae_handoff,sha256:1aa3b2dffea7684f4bf2ee897b7c58ee02ae19f2846cf82792941f72a7840091,42,10001
futuremamba,3000,7,rotate the 3 bowls on their plates from left to right using the empty plate,9,False,600,action_history_mamba_pe_ae_handoff,sha256:1aa3b2dffea7684f4bf2ee897b7c58ee02ae19f2846cf82792941f72a7840091,42,10001
futuremamba,3000,7,rotate the 3 bowls on their plates from left to right using the empty plate,10,True,488,action_history_mamba_pe_ae_handoff,sha256:1aa3b2dffea7684f4bf2ee897b7c58ee02ae19f2846cf82792941f72a7840091,42,10001
futuremamba,3000,7,rotate the 3 bowls on their plates from left to right using the empty plate,11,False,600,action_history_mamba_pe_ae_handoff,sha256:1aa3b2dffea7684f4bf2ee897b7c58ee02ae19f2846cf82792941f72a7840091,42,10001
futuremamba,3000,7,rotate the 3 bowls on their plates from left to right using the empty plate,12,False,600,action_history_mamba_pe_ae_handoff,sha256:1aa3b2dffea7684f4bf2ee897b7c58ee02ae19f2846cf82792941f72a7840091,42,10001
futuremamba,3000,7,rotate the 3 bowls on their plates from left to right using the empty plate,13,False,600,action_history_mamba_pe_ae_handoff,sha256:1aa3b2dffea7684f4bf2ee897b7c58ee02ae19f2846cf82792941f72a7840091,42,10001
futuremamba,3000,7,rotate the 3 bowls on their plates from left to right using the empty plate,14,False,600,action_history_mamba_pe_ae_handoff,sha256:1aa3b2dffea7684f4bf2ee897b7c58ee02ae19f2846cf82792941f72a7840091,42,10001
futuremamba,3000,7,rotate the 3 bowls on their plates from left to right using the empty plate,15,True,448,action_history_mamba_pe_ae_handoff,sha256:1aa3b2dffea7684f4bf2ee897b7c58ee02ae19f2846cf82792941f72a7840091,42,10001
futuremamba,3000,7,rotate the 3 bowls on their plates from left to right using the empty plate,16,True,457,action_history_mamba_pe_ae_handoff,sha256:1aa3b2dffea7684f4bf2ee897b7c58ee02ae19f2846cf82792941f72a7840091,42,10001
futuremamba,3000,7,rotate the 3 bowls on their plates from left to right using the empty plate,17,True,490,action_history_mamba_pe_ae_handoff,sha256:1aa3b2dffea7684f4bf2ee897b7c58ee02ae19f2846cf82792941f72a7840091,42,10001
futuremamba,3000,7,rotate the 3 bowls on their plates from left to right using the empty plate,18,True,521,action_history_mamba_pe_ae_handoff,sha256:1aa3b2dffea7684f4bf2ee897b7c58ee02ae19f2846cf82792941f72a7840091,42,10001
futuremamba,3000,7,rotate the 3 bowls on their plates from left to right using the empty plate,19,True,513,action_history_mamba_pe_ae_handoff,sha256:1aa3b2dffea7684f4bf2ee897b7c58ee02ae19f2846cf82792941f72a7840091,42,10001
futuremamba,3000,8,put the cream cheese in the nearest basket and place that basket in the center,0,True,297,action_history_mamba_pe_ae_handoff,sha256:10b5a6b769f8b1d5a5265ddd8446f352dd68a7c15d6060cbdc2148d65f0ec64f,42,10001
futuremamba,3000,8,put the cream cheese in the nearest basket and place that basket in the center,1,True,286,action_history_mamba_pe_ae_handoff,sha256:10b5a6b769f8b1d5a5265ddd8446f352dd68a7c15d6060cbdc2148d65f0ec64f,42,10001
futuremamba,3000,8,put the cream cheese in the nearest basket and place that basket in the center,2,True,303,action_history_mamba_pe_ae_handoff,sha256:10b5a6b769f8b1d5a5265ddd8446f352dd68a7c15d6060cbdc2148d65f0ec64f,42,10001
futuremamba,3000,8,put the cream cheese in the nearest basket and place that basket in the center,3,True,289,action_history_mamba_pe_ae_handoff,sha256:10b5a6b769f8b1d5a5265ddd8446f352dd68a7c15d6060cbdc2148d65f0ec64f,42,10001
futuremamba,3000,8,put the cream cheese in the nearest basket and place that basket in the center,4,True,299,action_history_mamba_pe_ae_handoff,sha256:10b5a6b769f8b1d5a5265ddd8446f352dd68a7c15d6060cbdc2148d65f0ec64f,42,10001
futuremamba,3000,8,put the cream cheese in the nearest basket and place that basket in the center,5,True,253,action_history_mamba_pe_ae_handoff,sha256:10b5a6b769f8b1d5a5265ddd8446f352dd68a7c15d6060cbdc2148d65f0ec64f,42,10001
futuremamba,3000,8,put the cream cheese in the nearest basket and place that basket in the center,6,True,277,action_history_mamba_pe_ae_handoff,sha256:10b5a6b769f8b1d5a5265ddd8446f352dd68a7c15d6060cbdc2148d65f0ec64f,42,10001
futuremamba,3000,8,put the cream cheese in the nearest basket and place that basket in the center,7,True,332,action_history_mamba_pe_ae_handoff,sha256:10b5a6b769f8b1d5a5265ddd8446f352dd68a7c15d6060cbdc2148d65f0ec64f,42,10001
futuremamba,3000,8,put the cream cheese in the nearest basket and place that basket in the center,8,True,325,action_history_mamba_pe_ae_handoff,sha256:10b5a6b769f8b1d5a5265ddd8446f352dd68a7c15d6060cbdc2148d65f0ec64f,42,10001
futuremamba,3000,8,put the cream cheese in the nearest basket and place that basket in the center,9,True,315,action_history_mamba_pe_ae_handoff,sha256:10b5a6b769f8b1d5a5265ddd8446f352dd68a7c15d6060cbdc2148d65f0ec64f,42,10001
futuremamba,3000,8,put the cream cheese in the nearest basket and place that basket in the center,10,True,307,action_history_mamba_pe_ae_handoff,sha256:10b5a6b769f8b1d5a5265ddd8446f352dd68a7c15d6060cbdc2148d65f0ec64f,42,10001
futuremamba,3000,8,put the cream cheese in the nearest basket and place that basket in the center,11,True,290,action_history_mamba_pe_ae_handoff,sha256:10b5a6b769f8b1d5a5265ddd8446f352dd68a7c15d6060cbdc2148d65f0ec64f,42,10001
futuremamba,3000,8,put the cream cheese in the nearest basket and place that basket in the center,12,True,303,action_history_mamba_pe_ae_handoff,sha256:10b5a6b769f8b1d5a5265ddd8446f352dd68a7c15d6060cbdc2148d65f0ec64f,42,10001
futuremamba,3000,8,put the cream cheese in the nearest basket and place that basket in the center,13,True,321,action_history_mamba_pe_ae_handoff,sha256:10b5a6b769f8b1d5a5265ddd8446f352dd68a7c15d6060cbdc2148d65f0ec64f,42,10001
futuremamba,3000,8,put the cream cheese in the nearest basket and place that basket in the center,14,True,290,action_history_mamba_pe_ae_handoff,sha256:10b5a6b769f8b1d5a5265ddd8446f352dd68a7c15d6060cbdc2148d65f0ec64f,42,10001
futuremamba,3000,8,put the cream cheese in the nearest basket and place that basket in the center,15,True,312,action_history_mamba_pe_ae_handoff,sha256:10b5a6b769f8b1d5a5265ddd8446f352dd68a7c15d6060cbdc2148d65f0ec64f,42,10001
futuremamba,3000,8,put the cream cheese in the nearest basket and place that basket in the center,16,True,283,action_history_mamba_pe_ae_handoff,sha256:10b5a6b769f8b1d5a5265ddd8446f352dd68a7c15d6060cbdc2148d65f0ec64f,42,10001
futuremamba,3000,8,put the cream cheese in the nearest basket and place that basket in the center,17,True,306,action_history_mamba_pe_ae_handoff,sha256:10b5a6b769f8b1d5a5265ddd8446f352dd68a7c15d6060cbdc2148d65f0ec64f,42,10001
futuremamba,3000,8,put the cream cheese in the nearest basket and place that basket in the center,18,True,302,action_history_mamba_pe_ae_handoff,sha256:10b5a6b769f8b1d5a5265ddd8446f352dd68a7c15d6060cbdc2148d65f0ec64f,42,10001
futuremamba,3000,8,put the cream cheese in the nearest basket and place that basket in the center,19,True,288,action_history_mamba_pe_ae_handoff,sha256:10b5a6b769f8b1d5a5265ddd8446f352dd68a7c15d6060cbdc2148d65f0ec64f,42,10001
futuremamba,3000,9,put the cream cheese in the nearest basket and place the empty basket in the center,0,True,305,action_history_mamba_pe_ae_handoff,sha256:bd503d3411a8deb448ce9a143e8e0f110b3e2f7500cc8f3883038948202f2990,42,10001
futuremamba,3000,9,put the cream cheese in the nearest basket and place the empty basket in the center,1,True,297,action_history_mamba_pe_ae_handoff,sha256:bd503d3411a8deb448ce9a143e8e0f110b3e2f7500cc8f3883038948202f2990,42,10001
futuremamba,3000,9,put the cream cheese in the nearest basket and place the empty basket in the center,2,True,279,action_history_mamba_pe_ae_handoff,sha256:bd503d3411a8deb448ce9a143e8e0f110b3e2f7500cc8f3883038948202f2990,42,10001
futuremamba,3000,9,put the cream cheese in the nearest basket and place the empty basket in the center,3,True,281,action_history_mamba_pe_ae_handoff,sha256:bd503d3411a8deb448ce9a143e8e0f110b3e2f7500cc8f3883038948202f2990,42,10001
futuremamba,3000,9,put the cream cheese in the nearest basket and place the empty basket in the center,4,True,280,action_history_mamba_pe_ae_handoff,sha256:bd503d3411a8deb448ce9a143e8e0f110b3e2f7500cc8f3883038948202f2990,42,10001
futuremamba,3000,9,put the cream cheese in the nearest basket and place the empty basket in the center,5,True,287,action_history_mamba_pe_ae_handoff,sha256:bd503d3411a8deb448ce9a143e8e0f110b3e2f7500cc8f3883038948202f2990,42,10001
futuremamba,3000,9,put the cream cheese in the nearest basket and place the empty basket in the center,6,True,262,action_history_mamba_pe_ae_handoff,sha256:bd503d3411a8deb448ce9a143e8e0f110b3e2f7500cc8f3883038948202f2990,42,10001
futuremamba,3000,9,put the cream cheese in the nearest basket and place the empty basket in the center,7,True,286,action_history_mamba_pe_ae_handoff,sha256:bd503d3411a8deb448ce9a143e8e0f110b3e2f7500cc8f3883038948202f2990,42,10001
futuremamba,3000,9,put the cream cheese in the nearest basket and place the empty basket in the center,8,True,275,action_history_mamba_pe_ae_handoff,sha256:bd503d3411a8deb448ce9a143e8e0f110b3e2f7500cc8f3883038948202f2990,42,10001
futuremamba,3000,9,put the cream cheese in the nearest basket and place the empty basket in the center,9,True,322,action_history_mamba_pe_ae_handoff,sha256:bd503d3411a8deb448ce9a143e8e0f110b3e2f7500cc8f3883038948202f2990,42,10001
futuremamba,3000,9,put the cream cheese in the nearest basket and place the empty basket in the center,10,True,280,action_history_mamba_pe_ae_handoff,sha256:bd503d3411a8deb448ce9a143e8e0f110b3e2f7500cc8f3883038948202f2990,42,10001
futuremamba,3000,9,put the cream cheese in the nearest basket and place the empty basket in the center,11,True,277,action_history_mamba_pe_ae_handoff,sha256:bd503d3411a8deb448ce9a143e8e0f110b3e2f7500cc8f3883038948202f2990,42,10001
futuremamba,3000,9,put the cream cheese in the nearest basket and place the empty basket in the center,12,True,270,action_history_mamba_pe_ae_handoff,sha256:bd503d3411a8deb448ce9a143e8e0f110b3e2f7500cc8f3883038948202f2990,42,10001
futuremamba,3000,9,put the cream cheese in the nearest basket and place the empty basket in the center,13,True,323,action_history_mamba_pe_ae_handoff,sha256:bd503d3411a8deb448ce9a143e8e0f110b3e2f7500cc8f3883038948202f2990,42,10001
futuremamba,3000,9,put the cream cheese in the nearest basket and place the empty basket in the center,14,True,292,action_history_mamba_pe_ae_handoff,sha256:bd503d3411a8deb448ce9a143e8e0f110b3e2f7500cc8f3883038948202f2990,42,10001
futuremamba,3000,9,put the cream cheese in the nearest basket and place the empty basket in the center,15,True,288,action_history_mamba_pe_ae_handoff,sha256:bd503d3411a8deb448ce9a143e8e0f110b3e2f7500cc8f3883038948202f2990,42,10001
futuremamba,3000,9,put the cream cheese in the nearest basket and place the empty basket in the center,16,True,282,action_history_mamba_pe_ae_handoff,sha256:bd503d3411a8deb448ce9a143e8e0f110b3e2f7500cc8f3883038948202f2990,42,10001
futuremamba,3000,9,put the cream cheese in the nearest basket and place the empty basket in the center,17,True,288,action_history_mamba_pe_ae_handoff,sha256:bd503d3411a8deb448ce9a143e8e0f110b3e2f7500cc8f3883038948202f2990,42,10001
futuremamba,3000,9,put the cream cheese in the nearest basket and place the empty basket in the center,18,True,291,action_history_mamba_pe_ae_handoff,sha256:bd503d3411a8deb448ce9a143e8e0f110b3e2f7500cc8f3883038948202f2990,42,10001
futuremamba,3000,9,put the cream cheese in the nearest basket and place the empty basket in the center,19,True,248,action_history_mamba_pe_ae_handoff,sha256:bd503d3411a8deb448ce9a143e8e0f110b3e2f7500cc8f3883038948202f2990,42,10001
