method,task,train_seed,eval_seed,checkpoint,episode,success,steps,included_in_box,source,budget,original_success,budget_success,excluded_by_budget
pi05,1,42,10001,49999,0,1,133,1,/pfs/pfs-7jnepv/lgd/libero_fullmatrix_20260909/evaluations/pi05-t1-c49999-e10001/audited_summary.json,180,1,1,0
pi05,1,42,10001,49999,1,1,127,1,/pfs/pfs-7jnepv/lgd/libero_fullmatrix_20260909/evaluations/pi05-t1-c49999-e10001/audited_summary.json,180,1,1,0
pi05,1,42,10001,49999,2,1,165,1,/pfs/pfs-7jnepv/lgd/libero_fullmatrix_20260909/evaluations/pi05-t1-c49999-e10001/audited_summary.json,180,1,1,0
pi05,1,42,10001,49999,3,1,122,1,/pfs/pfs-7jnepv/lgd/libero_fullmatrix_20260909/evaluations/pi05-t1-c49999-e10001/audited_summary.json,180,1,1,0
pi05,1,42,10001,49999,4,1,217,1,/pfs/pfs-7jnepv/lgd/libero_fullmatrix_20260909/evaluations/pi05-t1-c49999-e10001/audited_summary.json,180,1,0,1
pi05,1,42,10001,49999,5,1,135,1,/pfs/pfs-7jnepv/lgd/libero_fullmatrix_20260909/evaluations/pi05-t1-c49999-e10001/audited_summary.json,180,1,1,0
pi05,1,42,10001,49999,6,1,103,1,/pfs/pfs-7jnepv/lgd/libero_fullmatrix_20260909/evaluations/pi05-t1-c49999-e10001/audited_summary.json,180,1,1,0
pi05,1,42,10001,49999,7,1,80,1,/pfs/pfs-7jnepv/lgd/libero_fullmatrix_20260909/evaluations/pi05-t1-c49999-e10001/audited_summary.json,180,1,1,0
pi05,1,42,10001,49999,8,1,99,1,/pfs/pfs-7jnepv/lgd/libero_fullmatrix_20260909/evaluations/pi05-t1-c49999-e10001/audited_summary.json,180,1,1,0
pi05,1,42,10001,49999,9,1,140,1,/pfs/pfs-7jnepv/lgd/libero_fullmatrix_20260909/evaluations/pi05-t1-c49999-e10001/audited_summary.json,180,1,1,0
pi05,1,42,10001,49999,10,1,128,1,/pfs/pfs-7jnepv/lgd/libero_fullmatrix_20260909/evaluations/pi05-t1-c49999-e10001/audited_summary.json,180,1,1,0
pi05,1,42,10001,49999,11,1,285,1,/pfs/pfs-7jnepv/lgd/libero_fullmatrix_20260909/evaluations/pi05-t1-c49999-e10001/audited_summary.json,180,1,0,1
pi05,1,42,10001,49999,12,1,93,1,/pfs/pfs-7jnepv/lgd/libero_fullmatrix_20260909/evaluations/pi05-t1-c49999-e10001/audited_summary.json,180,1,1,0
pi05,1,42,10001,49999,13,1,167,1,/pfs/pfs-7jnepv/lgd/libero_fullmatrix_20260909/evaluations/pi05-t1-c49999-e10001/audited_summary.json,180,1,1,0
pi05,1,42,10001,49999,14,1,119,1,/pfs/pfs-7jnepv/lgd/libero_fullmatrix_20260909/evaluations/pi05-t1-c49999-e10001/audited_summary.json,180,1,1,0
pi05,1,42,10001,49999,15,1,166,1,/pfs/pfs-7jnepv/lgd/libero_fullmatrix_20260909/evaluations/pi05-t1-c49999-e10001/audited_summary.json,180,1,1,0
pi05,1,42,10001,49999,16,1,130,1,/pfs/pfs-7jnepv/lgd/libero_fullmatrix_20260909/evaluations/pi05-t1-c49999-e10001/audited_summary.json,180,1,1,0
pi05,1,42,10001,49999,17,1,181,1,/pfs/pfs-7jnepv/lgd/libero_fullmatrix_20260909/evaluations/pi05-t1-c49999-e10001/audited_summary.json,180,1,0,1
pi05,1,42,10001,49999,18,1,100,1,/pfs/pfs-7jnepv/lgd/libero_fullmatrix_20260909/evaluations/pi05-t1-c49999-e10001/audited_summary.json,180,1,1,0
pi05,1,42,10001,49999,19,1,125,1,/pfs/pfs-7jnepv/lgd/libero_fullmatrix_20260909/evaluations/pi05-t1-c49999-e10001/audited_summary.json,180,1,1,0
pi05,1,42,10002,49999,0,1,121,1,/pfs/pfs-7jnepv/lgd/libero_fullmatrix_20260909/evaluations/pi05-t1-c49999-e10002/audited_summary.json,180,1,1,0
pi05,1,42,10002,49999,1,1,204,1,/pfs/pfs-7jnepv/lgd/libero_fullmatrix_20260909/evaluations/pi05-t1-c49999-e10002/audited_summary.json,180,1,0,1
pi05,1,42,10002,49999,2,1,120,1,/pfs/pfs-7jnepv/lgd/libero_fullmatrix_20260909/evaluations/pi05-t1-c49999-e10002/audited_summary.json,180,1,1,0
pi05,1,42,10002,49999,3,1,127,1,/pfs/pfs-7jnepv/lgd/libero_fullmatrix_20260909/evaluations/pi05-t1-c49999-e10002/audited_summary.json,180,1,1,0
pi05,1,42,10002,49999,4,1,131,1,/pfs/pfs-7jnepv/lgd/libero_fullmatrix_20260909/evaluations/pi05-t1-c49999-e10002/audited_summary.json,180,1,1,0
pi05,1,42,10002,49999,5,1,132,1,/pfs/pfs-7jnepv/lgd/libero_fullmatrix_20260909/evaluations/pi05-t1-c49999-e10002/audited_summary.json,180,1,1,0
pi05,1,42,10002,49999,6,1,210,1,/pfs/pfs-7jnepv/lgd/libero_fullmatrix_20260909/evaluations/pi05-t1-c49999-e10002/audited_summary.json,180,1,0,1
pi05,1,42,10002,49999,7,1,112,1,/pfs/pfs-7jnepv/lgd/libero_fullmatrix_20260909/evaluations/pi05-t1-c49999-e10002/audited_summary.json,180,1,1,0
pi05,1,42,10002,49999,8,1,129,1,/pfs/pfs-7jnepv/lgd/libero_fullmatrix_20260909/evaluations/pi05-t1-c49999-e10002/audited_summary.json,180,1,1,0
pi05,1,42,10002,49999,9,1,136,1,/pfs/pfs-7jnepv/lgd/libero_fullmatrix_20260909/evaluations/pi05-t1-c49999-e10002/audited_summary.json,180,1,1,0
pi05,1,42,10002,49999,10,1,99,1,/pfs/pfs-7jnepv/lgd/libero_fullmatrix_20260909/evaluations/pi05-t1-c49999-e10002/audited_summary.json,180,1,1,0
pi05,1,42,10002,49999,11,1,124,1,/pfs/pfs-7jnepv/lgd/libero_fullmatrix_20260909/evaluations/pi05-t1-c49999-e10002/audited_summary.json,180,1,1,0
pi05,1,42,10002,49999,12,1,165,1,/pfs/pfs-7jnepv/lgd/libero_fullmatrix_20260909/evaluations/pi05-t1-c49999-e10002/audited_summary.json,180,1,1,0
pi05,1,42,10002,49999,13,1,198,1,/pfs/pfs-7jnepv/lgd/libero_fullmatrix_20260909/evaluations/pi05-t1-c49999-e10002/audited_summary.json,180,1,0,1
pi05,1,42,10002,49999,14,1,120,1,/pfs/pfs-7jnepv/lgd/libero_fullmatrix_20260909/evaluations/pi05-t1-c49999-e10002/audited_summary.json,180,1,1,0
pi05,1,42,10002,49999,15,1,127,1,/pfs/pfs-7jnepv/lgd/libero_fullmatrix_20260909/evaluations/pi05-t1-c49999-e10002/audited_summary.json,180,1,1,0
pi05,1,42,10002,49999,16,1,125,1,/pfs/pfs-7jnepv/lgd/libero_fullmatrix_20260909/evaluations/pi05-t1-c49999-e10002/audited_summary.json,180,1,1,0
pi05,1,42,10002,49999,17,1,103,1,/pfs/pfs-7jnepv/lgd/libero_fullmatrix_20260909/evaluations/pi05-t1-c49999-e10002/audited_summary.json,180,1,1,0
pi05,1,42,10002,49999,18,1,132,1,/pfs/pfs-7jnepv/lgd/libero_fullmatrix_20260909/evaluations/pi05-t1-c49999-e10002/audited_summary.json,180,1,1,0
pi05,1,42,10002,49999,19,1,127,1,/pfs/pfs-7jnepv/lgd/libero_fullmatrix_20260909/evaluations/pi05-t1-c49999-e10002/audited_summary.json,180,1,1,0
pi05,1,42,10003,49999,0,1,150,1,/pfs/pfs-7jnepv/lgd/libero_fullmatrix_20260909/evaluations/pi05-t1-c49999-e10003/audited_summary.json,180,1,1,0
pi05,1,42,10003,49999,1,1,131,1,/pfs/pfs-7jnepv/lgd/libero_fullmatrix_20260909/evaluations/pi05-t1-c49999-e10003/audited_summary.json,180,1,1,0
pi05,1,42,10003,49999,2,1,208,1,/pfs/pfs-7jnepv/lgd/libero_fullmatrix_20260909/evaluations/pi05-t1-c49999-e10003/audited_summary.json,180,1,0,1
pi05,1,42,10003,49999,3,1,127,1,/pfs/pfs-7jnepv/lgd/libero_fullmatrix_20260909/evaluations/pi05-t1-c49999-e10003/audited_summary.json,180,1,1,0
pi05,1,42,10003,49999,4,1,134,1,/pfs/pfs-7jnepv/lgd/libero_fullmatrix_20260909/evaluations/pi05-t1-c49999-e10003/audited_summary.json,180,1,1,0
pi05,1,42,10003,49999,5,1,133,1,/pfs/pfs-7jnepv/lgd/libero_fullmatrix_20260909/evaluations/pi05-t1-c49999-e10003/audited_summary.json,180,1,1,0
pi05,1,42,10003,49999,6,1,195,1,/pfs/pfs-7jnepv/lgd/libero_fullmatrix_20260909/evaluations/pi05-t1-c49999-e10003/audited_summary.json,180,1,0,1
pi05,1,42,10003,49999,7,1,109,1,/pfs/pfs-7jnepv/lgd/libero_fullmatrix_20260909/evaluations/pi05-t1-c49999-e10003/audited_summary.json,180,1,1,0
pi05,1,42,10003,49999,8,1,133,1,/pfs/pfs-7jnepv/lgd/libero_fullmatrix_20260909/evaluations/pi05-t1-c49999-e10003/audited_summary.json,180,1,1,0
pi05,1,42,10003,49999,9,1,126,1,/pfs/pfs-7jnepv/lgd/libero_fullmatrix_20260909/evaluations/pi05-t1-c49999-e10003/audited_summary.json,180,1,1,0
pi05,1,42,10003,49999,10,1,224,1,/pfs/pfs-7jnepv/lgd/libero_fullmatrix_20260909/evaluations/pi05-t1-c49999-e10003/audited_summary.json,180,1,0,1
pi05,1,42,10003,49999,11,1,272,1,/pfs/pfs-7jnepv/lgd/libero_fullmatrix_20260909/evaluations/pi05-t1-c49999-e10003/audited_summary.json,180,1,0,1
pi05,1,42,10003,49999,12,1,129,1,/pfs/pfs-7jnepv/lgd/libero_fullmatrix_20260909/evaluations/pi05-t1-c49999-e10003/audited_summary.json,180,1,1,0
pi05,1,42,10003,49999,13,1,292,1,/pfs/pfs-7jnepv/lgd/libero_fullmatrix_20260909/evaluations/pi05-t1-c49999-e10003/audited_summary.json,180,1,0,1
pi05,1,42,10003,49999,14,1,121,1,/pfs/pfs-7jnepv/lgd/libero_fullmatrix_20260909/evaluations/pi05-t1-c49999-e10003/audited_summary.json,180,1,1,0
pi05,1,42,10003,49999,15,1,196,1,/pfs/pfs-7jnepv/lgd/libero_fullmatrix_20260909/evaluations/pi05-t1-c49999-e10003/audited_summary.json,180,1,0,1
pi05,1,42,10003,49999,16,1,206,1,/pfs/pfs-7jnepv/lgd/libero_fullmatrix_20260909/evaluations/pi05-t1-c49999-e10003/audited_summary.json,180,1,0,1
pi05,1,42,10003,49999,17,1,124,1,/pfs/pfs-7jnepv/lgd/libero_fullmatrix_20260909/evaluations/pi05-t1-c49999-e10003/audited_summary.json,180,1,1,0
pi05,1,42,10003,49999,18,1,135,1,/pfs/pfs-7jnepv/lgd/libero_fullmatrix_20260909/evaluations/pi05-t1-c49999-e10003/audited_summary.json,180,1,1,0
pi05,1,42,10003,49999,19,1,207,1,/pfs/pfs-7jnepv/lgd/libero_fullmatrix_20260909/evaluations/pi05-t1-c49999-e10003/audited_summary.json,180,1,0,1
MemoryVLA,1,42,10001,40000,0,1,122,1,/pfs/pfs-7jnepv/lgd/libero_fullmatrix_20260909/evaluations/MemoryVLA-c40000-t1-e10001/audited_summary.json,180,1,1,0
MemoryVLA,1,42,10001,40000,1,1,97,1,/pfs/pfs-7jnepv/lgd/libero_fullmatrix_20260909/evaluations/MemoryVLA-c40000-t1-e10001/audited_summary.json,180,1,1,0
MemoryVLA,1,42,10001,40000,2,1,122,1,/pfs/pfs-7jnepv/lgd/libero_fullmatrix_20260909/evaluations/MemoryVLA-c40000-t1-e10001/audited_summary.json,180,1,1,0
MemoryVLA,1,42,10001,40000,3,1,119,1,/pfs/pfs-7jnepv/lgd/libero_fullmatrix_20260909/evaluations/MemoryVLA-c40000-t1-e10001/audited_summary.json,180,1,1,0
MemoryVLA,1,42,10001,40000,4,1,109,1,/pfs/pfs-7jnepv/lgd/libero_fullmatrix_20260909/evaluations/MemoryVLA-c40000-t1-e10001/audited_summary.json,180,1,1,0
MemoryVLA,1,42,10001,40000,5,1,107,1,/pfs/pfs-7jnepv/lgd/libero_fullmatrix_20260909/evaluations/MemoryVLA-c40000-t1-e10001/audited_summary.json,180,1,1,0
MemoryVLA,1,42,10001,40000,6,1,115,1,/pfs/pfs-7jnepv/lgd/libero_fullmatrix_20260909/evaluations/MemoryVLA-c40000-t1-e10001/audited_summary.json,180,1,1,0
MemoryVLA,1,42,10001,40000,7,1,109,1,/pfs/pfs-7jnepv/lgd/libero_fullmatrix_20260909/evaluations/MemoryVLA-c40000-t1-e10001/audited_summary.json,180,1,1,0
MemoryVLA,1,42,10001,40000,8,1,121,1,/pfs/pfs-7jnepv/lgd/libero_fullmatrix_20260909/evaluations/MemoryVLA-c40000-t1-e10001/audited_summary.json,180,1,1,0
MemoryVLA,1,42,10001,40000,9,1,117,1,/pfs/pfs-7jnepv/lgd/libero_fullmatrix_20260909/evaluations/MemoryVLA-c40000-t1-e10001/audited_summary.json,180,1,1,0
MemoryVLA,1,42,10001,40000,10,1,105,1,/pfs/pfs-7jnepv/lgd/libero_fullmatrix_20260909/evaluations/MemoryVLA-c40000-t1-e10001/audited_summary.json,180,1,1,0
MemoryVLA,1,42,10001,40000,11,1,129,1,/pfs/pfs-7jnepv/lgd/libero_fullmatrix_20260909/evaluations/MemoryVLA-c40000-t1-e10001/audited_summary.json,180,1,1,0
MemoryVLA,1,42,10001,40000,12,1,109,1,/pfs/pfs-7jnepv/lgd/libero_fullmatrix_20260909/evaluations/MemoryVLA-c40000-t1-e10001/audited_summary.json,180,1,1,0
MemoryVLA,1,42,10001,40000,13,1,101,1,/pfs/pfs-7jnepv/lgd/libero_fullmatrix_20260909/evaluations/MemoryVLA-c40000-t1-e10001/audited_summary.json,180,1,1,0
MemoryVLA,1,42,10001,40000,14,1,111,1,/pfs/pfs-7jnepv/lgd/libero_fullmatrix_20260909/evaluations/MemoryVLA-c40000-t1-e10001/audited_summary.json,180,1,1,0
MemoryVLA,1,42,10001,40000,15,1,117,1,/pfs/pfs-7jnepv/lgd/libero_fullmatrix_20260909/evaluations/MemoryVLA-c40000-t1-e10001/audited_summary.json,180,1,1,0
MemoryVLA,1,42,10001,40000,16,1,120,1,/pfs/pfs-7jnepv/lgd/libero_fullmatrix_20260909/evaluations/MemoryVLA-c40000-t1-e10001/audited_summary.json,180,1,1,0
MemoryVLA,1,42,10001,40000,17,1,123,1,/pfs/pfs-7jnepv/lgd/libero_fullmatrix_20260909/evaluations/MemoryVLA-c40000-t1-e10001/audited_summary.json,180,1,1,0
MemoryVLA,1,42,10001,40000,18,1,130,1,/pfs/pfs-7jnepv/lgd/libero_fullmatrix_20260909/evaluations/MemoryVLA-c40000-t1-e10001/audited_summary.json,180,1,1,0
MemoryVLA,1,42,10001,40000,19,1,120,1,/pfs/pfs-7jnepv/lgd/libero_fullmatrix_20260909/evaluations/MemoryVLA-c40000-t1-e10001/audited_summary.json,180,1,1,0
MemoryVLA,1,42,10002,40000,0,1,105,1,/pfs/pfs-7jnepv/lgd/libero_fullmatrix_20260909/evaluations/MemoryVLA-c40000-t1-e10002/audited_summary.json,180,1,1,0
MemoryVLA,1,42,10002,40000,1,1,97,1,/pfs/pfs-7jnepv/lgd/libero_fullmatrix_20260909/evaluations/MemoryVLA-c40000-t1-e10002/audited_summary.json,180,1,1,0
MemoryVLA,1,42,10002,40000,2,1,125,1,/pfs/pfs-7jnepv/lgd/libero_fullmatrix_20260909/evaluations/MemoryVLA-c40000-t1-e10002/audited_summary.json,180,1,1,0
MemoryVLA,1,42,10002,40000,3,1,118,1,/pfs/pfs-7jnepv/lgd/libero_fullmatrix_20260909/evaluations/MemoryVLA-c40000-t1-e10002/audited_summary.json,180,1,1,0
MemoryVLA,1,42,10002,40000,4,1,106,1,/pfs/pfs-7jnepv/lgd/libero_fullmatrix_20260909/evaluations/MemoryVLA-c40000-t1-e10002/audited_summary.json,180,1,1,0
MemoryVLA,1,42,10002,40000,5,1,108,1,/pfs/pfs-7jnepv/lgd/libero_fullmatrix_20260909/evaluations/MemoryVLA-c40000-t1-e10002/audited_summary.json,180,1,1,0
MemoryVLA,1,42,10002,40000,6,1,109,1,/pfs/pfs-7jnepv/lgd/libero_fullmatrix_20260909/evaluations/MemoryVLA-c40000-t1-e10002/audited_summary.json,180,1,1,0
MemoryVLA,1,42,10002,40000,7,1,109,1,/pfs/pfs-7jnepv/lgd/libero_fullmatrix_20260909/evaluations/MemoryVLA-c40000-t1-e10002/audited_summary.json,180,1,1,0
MemoryVLA,1,42,10002,40000,8,1,121,1,/pfs/pfs-7jnepv/lgd/libero_fullmatrix_20260909/evaluations/MemoryVLA-c40000-t1-e10002/audited_summary.json,180,1,1,0
MemoryVLA,1,42,10002,40000,9,1,111,1,/pfs/pfs-7jnepv/lgd/libero_fullmatrix_20260909/evaluations/MemoryVLA-c40000-t1-e10002/audited_summary.json,180,1,1,0
MemoryVLA,1,42,10002,40000,10,1,112,1,/pfs/pfs-7jnepv/lgd/libero_fullmatrix_20260909/evaluations/MemoryVLA-c40000-t1-e10002/audited_summary.json,180,1,1,0
MemoryVLA,1,42,10002,40000,11,1,126,1,/pfs/pfs-7jnepv/lgd/libero_fullmatrix_20260909/evaluations/MemoryVLA-c40000-t1-e10002/audited_summary.json,180,1,1,0
MemoryVLA,1,42,10002,40000,12,1,122,1,/pfs/pfs-7jnepv/lgd/libero_fullmatrix_20260909/evaluations/MemoryVLA-c40000-t1-e10002/audited_summary.json,180,1,1,0
MemoryVLA,1,42,10002,40000,13,1,117,1,/pfs/pfs-7jnepv/lgd/libero_fullmatrix_20260909/evaluations/MemoryVLA-c40000-t1-e10002/audited_summary.json,180,1,1,0
MemoryVLA,1,42,10002,40000,14,1,113,1,/pfs/pfs-7jnepv/lgd/libero_fullmatrix_20260909/evaluations/MemoryVLA-c40000-t1-e10002/audited_summary.json,180,1,1,0
MemoryVLA,1,42,10002,40000,15,1,265,1,/pfs/pfs-7jnepv/lgd/libero_fullmatrix_20260909/evaluations/MemoryVLA-c40000-t1-e10002/audited_summary.json,180,1,0,1
MemoryVLA,1,42,10002,40000,16,1,120,1,/pfs/pfs-7jnepv/lgd/libero_fullmatrix_20260909/evaluations/MemoryVLA-c40000-t1-e10002/audited_summary.json,180,1,1,0
MemoryVLA,1,42,10002,40000,17,1,116,1,/pfs/pfs-7jnepv/lgd/libero_fullmatrix_20260909/evaluations/MemoryVLA-c40000-t1-e10002/audited_summary.json,180,1,1,0
MemoryVLA,1,42,10002,40000,18,1,128,1,/pfs/pfs-7jnepv/lgd/libero_fullmatrix_20260909/evaluations/MemoryVLA-c40000-t1-e10002/audited_summary.json,180,1,1,0
MemoryVLA,1,42,10002,40000,19,1,116,1,/pfs/pfs-7jnepv/lgd/libero_fullmatrix_20260909/evaluations/MemoryVLA-c40000-t1-e10002/audited_summary.json,180,1,1,0
MemoryVLA,1,42,10003,40000,0,1,123,1,/pfs/pfs-7jnepv/lgd/libero_fullmatrix_20260909/evaluations/MemoryVLA-c40000-t1-e10003/audited_summary.json,180,1,1,0
MemoryVLA,1,42,10003,40000,1,1,113,1,/pfs/pfs-7jnepv/lgd/libero_fullmatrix_20260909/evaluations/MemoryVLA-c40000-t1-e10003/audited_summary.json,180,1,1,0
MemoryVLA,1,42,10003,40000,2,1,128,1,/pfs/pfs-7jnepv/lgd/libero_fullmatrix_20260909/evaluations/MemoryVLA-c40000-t1-e10003/audited_summary.json,180,1,1,0
MemoryVLA,1,42,10003,40000,3,1,114,1,/pfs/pfs-7jnepv/lgd/libero_fullmatrix_20260909/evaluations/MemoryVLA-c40000-t1-e10003/audited_summary.json,180,1,1,0
MemoryVLA,1,42,10003,40000,4,1,117,1,/pfs/pfs-7jnepv/lgd/libero_fullmatrix_20260909/evaluations/MemoryVLA-c40000-t1-e10003/audited_summary.json,180,1,1,0
MemoryVLA,1,42,10003,40000,5,1,109,1,/pfs/pfs-7jnepv/lgd/libero_fullmatrix_20260909/evaluations/MemoryVLA-c40000-t1-e10003/audited_summary.json,180,1,1,0
MemoryVLA,1,42,10003,40000,6,1,108,1,/pfs/pfs-7jnepv/lgd/libero_fullmatrix_20260909/evaluations/MemoryVLA-c40000-t1-e10003/audited_summary.json,180,1,1,0
MemoryVLA,1,42,10003,40000,7,1,117,1,/pfs/pfs-7jnepv/lgd/libero_fullmatrix_20260909/evaluations/MemoryVLA-c40000-t1-e10003/audited_summary.json,180,1,1,0
MemoryVLA,1,42,10003,40000,8,1,119,1,/pfs/pfs-7jnepv/lgd/libero_fullmatrix_20260909/evaluations/MemoryVLA-c40000-t1-e10003/audited_summary.json,180,1,1,0
MemoryVLA,1,42,10003,40000,9,1,117,1,/pfs/pfs-7jnepv/lgd/libero_fullmatrix_20260909/evaluations/MemoryVLA-c40000-t1-e10003/audited_summary.json,180,1,1,0
MemoryVLA,1,42,10003,40000,10,1,112,1,/pfs/pfs-7jnepv/lgd/libero_fullmatrix_20260909/evaluations/MemoryVLA-c40000-t1-e10003/audited_summary.json,180,1,1,0
MemoryVLA,1,42,10003,40000,11,1,127,1,/pfs/pfs-7jnepv/lgd/libero_fullmatrix_20260909/evaluations/MemoryVLA-c40000-t1-e10003/audited_summary.json,180,1,1,0
MemoryVLA,1,42,10003,40000,12,1,117,1,/pfs/pfs-7jnepv/lgd/libero_fullmatrix_20260909/evaluations/MemoryVLA-c40000-t1-e10003/audited_summary.json,180,1,1,0
MemoryVLA,1,42,10003,40000,13,1,123,1,/pfs/pfs-7jnepv/lgd/libero_fullmatrix_20260909/evaluations/MemoryVLA-c40000-t1-e10003/audited_summary.json,180,1,1,0
MemoryVLA,1,42,10003,40000,14,1,111,1,/pfs/pfs-7jnepv/lgd/libero_fullmatrix_20260909/evaluations/MemoryVLA-c40000-t1-e10003/audited_summary.json,180,1,1,0
MemoryVLA,1,42,10003,40000,15,1,117,1,/pfs/pfs-7jnepv/lgd/libero_fullmatrix_20260909/evaluations/MemoryVLA-c40000-t1-e10003/audited_summary.json,180,1,1,0
MemoryVLA,1,42,10003,40000,16,1,114,1,/pfs/pfs-7jnepv/lgd/libero_fullmatrix_20260909/evaluations/MemoryVLA-c40000-t1-e10003/audited_summary.json,180,1,1,0
MemoryVLA,1,42,10003,40000,17,1,114,1,/pfs/pfs-7jnepv/lgd/libero_fullmatrix_20260909/evaluations/MemoryVLA-c40000-t1-e10003/audited_summary.json,180,1,1,0
MemoryVLA,1,42,10003,40000,18,1,127,1,/pfs/pfs-7jnepv/lgd/libero_fullmatrix_20260909/evaluations/MemoryVLA-c40000-t1-e10003/audited_summary.json,180,1,1,0
MemoryVLA,1,42,10003,40000,19,1,120,1,/pfs/pfs-7jnepv/lgd/libero_fullmatrix_20260909/evaluations/MemoryVLA-c40000-t1-e10003/audited_summary.json,180,1,1,0
ActMem-VLA,1,0,10001,500,0,1,133,1,/data/libero_mem_baseline/a100_local_eval_20260910/evaluations/gradientfix-v1-t1-s0-c500-e10001/audited_summary.json,180,1,1,0
ActMem-VLA,1,0,10001,500,1,1,124,1,/data/libero_mem_baseline/a100_local_eval_20260910/evaluations/gradientfix-v1-t1-s0-c500-e10001/audited_summary.json,180,1,1,0
ActMem-VLA,1,0,10001,500,2,1,130,1,/data/libero_mem_baseline/a100_local_eval_20260910/evaluations/gradientfix-v1-t1-s0-c500-e10001/audited_summary.json,180,1,1,0
ActMem-VLA,1,0,10001,500,3,1,116,1,/data/libero_mem_baseline/a100_local_eval_20260910/evaluations/gradientfix-v1-t1-s0-c500-e10001/audited_summary.json,180,1,1,0
ActMem-VLA,1,0,10001,500,4,1,130,1,/data/libero_mem_baseline/a100_local_eval_20260910/evaluations/gradientfix-v1-t1-s0-c500-e10001/audited_summary.json,180,1,1,0
ActMem-VLA,1,0,10001,500,5,1,135,1,/data/libero_mem_baseline/a100_local_eval_20260910/evaluations/gradientfix-v1-t1-s0-c500-e10001/audited_summary.json,180,1,1,0
ActMem-VLA,1,0,10001,500,6,1,108,1,/data/libero_mem_baseline/a100_local_eval_20260910/evaluations/gradientfix-v1-t1-s0-c500-e10001/audited_summary.json,180,1,1,0
ActMem-VLA,1,0,10001,500,7,1,124,1,/data/libero_mem_baseline/a100_local_eval_20260910/evaluations/gradientfix-v1-t1-s0-c500-e10001/audited_summary.json,180,1,1,0
ActMem-VLA,1,0,10001,500,8,1,130,1,/data/libero_mem_baseline/a100_local_eval_20260910/evaluations/gradientfix-v1-t1-s0-c500-e10001/audited_summary.json,180,1,1,0
ActMem-VLA,1,0,10001,500,9,1,135,1,/data/libero_mem_baseline/a100_local_eval_20260910/evaluations/gradientfix-v1-t1-s0-c500-e10001/audited_summary.json,180,1,1,0
ActMem-VLA,1,0,10001,500,10,1,117,1,/data/libero_mem_baseline/a100_local_eval_20260910/evaluations/gradientfix-v1-t1-s0-c500-e10001/audited_summary.json,180,1,1,0
ActMem-VLA,1,0,10001,500,11,1,187,1,/data/libero_mem_baseline/a100_local_eval_20260910/evaluations/gradientfix-v1-t1-s0-c500-e10001/audited_summary.json,180,1,0,1
ActMem-VLA,1,0,10001,500,12,1,128,1,/data/libero_mem_baseline/a100_local_eval_20260910/evaluations/gradientfix-v1-t1-s0-c500-e10001/audited_summary.json,180,1,1,0
ActMem-VLA,1,0,10001,500,13,1,95,1,/data/libero_mem_baseline/a100_local_eval_20260910/evaluations/gradientfix-v1-t1-s0-c500-e10001/audited_summary.json,180,1,1,0
ActMem-VLA,1,0,10001,500,14,1,119,1,/data/libero_mem_baseline/a100_local_eval_20260910/evaluations/gradientfix-v1-t1-s0-c500-e10001/audited_summary.json,180,1,1,0
ActMem-VLA,1,0,10001,500,15,1,174,1,/data/libero_mem_baseline/a100_local_eval_20260910/evaluations/gradientfix-v1-t1-s0-c500-e10001/audited_summary.json,180,1,1,0
ActMem-VLA,1,0,10001,500,16,1,125,1,/data/libero_mem_baseline/a100_local_eval_20260910/evaluations/gradientfix-v1-t1-s0-c500-e10001/audited_summary.json,180,1,1,0
ActMem-VLA,1,0,10001,500,17,1,130,1,/data/libero_mem_baseline/a100_local_eval_20260910/evaluations/gradientfix-v1-t1-s0-c500-e10001/audited_summary.json,180,1,1,0
ActMem-VLA,1,0,10001,500,18,1,128,1,/data/libero_mem_baseline/a100_local_eval_20260910/evaluations/gradientfix-v1-t1-s0-c500-e10001/audited_summary.json,180,1,1,0
ActMem-VLA,1,0,10001,500,19,1,133,1,/data/libero_mem_baseline/a100_local_eval_20260910/evaluations/gradientfix-v1-t1-s0-c500-e10001/audited_summary.json,180,1,1,0
ActMem-VLA,1,0,10002,500,0,1,126,1,/data/libero_mem_baseline/a100_local_eval_20260910/evaluations/gradientfix-v1-t1-s0-c500-e10002/audited_summary.json,180,1,1,0
ActMem-VLA,1,0,10002,500,1,1,122,1,/data/libero_mem_baseline/a100_local_eval_20260910/evaluations/gradientfix-v1-t1-s0-c500-e10002/audited_summary.json,180,1,1,0
ActMem-VLA,1,0,10002,500,2,1,122,1,/data/libero_mem_baseline/a100_local_eval_20260910/evaluations/gradientfix-v1-t1-s0-c500-e10002/audited_summary.json,180,1,1,0
ActMem-VLA,1,0,10002,500,3,1,127,1,/data/libero_mem_baseline/a100_local_eval_20260910/evaluations/gradientfix-v1-t1-s0-c500-e10002/audited_summary.json,180,1,1,0
ActMem-VLA,1,0,10002,500,4,1,146,1,/data/libero_mem_baseline/a100_local_eval_20260910/evaluations/gradientfix-v1-t1-s0-c500-e10002/audited_summary.json,180,1,1,0
ActMem-VLA,1,0,10002,500,5,1,121,1,/data/libero_mem_baseline/a100_local_eval_20260910/evaluations/gradientfix-v1-t1-s0-c500-e10002/audited_summary.json,180,1,1,0
ActMem-VLA,1,0,10002,500,6,1,118,1,/data/libero_mem_baseline/a100_local_eval_20260910/evaluations/gradientfix-v1-t1-s0-c500-e10002/audited_summary.json,180,1,1,0
ActMem-VLA,1,0,10002,500,7,1,98,1,/data/libero_mem_baseline/a100_local_eval_20260910/evaluations/gradientfix-v1-t1-s0-c500-e10002/audited_summary.json,180,1,1,0
ActMem-VLA,1,0,10002,500,8,1,120,1,/data/libero_mem_baseline/a100_local_eval_20260910/evaluations/gradientfix-v1-t1-s0-c500-e10002/audited_summary.json,180,1,1,0
ActMem-VLA,1,0,10002,500,9,1,210,1,/data/libero_mem_baseline/a100_local_eval_20260910/evaluations/gradientfix-v1-t1-s0-c500-e10002/audited_summary.json,180,1,0,1
ActMem-VLA,1,0,10002,500,10,1,124,1,/data/libero_mem_baseline/a100_local_eval_20260910/evaluations/gradientfix-v1-t1-s0-c500-e10002/audited_summary.json,180,1,1,0
ActMem-VLA,1,0,10002,500,11,1,164,1,/data/libero_mem_baseline/a100_local_eval_20260910/evaluations/gradientfix-v1-t1-s0-c500-e10002/audited_summary.json,180,1,1,0
ActMem-VLA,1,0,10002,500,12,1,129,1,/data/libero_mem_baseline/a100_local_eval_20260910/evaluations/gradientfix-v1-t1-s0-c500-e10002/audited_summary.json,180,1,1,0
ActMem-VLA,1,0,10002,500,13,1,132,1,/data/libero_mem_baseline/a100_local_eval_20260910/evaluations/gradientfix-v1-t1-s0-c500-e10002/audited_summary.json,180,1,1,0
ActMem-VLA,1,0,10002,500,14,1,116,1,/data/libero_mem_baseline/a100_local_eval_20260910/evaluations/gradientfix-v1-t1-s0-c500-e10002/audited_summary.json,180,1,1,0
ActMem-VLA,1,0,10002,500,15,1,136,1,/data/libero_mem_baseline/a100_local_eval_20260910/evaluations/gradientfix-v1-t1-s0-c500-e10002/audited_summary.json,180,1,1,0
ActMem-VLA,1,0,10002,500,16,1,128,1,/data/libero_mem_baseline/a100_local_eval_20260910/evaluations/gradientfix-v1-t1-s0-c500-e10002/audited_summary.json,180,1,1,0
ActMem-VLA,1,0,10002,500,17,1,133,1,/data/libero_mem_baseline/a100_local_eval_20260910/evaluations/gradientfix-v1-t1-s0-c500-e10002/audited_summary.json,180,1,1,0
ActMem-VLA,1,0,10002,500,18,1,118,1,/data/libero_mem_baseline/a100_local_eval_20260910/evaluations/gradientfix-v1-t1-s0-c500-e10002/audited_summary.json,180,1,1,0
ActMem-VLA,1,0,10002,500,19,1,100,1,/data/libero_mem_baseline/a100_local_eval_20260910/evaluations/gradientfix-v1-t1-s0-c500-e10002/audited_summary.json,180,1,1,0
ActMem-VLA,1,0,10003,500,0,1,143,1,/data/libero_mem_baseline/a100_local_eval_20260910/evaluations/gradientfix-v1-t1-s0-c500-e10003/audited_summary.json,180,1,1,0
ActMem-VLA,1,0,10003,500,1,1,130,1,/data/libero_mem_baseline/a100_local_eval_20260910/evaluations/gradientfix-v1-t1-s0-c500-e10003/audited_summary.json,180,1,1,0
ActMem-VLA,1,0,10003,500,2,1,137,1,/data/libero_mem_baseline/a100_local_eval_20260910/evaluations/gradientfix-v1-t1-s0-c500-e10003/audited_summary.json,180,1,1,0
ActMem-VLA,1,0,10003,500,3,1,89,1,/data/libero_mem_baseline/a100_local_eval_20260910/evaluations/gradientfix-v1-t1-s0-c500-e10003/audited_summary.json,180,1,1,0
ActMem-VLA,1,0,10003,500,4,1,132,1,/data/libero_mem_baseline/a100_local_eval_20260910/evaluations/gradientfix-v1-t1-s0-c500-e10003/audited_summary.json,180,1,1,0
ActMem-VLA,1,0,10003,500,5,1,125,1,/data/libero_mem_baseline/a100_local_eval_20260910/evaluations/gradientfix-v1-t1-s0-c500-e10003/audited_summary.json,180,1,1,0
ActMem-VLA,1,0,10003,500,6,1,105,1,/data/libero_mem_baseline/a100_local_eval_20260910/evaluations/gradientfix-v1-t1-s0-c500-e10003/audited_summary.json,180,1,1,0
ActMem-VLA,1,0,10003,500,7,1,97,1,/data/libero_mem_baseline/a100_local_eval_20260910/evaluations/gradientfix-v1-t1-s0-c500-e10003/audited_summary.json,180,1,1,0
ActMem-VLA,1,0,10003,500,8,1,122,1,/data/libero_mem_baseline/a100_local_eval_20260910/evaluations/gradientfix-v1-t1-s0-c500-e10003/audited_summary.json,180,1,1,0
ActMem-VLA,1,0,10003,500,9,1,121,1,/data/libero_mem_baseline/a100_local_eval_20260910/evaluations/gradientfix-v1-t1-s0-c500-e10003/audited_summary.json,180,1,1,0
ActMem-VLA,1,0,10003,500,10,1,212,1,/data/libero_mem_baseline/a100_local_eval_20260910/evaluations/gradientfix-v1-t1-s0-c500-e10003/audited_summary.json,180,1,0,1
ActMem-VLA,1,0,10003,500,11,1,131,1,/data/libero_mem_baseline/a100_local_eval_20260910/evaluations/gradientfix-v1-t1-s0-c500-e10003/audited_summary.json,180,1,1,0
ActMem-VLA,1,0,10003,500,12,1,127,1,/data/libero_mem_baseline/a100_local_eval_20260910/evaluations/gradientfix-v1-t1-s0-c500-e10003/audited_summary.json,180,1,1,0
ActMem-VLA,1,0,10003,500,13,1,126,1,/data/libero_mem_baseline/a100_local_eval_20260910/evaluations/gradientfix-v1-t1-s0-c500-e10003/audited_summary.json,180,1,1,0
ActMem-VLA,1,0,10003,500,14,1,112,1,/data/libero_mem_baseline/a100_local_eval_20260910/evaluations/gradientfix-v1-t1-s0-c500-e10003/audited_summary.json,180,1,1,0
ActMem-VLA,1,0,10003,500,15,1,121,1,/data/libero_mem_baseline/a100_local_eval_20260910/evaluations/gradientfix-v1-t1-s0-c500-e10003/audited_summary.json,180,1,1,0
ActMem-VLA,1,0,10003,500,16,1,122,1,/data/libero_mem_baseline/a100_local_eval_20260910/evaluations/gradientfix-v1-t1-s0-c500-e10003/audited_summary.json,180,1,1,0
ActMem-VLA,1,0,10003,500,17,1,128,1,/data/libero_mem_baseline/a100_local_eval_20260910/evaluations/gradientfix-v1-t1-s0-c500-e10003/audited_summary.json,180,1,1,0
ActMem-VLA,1,0,10003,500,18,1,124,1,/data/libero_mem_baseline/a100_local_eval_20260910/evaluations/gradientfix-v1-t1-s0-c500-e10003/audited_summary.json,180,1,1,0
ActMem-VLA,1,0,10003,500,19,1,126,1,/data/libero_mem_baseline/a100_local_eval_20260910/evaluations/gradientfix-v1-t1-s0-c500-e10003/audited_summary.json,180,1,1,0
ActMem-VLA,1,1,10001,500,0,1,133,1,/data/libero_mem_baseline/a100_local_eval_20260910/evaluations/gradientfix-v1-t1-s1-c500-e10001/audited_summary.json,180,1,1,0
ActMem-VLA,1,1,10001,500,1,1,126,1,/data/libero_mem_baseline/a100_local_eval_20260910/evaluations/gradientfix-v1-t1-s1-c500-e10001/audited_summary.json,180,1,1,0
ActMem-VLA,1,1,10001,500,2,1,169,1,/data/libero_mem_baseline/a100_local_eval_20260910/evaluations/gradientfix-v1-t1-s1-c500-e10001/audited_summary.json,180,1,1,0
ActMem-VLA,1,1,10001,500,3,1,124,1,/data/libero_mem_baseline/a100_local_eval_20260910/evaluations/gradientfix-v1-t1-s1-c500-e10001/audited_summary.json,180,1,1,0
ActMem-VLA,1,1,10001,500,4,1,131,1,/data/libero_mem_baseline/a100_local_eval_20260910/evaluations/gradientfix-v1-t1-s1-c500-e10001/audited_summary.json,180,1,1,0
ActMem-VLA,1,1,10001,500,5,1,127,1,/data/libero_mem_baseline/a100_local_eval_20260910/evaluations/gradientfix-v1-t1-s1-c500-e10001/audited_summary.json,180,1,1,0
ActMem-VLA,1,1,10001,500,6,1,120,1,/data/libero_mem_baseline/a100_local_eval_20260910/evaluations/gradientfix-v1-t1-s1-c500-e10001/audited_summary.json,180,1,1,0
ActMem-VLA,1,1,10001,500,7,1,111,1,/data/libero_mem_baseline/a100_local_eval_20260910/evaluations/gradientfix-v1-t1-s1-c500-e10001/audited_summary.json,180,1,1,0
ActMem-VLA,1,1,10001,500,8,1,202,1,/data/libero_mem_baseline/a100_local_eval_20260910/evaluations/gradientfix-v1-t1-s1-c500-e10001/audited_summary.json,180,1,0,1
ActMem-VLA,1,1,10001,500,9,1,130,1,/data/libero_mem_baseline/a100_local_eval_20260910/evaluations/gradientfix-v1-t1-s1-c500-e10001/audited_summary.json,180,1,1,0
ActMem-VLA,1,1,10001,500,10,1,244,1,/data/libero_mem_baseline/a100_local_eval_20260910/evaluations/gradientfix-v1-t1-s1-c500-e10001/audited_summary.json,180,1,0,1
ActMem-VLA,1,1,10001,500,11,1,171,1,/data/libero_mem_baseline/a100_local_eval_20260910/evaluations/gradientfix-v1-t1-s1-c500-e10001/audited_summary.json,180,1,1,0
ActMem-VLA,1,1,10001,500,12,1,123,1,/data/libero_mem_baseline/a100_local_eval_20260910/evaluations/gradientfix-v1-t1-s1-c500-e10001/audited_summary.json,180,1,1,0
ActMem-VLA,1,1,10001,500,13,1,127,1,/data/libero_mem_baseline/a100_local_eval_20260910/evaluations/gradientfix-v1-t1-s1-c500-e10001/audited_summary.json,180,1,1,0
ActMem-VLA,1,1,10001,500,14,1,154,1,/data/libero_mem_baseline/a100_local_eval_20260910/evaluations/gradientfix-v1-t1-s1-c500-e10001/audited_summary.json,180,1,1,0
ActMem-VLA,1,1,10001,500,15,1,101,1,/data/libero_mem_baseline/a100_local_eval_20260910/evaluations/gradientfix-v1-t1-s1-c500-e10001/audited_summary.json,180,1,1,0
ActMem-VLA,1,1,10001,500,16,1,108,1,/data/libero_mem_baseline/a100_local_eval_20260910/evaluations/gradientfix-v1-t1-s1-c500-e10001/audited_summary.json,180,1,1,0
ActMem-VLA,1,1,10001,500,17,1,169,1,/data/libero_mem_baseline/a100_local_eval_20260910/evaluations/gradientfix-v1-t1-s1-c500-e10001/audited_summary.json,180,1,1,0
ActMem-VLA,1,1,10001,500,18,1,125,1,/data/libero_mem_baseline/a100_local_eval_20260910/evaluations/gradientfix-v1-t1-s1-c500-e10001/audited_summary.json,180,1,1,0
ActMem-VLA,1,1,10001,500,19,1,169,1,/data/libero_mem_baseline/a100_local_eval_20260910/evaluations/gradientfix-v1-t1-s1-c500-e10001/audited_summary.json,180,1,1,0
ActMem-VLA,1,1,10002,500,0,1,118,1,/data/libero_mem_baseline/a100_local_eval_20260910/evaluations/gradientfix-v1-t1-s1-c500-e10002/audited_summary.json,180,1,1,0
ActMem-VLA,1,1,10002,500,1,1,115,1,/data/libero_mem_baseline/a100_local_eval_20260910/evaluations/gradientfix-v1-t1-s1-c500-e10002/audited_summary.json,180,1,1,0
ActMem-VLA,1,1,10002,500,2,1,125,1,/data/libero_mem_baseline/a100_local_eval_20260910/evaluations/gradientfix-v1-t1-s1-c500-e10002/audited_summary.json,180,1,1,0
ActMem-VLA,1,1,10002,500,3,1,100,1,/data/libero_mem_baseline/a100_local_eval_20260910/evaluations/gradientfix-v1-t1-s1-c500-e10002/audited_summary.json,180,1,1,0
ActMem-VLA,1,1,10002,500,4,1,167,1,/data/libero_mem_baseline/a100_local_eval_20260910/evaluations/gradientfix-v1-t1-s1-c500-e10002/audited_summary.json,180,1,1,0
ActMem-VLA,1,1,10002,500,5,1,130,1,/data/libero_mem_baseline/a100_local_eval_20260910/evaluations/gradientfix-v1-t1-s1-c500-e10002/audited_summary.json,180,1,1,0
ActMem-VLA,1,1,10002,500,6,1,134,1,/data/libero_mem_baseline/a100_local_eval_20260910/evaluations/gradientfix-v1-t1-s1-c500-e10002/audited_summary.json,180,1,1,0
ActMem-VLA,1,1,10002,500,7,1,116,1,/data/libero_mem_baseline/a100_local_eval_20260910/evaluations/gradientfix-v1-t1-s1-c500-e10002/audited_summary.json,180,1,1,0
ActMem-VLA,1,1,10002,500,8,1,127,1,/data/libero_mem_baseline/a100_local_eval_20260910/evaluations/gradientfix-v1-t1-s1-c500-e10002/audited_summary.json,180,1,1,0
ActMem-VLA,1,1,10002,500,9,1,216,1,/data/libero_mem_baseline/a100_local_eval_20260910/evaluations/gradientfix-v1-t1-s1-c500-e10002/audited_summary.json,180,1,0,1
ActMem-VLA,1,1,10002,500,10,1,126,1,/data/libero_mem_baseline/a100_local_eval_20260910/evaluations/gradientfix-v1-t1-s1-c500-e10002/audited_summary.json,180,1,1,0
ActMem-VLA,1,1,10002,500,11,1,131,1,/data/libero_mem_baseline/a100_local_eval_20260910/evaluations/gradientfix-v1-t1-s1-c500-e10002/audited_summary.json,180,1,1,0
ActMem-VLA,1,1,10002,500,12,1,121,1,/data/libero_mem_baseline/a100_local_eval_20260910/evaluations/gradientfix-v1-t1-s1-c500-e10002/audited_summary.json,180,1,1,0
ActMem-VLA,1,1,10002,500,13,1,93,1,/data/libero_mem_baseline/a100_local_eval_20260910/evaluations/gradientfix-v1-t1-s1-c500-e10002/audited_summary.json,180,1,1,0
ActMem-VLA,1,1,10002,500,14,1,117,1,/data/libero_mem_baseline/a100_local_eval_20260910/evaluations/gradientfix-v1-t1-s1-c500-e10002/audited_summary.json,180,1,1,0
ActMem-VLA,1,1,10002,500,15,1,410,1,/data/libero_mem_baseline/a100_local_eval_20260910/evaluations/gradientfix-v1-t1-s1-c500-e10002/audited_summary.json,180,1,0,1
ActMem-VLA,1,1,10002,500,16,1,133,1,/data/libero_mem_baseline/a100_local_eval_20260910/evaluations/gradientfix-v1-t1-s1-c500-e10002/audited_summary.json,180,1,1,0
ActMem-VLA,1,1,10002,500,17,1,220,1,/data/libero_mem_baseline/a100_local_eval_20260910/evaluations/gradientfix-v1-t1-s1-c500-e10002/audited_summary.json,180,1,0,1
ActMem-VLA,1,1,10002,500,18,1,131,1,/data/libero_mem_baseline/a100_local_eval_20260910/evaluations/gradientfix-v1-t1-s1-c500-e10002/audited_summary.json,180,1,1,0
ActMem-VLA,1,1,10002,500,19,1,130,1,/data/libero_mem_baseline/a100_local_eval_20260910/evaluations/gradientfix-v1-t1-s1-c500-e10002/audited_summary.json,180,1,1,0
ActMem-VLA,1,1,10003,500,0,1,142,1,/data/libero_mem_baseline/a100_local_eval_20260910/evaluations/gradientfix-v1-t1-s1-c500-e10003/audited_summary.json,180,1,1,0
ActMem-VLA,1,1,10003,500,1,1,128,1,/data/libero_mem_baseline/a100_local_eval_20260910/evaluations/gradientfix-v1-t1-s1-c500-e10003/audited_summary.json,180,1,1,0
ActMem-VLA,1,1,10003,500,2,1,138,1,/data/libero_mem_baseline/a100_local_eval_20260910/evaluations/gradientfix-v1-t1-s1-c500-e10003/audited_summary.json,180,1,1,0
ActMem-VLA,1,1,10003,500,3,1,89,1,/data/libero_mem_baseline/a100_local_eval_20260910/evaluations/gradientfix-v1-t1-s1-c500-e10003/audited_summary.json,180,1,1,0
ActMem-VLA,1,1,10003,500,4,1,135,1,/data/libero_mem_baseline/a100_local_eval_20260910/evaluations/gradientfix-v1-t1-s1-c500-e10003/audited_summary.json,180,1,1,0
ActMem-VLA,1,1,10003,500,5,1,127,1,/data/libero_mem_baseline/a100_local_eval_20260910/evaluations/gradientfix-v1-t1-s1-c500-e10003/audited_summary.json,180,1,1,0
ActMem-VLA,1,1,10003,500,6,1,114,1,/data/libero_mem_baseline/a100_local_eval_20260910/evaluations/gradientfix-v1-t1-s1-c500-e10003/audited_summary.json,180,1,1,0
ActMem-VLA,1,1,10003,500,7,1,96,1,/data/libero_mem_baseline/a100_local_eval_20260910/evaluations/gradientfix-v1-t1-s1-c500-e10003/audited_summary.json,180,1,1,0
ActMem-VLA,1,1,10003,500,8,1,123,1,/data/libero_mem_baseline/a100_local_eval_20260910/evaluations/gradientfix-v1-t1-s1-c500-e10003/audited_summary.json,180,1,1,0
ActMem-VLA,1,1,10003,500,9,1,113,1,/data/libero_mem_baseline/a100_local_eval_20260910/evaluations/gradientfix-v1-t1-s1-c500-e10003/audited_summary.json,180,1,1,0
ActMem-VLA,1,1,10003,500,10,1,119,1,/data/libero_mem_baseline/a100_local_eval_20260910/evaluations/gradientfix-v1-t1-s1-c500-e10003/audited_summary.json,180,1,1,0
ActMem-VLA,1,1,10003,500,11,1,132,1,/data/libero_mem_baseline/a100_local_eval_20260910/evaluations/gradientfix-v1-t1-s1-c500-e10003/audited_summary.json,180,1,1,0
ActMem-VLA,1,1,10003,500,12,1,127,1,/data/libero_mem_baseline/a100_local_eval_20260910/evaluations/gradientfix-v1-t1-s1-c500-e10003/audited_summary.json,180,1,1,0
ActMem-VLA,1,1,10003,500,13,1,127,1,/data/libero_mem_baseline/a100_local_eval_20260910/evaluations/gradientfix-v1-t1-s1-c500-e10003/audited_summary.json,180,1,1,0
ActMem-VLA,1,1,10003,500,14,1,116,1,/data/libero_mem_baseline/a100_local_eval_20260910/evaluations/gradientfix-v1-t1-s1-c500-e10003/audited_summary.json,180,1,1,0
ActMem-VLA,1,1,10003,500,15,1,108,1,/data/libero_mem_baseline/a100_local_eval_20260910/evaluations/gradientfix-v1-t1-s1-c500-e10003/audited_summary.json,180,1,1,0
ActMem-VLA,1,1,10003,500,16,1,123,1,/data/libero_mem_baseline/a100_local_eval_20260910/evaluations/gradientfix-v1-t1-s1-c500-e10003/audited_summary.json,180,1,1,0
ActMem-VLA,1,1,10003,500,17,1,123,1,/data/libero_mem_baseline/a100_local_eval_20260910/evaluations/gradientfix-v1-t1-s1-c500-e10003/audited_summary.json,180,1,1,0
ActMem-VLA,1,1,10003,500,18,1,131,1,/data/libero_mem_baseline/a100_local_eval_20260910/evaluations/gradientfix-v1-t1-s1-c500-e10003/audited_summary.json,180,1,1,0
ActMem-VLA,1,1,10003,500,19,1,129,1,/data/libero_mem_baseline/a100_local_eval_20260910/evaluations/gradientfix-v1-t1-s1-c500-e10003/audited_summary.json,180,1,1,0
ActMem-VLA,1,42,10001,500,0,1,133,1,/pfs/pfs-7jnepv/lgd/libero_fullmatrix_20260909/evaluations/gradientfix-lgd-t1-s42-c500-e10001/audited_summary.json,180,1,1,0
ActMem-VLA,1,42,10001,500,1,1,123,1,/pfs/pfs-7jnepv/lgd/libero_fullmatrix_20260909/evaluations/gradientfix-lgd-t1-s42-c500-e10001/audited_summary.json,180,1,1,0
ActMem-VLA,1,42,10001,500,2,1,244,1,/pfs/pfs-7jnepv/lgd/libero_fullmatrix_20260909/evaluations/gradientfix-lgd-t1-s42-c500-e10001/audited_summary.json,180,1,0,1
ActMem-VLA,1,42,10001,500,3,1,159,1,/pfs/pfs-7jnepv/lgd/libero_fullmatrix_20260909/evaluations/gradientfix-lgd-t1-s42-c500-e10001/audited_summary.json,180,1,1,0
ActMem-VLA,1,42,10001,500,4,1,137,1,/pfs/pfs-7jnepv/lgd/libero_fullmatrix_20260909/evaluations/gradientfix-lgd-t1-s42-c500-e10001/audited_summary.json,180,1,1,0
ActMem-VLA,1,42,10001,500,5,1,128,1,/pfs/pfs-7jnepv/lgd/libero_fullmatrix_20260909/evaluations/gradientfix-lgd-t1-s42-c500-e10001/audited_summary.json,180,1,1,0
ActMem-VLA,1,42,10001,500,6,1,116,1,/pfs/pfs-7jnepv/lgd/libero_fullmatrix_20260909/evaluations/gradientfix-lgd-t1-s42-c500-e10001/audited_summary.json,180,1,1,0
ActMem-VLA,1,42,10001,500,7,1,114,1,/pfs/pfs-7jnepv/lgd/libero_fullmatrix_20260909/evaluations/gradientfix-lgd-t1-s42-c500-e10001/audited_summary.json,180,1,1,0
ActMem-VLA,1,42,10001,500,8,1,132,1,/pfs/pfs-7jnepv/lgd/libero_fullmatrix_20260909/evaluations/gradientfix-lgd-t1-s42-c500-e10001/audited_summary.json,180,1,1,0
ActMem-VLA,1,42,10001,500,9,1,100,1,/pfs/pfs-7jnepv/lgd/libero_fullmatrix_20260909/evaluations/gradientfix-lgd-t1-s42-c500-e10001/audited_summary.json,180,1,1,0
ActMem-VLA,1,42,10001,500,10,1,117,1,/pfs/pfs-7jnepv/lgd/libero_fullmatrix_20260909/evaluations/gradientfix-lgd-t1-s42-c500-e10001/audited_summary.json,180,1,1,0
ActMem-VLA,1,42,10001,500,11,1,137,1,/pfs/pfs-7jnepv/lgd/libero_fullmatrix_20260909/evaluations/gradientfix-lgd-t1-s42-c500-e10001/audited_summary.json,180,1,1,0
ActMem-VLA,1,42,10001,500,12,1,113,1,/pfs/pfs-7jnepv/lgd/libero_fullmatrix_20260909/evaluations/gradientfix-lgd-t1-s42-c500-e10001/audited_summary.json,180,1,1,0
ActMem-VLA,1,42,10001,500,13,1,130,1,/pfs/pfs-7jnepv/lgd/libero_fullmatrix_20260909/evaluations/gradientfix-lgd-t1-s42-c500-e10001/audited_summary.json,180,1,1,0
ActMem-VLA,1,42,10001,500,14,1,124,1,/pfs/pfs-7jnepv/lgd/libero_fullmatrix_20260909/evaluations/gradientfix-lgd-t1-s42-c500-e10001/audited_summary.json,180,1,1,0
ActMem-VLA,1,42,10001,500,15,1,240,1,/pfs/pfs-7jnepv/lgd/libero_fullmatrix_20260909/evaluations/gradientfix-lgd-t1-s42-c500-e10001/audited_summary.json,180,1,0,1
ActMem-VLA,1,42,10001,500,16,1,133,1,/pfs/pfs-7jnepv/lgd/libero_fullmatrix_20260909/evaluations/gradientfix-lgd-t1-s42-c500-e10001/audited_summary.json,180,1,1,0
ActMem-VLA,1,42,10001,500,17,1,124,1,/pfs/pfs-7jnepv/lgd/libero_fullmatrix_20260909/evaluations/gradientfix-lgd-t1-s42-c500-e10001/audited_summary.json,180,1,1,0
ActMem-VLA,1,42,10001,500,18,1,127,1,/pfs/pfs-7jnepv/lgd/libero_fullmatrix_20260909/evaluations/gradientfix-lgd-t1-s42-c500-e10001/audited_summary.json,180,1,1,0
ActMem-VLA,1,42,10001,500,19,1,130,1,/pfs/pfs-7jnepv/lgd/libero_fullmatrix_20260909/evaluations/gradientfix-lgd-t1-s42-c500-e10001/audited_summary.json,180,1,1,0
ActMem-VLA,1,42,10002,500,0,1,119,1,/pfs/pfs-7jnepv/lgd/libero_fullmatrix_20260909/evaluations/gradientfix-lgd-t1-s42-c500-e10002/audited_summary.json,180,1,1,0
ActMem-VLA,1,42,10002,500,1,1,111,1,/pfs/pfs-7jnepv/lgd/libero_fullmatrix_20260909/evaluations/gradientfix-lgd-t1-s42-c500-e10002/audited_summary.json,180,1,1,0
ActMem-VLA,1,42,10002,500,2,1,126,1,/pfs/pfs-7jnepv/lgd/libero_fullmatrix_20260909/evaluations/gradientfix-lgd-t1-s42-c500-e10002/audited_summary.json,180,1,1,0
ActMem-VLA,1,42,10002,500,3,1,122,1,/pfs/pfs-7jnepv/lgd/libero_fullmatrix_20260909/evaluations/gradientfix-lgd-t1-s42-c500-e10002/audited_summary.json,180,1,1,0
ActMem-VLA,1,42,10002,500,4,1,129,1,/pfs/pfs-7jnepv/lgd/libero_fullmatrix_20260909/evaluations/gradientfix-lgd-t1-s42-c500-e10002/audited_summary.json,180,1,1,0
ActMem-VLA,1,42,10002,500,5,1,132,1,/pfs/pfs-7jnepv/lgd/libero_fullmatrix_20260909/evaluations/gradientfix-lgd-t1-s42-c500-e10002/audited_summary.json,180,1,1,0
ActMem-VLA,1,42,10002,500,6,1,130,1,/pfs/pfs-7jnepv/lgd/libero_fullmatrix_20260909/evaluations/gradientfix-lgd-t1-s42-c500-e10002/audited_summary.json,180,1,1,0
ActMem-VLA,1,42,10002,500,7,1,115,1,/pfs/pfs-7jnepv/lgd/libero_fullmatrix_20260909/evaluations/gradientfix-lgd-t1-s42-c500-e10002/audited_summary.json,180,1,1,0
ActMem-VLA,1,42,10002,500,8,1,128,1,/pfs/pfs-7jnepv/lgd/libero_fullmatrix_20260909/evaluations/gradientfix-lgd-t1-s42-c500-e10002/audited_summary.json,180,1,1,0
ActMem-VLA,1,42,10002,500,9,1,227,1,/pfs/pfs-7jnepv/lgd/libero_fullmatrix_20260909/evaluations/gradientfix-lgd-t1-s42-c500-e10002/audited_summary.json,180,1,0,1
ActMem-VLA,1,42,10002,500,10,1,245,1,/pfs/pfs-7jnepv/lgd/libero_fullmatrix_20260909/evaluations/gradientfix-lgd-t1-s42-c500-e10002/audited_summary.json,180,1,0,1
ActMem-VLA,1,42,10002,500,11,1,131,1,/pfs/pfs-7jnepv/lgd/libero_fullmatrix_20260909/evaluations/gradientfix-lgd-t1-s42-c500-e10002/audited_summary.json,180,1,1,0
ActMem-VLA,1,42,10002,500,12,1,133,1,/pfs/pfs-7jnepv/lgd/libero_fullmatrix_20260909/evaluations/gradientfix-lgd-t1-s42-c500-e10002/audited_summary.json,180,1,1,0
ActMem-VLA,1,42,10002,500,13,1,135,1,/pfs/pfs-7jnepv/lgd/libero_fullmatrix_20260909/evaluations/gradientfix-lgd-t1-s42-c500-e10002/audited_summary.json,180,1,1,0
ActMem-VLA,1,42,10002,500,14,1,127,1,/pfs/pfs-7jnepv/lgd/libero_fullmatrix_20260909/evaluations/gradientfix-lgd-t1-s42-c500-e10002/audited_summary.json,180,1,1,0
ActMem-VLA,1,42,10002,500,15,1,127,1,/pfs/pfs-7jnepv/lgd/libero_fullmatrix_20260909/evaluations/gradientfix-lgd-t1-s42-c500-e10002/audited_summary.json,180,1,1,0
ActMem-VLA,1,42,10002,500,16,1,127,1,/pfs/pfs-7jnepv/lgd/libero_fullmatrix_20260909/evaluations/gradientfix-lgd-t1-s42-c500-e10002/audited_summary.json,180,1,1,0
ActMem-VLA,1,42,10002,500,17,1,116,1,/pfs/pfs-7jnepv/lgd/libero_fullmatrix_20260909/evaluations/gradientfix-lgd-t1-s42-c500-e10002/audited_summary.json,180,1,1,0
ActMem-VLA,1,42,10002,500,18,1,135,1,/pfs/pfs-7jnepv/lgd/libero_fullmatrix_20260909/evaluations/gradientfix-lgd-t1-s42-c500-e10002/audited_summary.json,180,1,1,0
ActMem-VLA,1,42,10002,500,19,1,124,1,/pfs/pfs-7jnepv/lgd/libero_fullmatrix_20260909/evaluations/gradientfix-lgd-t1-s42-c500-e10002/audited_summary.json,180,1,1,0
ActMem-VLA,1,42,10003,500,0,1,145,1,/pfs/pfs-7jnepv/lgd/libero_fullmatrix_20260909/evaluations/gradientfix-lgd-t1-s42-c500-e10003/audited_summary.json,180,1,1,0
ActMem-VLA,1,42,10003,500,1,1,131,1,/pfs/pfs-7jnepv/lgd/libero_fullmatrix_20260909/evaluations/gradientfix-lgd-t1-s42-c500-e10003/audited_summary.json,180,1,1,0
ActMem-VLA,1,42,10003,500,2,1,135,1,/pfs/pfs-7jnepv/lgd/libero_fullmatrix_20260909/evaluations/gradientfix-lgd-t1-s42-c500-e10003/audited_summary.json,180,1,1,0
ActMem-VLA,1,42,10003,500,3,1,89,1,/pfs/pfs-7jnepv/lgd/libero_fullmatrix_20260909/evaluations/gradientfix-lgd-t1-s42-c500-e10003/audited_summary.json,180,1,1,0
ActMem-VLA,1,42,10003,500,4,1,136,1,/pfs/pfs-7jnepv/lgd/libero_fullmatrix_20260909/evaluations/gradientfix-lgd-t1-s42-c500-e10003/audited_summary.json,180,1,1,0
ActMem-VLA,1,42,10003,500,5,1,122,1,/pfs/pfs-7jnepv/lgd/libero_fullmatrix_20260909/evaluations/gradientfix-lgd-t1-s42-c500-e10003/audited_summary.json,180,1,1,0
ActMem-VLA,1,42,10003,500,6,1,104,1,/pfs/pfs-7jnepv/lgd/libero_fullmatrix_20260909/evaluations/gradientfix-lgd-t1-s42-c500-e10003/audited_summary.json,180,1,1,0
ActMem-VLA,1,42,10003,500,7,1,95,1,/pfs/pfs-7jnepv/lgd/libero_fullmatrix_20260909/evaluations/gradientfix-lgd-t1-s42-c500-e10003/audited_summary.json,180,1,1,0
ActMem-VLA,1,42,10003,500,8,1,122,1,/pfs/pfs-7jnepv/lgd/libero_fullmatrix_20260909/evaluations/gradientfix-lgd-t1-s42-c500-e10003/audited_summary.json,180,1,1,0
ActMem-VLA,1,42,10003,500,9,1,116,1,/pfs/pfs-7jnepv/lgd/libero_fullmatrix_20260909/evaluations/gradientfix-lgd-t1-s42-c500-e10003/audited_summary.json,180,1,1,0
ActMem-VLA,1,42,10003,500,10,1,121,1,/pfs/pfs-7jnepv/lgd/libero_fullmatrix_20260909/evaluations/gradientfix-lgd-t1-s42-c500-e10003/audited_summary.json,180,1,1,0
ActMem-VLA,1,42,10003,500,11,1,139,1,/pfs/pfs-7jnepv/lgd/libero_fullmatrix_20260909/evaluations/gradientfix-lgd-t1-s42-c500-e10003/audited_summary.json,180,1,1,0
ActMem-VLA,1,42,10003,500,12,1,116,1,/pfs/pfs-7jnepv/lgd/libero_fullmatrix_20260909/evaluations/gradientfix-lgd-t1-s42-c500-e10003/audited_summary.json,180,1,1,0
ActMem-VLA,1,42,10003,500,13,1,127,1,/pfs/pfs-7jnepv/lgd/libero_fullmatrix_20260909/evaluations/gradientfix-lgd-t1-s42-c500-e10003/audited_summary.json,180,1,1,0
ActMem-VLA,1,42,10003,500,14,1,114,1,/pfs/pfs-7jnepv/lgd/libero_fullmatrix_20260909/evaluations/gradientfix-lgd-t1-s42-c500-e10003/audited_summary.json,180,1,1,0
ActMem-VLA,1,42,10003,500,15,1,100,1,/pfs/pfs-7jnepv/lgd/libero_fullmatrix_20260909/evaluations/gradientfix-lgd-t1-s42-c500-e10003/audited_summary.json,180,1,1,0
ActMem-VLA,1,42,10003,500,16,1,133,1,/pfs/pfs-7jnepv/lgd/libero_fullmatrix_20260909/evaluations/gradientfix-lgd-t1-s42-c500-e10003/audited_summary.json,180,1,1,0
ActMem-VLA,1,42,10003,500,17,1,130,1,/pfs/pfs-7jnepv/lgd/libero_fullmatrix_20260909/evaluations/gradientfix-lgd-t1-s42-c500-e10003/audited_summary.json,180,1,1,0
ActMem-VLA,1,42,10003,500,18,1,96,1,/pfs/pfs-7jnepv/lgd/libero_fullmatrix_20260909/evaluations/gradientfix-lgd-t1-s42-c500-e10003/audited_summary.json,180,1,1,0
ActMem-VLA,1,42,10003,500,19,1,129,1,/pfs/pfs-7jnepv/lgd/libero_fullmatrix_20260909/evaluations/gradientfix-lgd-t1-s42-c500-e10003/audited_summary.json,180,1,1,0
pi05,2,42,10001,49999,0,1,140,1,/pfs/pfs-7jnepv/lgd/libero_fullmatrix_20260909/evaluations/pi05-t2-c49999-e10001/audited_summary.json,220,1,1,0
pi05,2,42,10001,49999,1,1,91,1,/pfs/pfs-7jnepv/lgd/libero_fullmatrix_20260909/evaluations/pi05-t2-c49999-e10001/audited_summary.json,220,1,1,0
pi05,2,42,10001,49999,2,1,88,1,/pfs/pfs-7jnepv/lgd/libero_fullmatrix_20260909/evaluations/pi05-t2-c49999-e10001/audited_summary.json,220,1,1,0
pi05,2,42,10001,49999,3,1,203,1,/pfs/pfs-7jnepv/lgd/libero_fullmatrix_20260909/evaluations/pi05-t2-c49999-e10001/audited_summary.json,220,1,1,0
pi05,2,42,10001,49999,4,1,112,1,/pfs/pfs-7jnepv/lgd/libero_fullmatrix_20260909/evaluations/pi05-t2-c49999-e10001/audited_summary.json,220,1,1,0
pi05,2,42,10001,49999,5,1,117,1,/pfs/pfs-7jnepv/lgd/libero_fullmatrix_20260909/evaluations/pi05-t2-c49999-e10001/audited_summary.json,220,1,1,0
pi05,2,42,10001,49999,6,1,125,1,/pfs/pfs-7jnepv/lgd/libero_fullmatrix_20260909/evaluations/pi05-t2-c49999-e10001/audited_summary.json,220,1,1,0
pi05,2,42,10001,49999,7,1,110,1,/pfs/pfs-7jnepv/lgd/libero_fullmatrix_20260909/evaluations/pi05-t2-c49999-e10001/audited_summary.json,220,1,1,0
pi05,2,42,10001,49999,8,1,143,1,/pfs/pfs-7jnepv/lgd/libero_fullmatrix_20260909/evaluations/pi05-t2-c49999-e10001/audited_summary.json,220,1,1,0
pi05,2,42,10001,49999,9,1,131,1,/pfs/pfs-7jnepv/lgd/libero_fullmatrix_20260909/evaluations/pi05-t2-c49999-e10001/audited_summary.json,220,1,1,0
pi05,2,42,10001,49999,10,1,184,1,/pfs/pfs-7jnepv/lgd/libero_fullmatrix_20260909/evaluations/pi05-t2-c49999-e10001/audited_summary.json,220,1,1,0
pi05,2,42,10001,49999,11,1,251,1,/pfs/pfs-7jnepv/lgd/libero_fullmatrix_20260909/evaluations/pi05-t2-c49999-e10001/audited_summary.json,220,1,0,1
pi05,2,42,10001,49999,12,1,191,1,/pfs/pfs-7jnepv/lgd/libero_fullmatrix_20260909/evaluations/pi05-t2-c49999-e10001/audited_summary.json,220,1,1,0
pi05,2,42,10001,49999,13,1,112,1,/pfs/pfs-7jnepv/lgd/libero_fullmatrix_20260909/evaluations/pi05-t2-c49999-e10001/audited_summary.json,220,1,1,0
pi05,2,42,10001,49999,14,1,169,1,/pfs/pfs-7jnepv/lgd/libero_fullmatrix_20260909/evaluations/pi05-t2-c49999-e10001/audited_summary.json,220,1,1,0
pi05,2,42,10001,49999,15,1,101,1,/pfs/pfs-7jnepv/lgd/libero_fullmatrix_20260909/evaluations/pi05-t2-c49999-e10001/audited_summary.json,220,1,1,0
pi05,2,42,10001,49999,16,1,96,1,/pfs/pfs-7jnepv/lgd/libero_fullmatrix_20260909/evaluations/pi05-t2-c49999-e10001/audited_summary.json,220,1,1,0
pi05,2,42,10001,49999,17,1,280,1,/pfs/pfs-7jnepv/lgd/libero_fullmatrix_20260909/evaluations/pi05-t2-c49999-e10001/audited_summary.json,220,1,0,1
pi05,2,42,10001,49999,18,1,88,1,/pfs/pfs-7jnepv/lgd/libero_fullmatrix_20260909/evaluations/pi05-t2-c49999-e10001/audited_summary.json,220,1,1,0
pi05,2,42,10001,49999,19,1,158,1,/pfs/pfs-7jnepv/lgd/libero_fullmatrix_20260909/evaluations/pi05-t2-c49999-e10001/audited_summary.json,220,1,1,0
pi05,2,42,10002,49999,0,1,186,1,/pfs/pfs-7jnepv/lgd/libero_fullmatrix_20260909/evaluations/pi05-t2-c49999-e10002/audited_summary.json,220,1,1,0
pi05,2,42,10002,49999,1,1,125,1,/pfs/pfs-7jnepv/lgd/libero_fullmatrix_20260909/evaluations/pi05-t2-c49999-e10002/audited_summary.json,220,1,1,0
pi05,2,42,10002,49999,2,1,150,1,/pfs/pfs-7jnepv/lgd/libero_fullmatrix_20260909/evaluations/pi05-t2-c49999-e10002/audited_summary.json,220,1,1,0
pi05,2,42,10002,49999,3,1,214,1,/pfs/pfs-7jnepv/lgd/libero_fullmatrix_20260909/evaluations/pi05-t2-c49999-e10002/audited_summary.json,220,1,1,0
pi05,2,42,10002,49999,4,1,251,1,/pfs/pfs-7jnepv/lgd/libero_fullmatrix_20260909/evaluations/pi05-t2-c49999-e10002/audited_summary.json,220,1,0,1
pi05,2,42,10002,49999,5,1,266,1,/pfs/pfs-7jnepv/lgd/libero_fullmatrix_20260909/evaluations/pi05-t2-c49999-e10002/audited_summary.json,220,1,0,1
pi05,2,42,10002,49999,6,1,165,1,/pfs/pfs-7jnepv/lgd/libero_fullmatrix_20260909/evaluations/pi05-t2-c49999-e10002/audited_summary.json,220,1,1,0
pi05,2,42,10002,49999,7,1,175,1,/pfs/pfs-7jnepv/lgd/libero_fullmatrix_20260909/evaluations/pi05-t2-c49999-e10002/audited_summary.json,220,1,1,0
pi05,2,42,10002,49999,8,1,121,1,/pfs/pfs-7jnepv/lgd/libero_fullmatrix_20260909/evaluations/pi05-t2-c49999-e10002/audited_summary.json,220,1,1,0
pi05,2,42,10002,49999,9,1,131,1,/pfs/pfs-7jnepv/lgd/libero_fullmatrix_20260909/evaluations/pi05-t2-c49999-e10002/audited_summary.json,220,1,1,0
pi05,2,42,10002,49999,10,1,118,1,/pfs/pfs-7jnepv/lgd/libero_fullmatrix_20260909/evaluations/pi05-t2-c49999-e10002/audited_summary.json,220,1,1,0
pi05,2,42,10002,49999,11,1,161,1,/pfs/pfs-7jnepv/lgd/libero_fullmatrix_20260909/evaluations/pi05-t2-c49999-e10002/audited_summary.json,220,1,1,0
pi05,2,42,10002,49999,12,1,132,1,/pfs/pfs-7jnepv/lgd/libero_fullmatrix_20260909/evaluations/pi05-t2-c49999-e10002/audited_summary.json,220,1,1,0
pi05,2,42,10002,49999,13,1,99,1,/pfs/pfs-7jnepv/lgd/libero_fullmatrix_20260909/evaluations/pi05-t2-c49999-e10002/audited_summary.json,220,1,1,0
pi05,2,42,10002,49999,14,1,129,1,/pfs/pfs-7jnepv/lgd/libero_fullmatrix_20260909/evaluations/pi05-t2-c49999-e10002/audited_summary.json,220,1,1,0
pi05,2,42,10002,49999,15,1,181,1,/pfs/pfs-7jnepv/lgd/libero_fullmatrix_20260909/evaluations/pi05-t2-c49999-e10002/audited_summary.json,220,1,1,0
pi05,2,42,10002,49999,16,1,137,1,/pfs/pfs-7jnepv/lgd/libero_fullmatrix_20260909/evaluations/pi05-t2-c49999-e10002/audited_summary.json,220,1,1,0
pi05,2,42,10002,49999,17,1,99,1,/pfs/pfs-7jnepv/lgd/libero_fullmatrix_20260909/evaluations/pi05-t2-c49999-e10002/audited_summary.json,220,1,1,0
pi05,2,42,10002,49999,18,1,172,1,/pfs/pfs-7jnepv/lgd/libero_fullmatrix_20260909/evaluations/pi05-t2-c49999-e10002/audited_summary.json,220,1,1,0
pi05,2,42,10002,49999,19,1,133,1,/pfs/pfs-7jnepv/lgd/libero_fullmatrix_20260909/evaluations/pi05-t2-c49999-e10002/audited_summary.json,220,1,1,0
pi05,2,42,10003,49999,0,1,120,1,/pfs/pfs-7jnepv/lgd/libero_fullmatrix_20260909/evaluations/pi05-t2-c49999-e10003/audited_summary.json,220,1,1,0
pi05,2,42,10003,49999,1,1,93,1,/pfs/pfs-7jnepv/lgd/libero_fullmatrix_20260909/evaluations/pi05-t2-c49999-e10003/audited_summary.json,220,1,1,0
pi05,2,42,10003,49999,2,1,205,1,/pfs/pfs-7jnepv/lgd/libero_fullmatrix_20260909/evaluations/pi05-t2-c49999-e10003/audited_summary.json,220,1,1,0
pi05,2,42,10003,49999,3,1,139,1,/pfs/pfs-7jnepv/lgd/libero_fullmatrix_20260909/evaluations/pi05-t2-c49999-e10003/audited_summary.json,220,1,1,0
pi05,2,42,10003,49999,4,1,108,1,/pfs/pfs-7jnepv/lgd/libero_fullmatrix_20260909/evaluations/pi05-t2-c49999-e10003/audited_summary.json,220,1,1,0
pi05,2,42,10003,49999,5,1,120,1,/pfs/pfs-7jnepv/lgd/libero_fullmatrix_20260909/evaluations/pi05-t2-c49999-e10003/audited_summary.json,220,1,1,0
pi05,2,42,10003,49999,6,1,95,1,/pfs/pfs-7jnepv/lgd/libero_fullmatrix_20260909/evaluations/pi05-t2-c49999-e10003/audited_summary.json,220,1,1,0
pi05,2,42,10003,49999,7,1,233,1,/pfs/pfs-7jnepv/lgd/libero_fullmatrix_20260909/evaluations/pi05-t2-c49999-e10003/audited_summary.json,220,1,0,1
pi05,2,42,10003,49999,8,1,128,1,/pfs/pfs-7jnepv/lgd/libero_fullmatrix_20260909/evaluations/pi05-t2-c49999-e10003/audited_summary.json,220,1,1,0
pi05,2,42,10003,49999,9,1,189,1,/pfs/pfs-7jnepv/lgd/libero_fullmatrix_20260909/evaluations/pi05-t2-c49999-e10003/audited_summary.json,220,1,1,0
pi05,2,42,10003,49999,10,1,114,1,/pfs/pfs-7jnepv/lgd/libero_fullmatrix_20260909/evaluations/pi05-t2-c49999-e10003/audited_summary.json,220,1,1,0
pi05,2,42,10003,49999,11,1,248,1,/pfs/pfs-7jnepv/lgd/libero_fullmatrix_20260909/evaluations/pi05-t2-c49999-e10003/audited_summary.json,220,1,0,1
pi05,2,42,10003,49999,12,1,117,1,/pfs/pfs-7jnepv/lgd/libero_fullmatrix_20260909/evaluations/pi05-t2-c49999-e10003/audited_summary.json,220,1,1,0
pi05,2,42,10003,49999,13,1,96,1,/pfs/pfs-7jnepv/lgd/libero_fullmatrix_20260909/evaluations/pi05-t2-c49999-e10003/audited_summary.json,220,1,1,0
pi05,2,42,10003,49999,14,1,137,1,/pfs/pfs-7jnepv/lgd/libero_fullmatrix_20260909/evaluations/pi05-t2-c49999-e10003/audited_summary.json,220,1,1,0
pi05,2,42,10003,49999,15,1,175,1,/pfs/pfs-7jnepv/lgd/libero_fullmatrix_20260909/evaluations/pi05-t2-c49999-e10003/audited_summary.json,220,1,1,0
pi05,2,42,10003,49999,16,1,162,1,/pfs/pfs-7jnepv/lgd/libero_fullmatrix_20260909/evaluations/pi05-t2-c49999-e10003/audited_summary.json,220,1,1,0
pi05,2,42,10003,49999,17,1,109,1,/pfs/pfs-7jnepv/lgd/libero_fullmatrix_20260909/evaluations/pi05-t2-c49999-e10003/audited_summary.json,220,1,1,0
pi05,2,42,10003,49999,18,1,125,1,/pfs/pfs-7jnepv/lgd/libero_fullmatrix_20260909/evaluations/pi05-t2-c49999-e10003/audited_summary.json,220,1,1,0
pi05,2,42,10003,49999,19,1,127,1,/pfs/pfs-7jnepv/lgd/libero_fullmatrix_20260909/evaluations/pi05-t2-c49999-e10003/audited_summary.json,220,1,1,0
MemoryVLA,2,42,10001,40000,0,1,420,1,/pfs/pfs-7jnepv/lgd/libero_fullmatrix_20260909/evaluations/MemoryVLA-c40000-t2-e10001/audited_summary.json,220,1,0,1
MemoryVLA,2,42,10001,40000,1,1,110,1,/pfs/pfs-7jnepv/lgd/libero_fullmatrix_20260909/evaluations/MemoryVLA-c40000-t2-e10001/audited_summary.json,220,1,1,0
MemoryVLA,2,42,10001,40000,2,1,102,1,/pfs/pfs-7jnepv/lgd/libero_fullmatrix_20260909/evaluations/MemoryVLA-c40000-t2-e10001/audited_summary.json,220,1,1,0
MemoryVLA,2,42,10001,40000,3,1,130,1,/pfs/pfs-7jnepv/lgd/libero_fullmatrix_20260909/evaluations/MemoryVLA-c40000-t2-e10001/audited_summary.json,220,1,1,0
MemoryVLA,2,42,10001,40000,4,1,324,1,/pfs/pfs-7jnepv/lgd/libero_fullmatrix_20260909/evaluations/MemoryVLA-c40000-t2-e10001/audited_summary.json,220,1,0,1
MemoryVLA,2,42,10001,40000,5,1,115,1,/pfs/pfs-7jnepv/lgd/libero_fullmatrix_20260909/evaluations/MemoryVLA-c40000-t2-e10001/audited_summary.json,220,1,1,0
MemoryVLA,2,42,10001,40000,6,1,103,1,/pfs/pfs-7jnepv/lgd/libero_fullmatrix_20260909/evaluations/MemoryVLA-c40000-t2-e10001/audited_summary.json,220,1,1,0
MemoryVLA,2,42,10001,40000,7,1,132,1,/pfs/pfs-7jnepv/lgd/libero_fullmatrix_20260909/evaluations/MemoryVLA-c40000-t2-e10001/audited_summary.json,220,1,1,0
MemoryVLA,2,42,10001,40000,8,1,113,1,/pfs/pfs-7jnepv/lgd/libero_fullmatrix_20260909/evaluations/MemoryVLA-c40000-t2-e10001/audited_summary.json,220,1,1,0
MemoryVLA,2,42,10001,40000,9,1,231,1,/pfs/pfs-7jnepv/lgd/libero_fullmatrix_20260909/evaluations/MemoryVLA-c40000-t2-e10001/audited_summary.json,220,1,0,1
MemoryVLA,2,42,10001,40000,10,1,118,1,/pfs/pfs-7jnepv/lgd/libero_fullmatrix_20260909/evaluations/MemoryVLA-c40000-t2-e10001/audited_summary.json,220,1,1,0
MemoryVLA,2,42,10001,40000,11,1,173,1,/pfs/pfs-7jnepv/lgd/libero_fullmatrix_20260909/evaluations/MemoryVLA-c40000-t2-e10001/audited_summary.json,220,1,1,0
MemoryVLA,2,42,10001,40000,12,1,123,1,/pfs/pfs-7jnepv/lgd/libero_fullmatrix_20260909/evaluations/MemoryVLA-c40000-t2-e10001/audited_summary.json,220,1,1,0
MemoryVLA,2,42,10001,40000,13,1,99,1,/pfs/pfs-7jnepv/lgd/libero_fullmatrix_20260909/evaluations/MemoryVLA-c40000-t2-e10001/audited_summary.json,220,1,1,0
MemoryVLA,2,42,10001,40000,14,1,145,1,/pfs/pfs-7jnepv/lgd/libero_fullmatrix_20260909/evaluations/MemoryVLA-c40000-t2-e10001/audited_summary.json,220,1,1,0
MemoryVLA,2,42,10001,40000,15,1,95,1,/pfs/pfs-7jnepv/lgd/libero_fullmatrix_20260909/evaluations/MemoryVLA-c40000-t2-e10001/audited_summary.json,220,1,1,0
MemoryVLA,2,42,10001,40000,16,1,102,1,/pfs/pfs-7jnepv/lgd/libero_fullmatrix_20260909/evaluations/MemoryVLA-c40000-t2-e10001/audited_summary.json,220,1,1,0
MemoryVLA,2,42,10001,40000,17,1,94,1,/pfs/pfs-7jnepv/lgd/libero_fullmatrix_20260909/evaluations/MemoryVLA-c40000-t2-e10001/audited_summary.json,220,1,1,0
MemoryVLA,2,42,10001,40000,18,0,600,0,/pfs/pfs-7jnepv/lgd/libero_fullmatrix_20260909/evaluations/MemoryVLA-c40000-t2-e10001/audited_summary.json,220,0,0,0
MemoryVLA,2,42,10001,40000,19,1,116,1,/pfs/pfs-7jnepv/lgd/libero_fullmatrix_20260909/evaluations/MemoryVLA-c40000-t2-e10001/audited_summary.json,220,1,1,0
MemoryVLA,2,42,10002,40000,0,0,600,0,/pfs/pfs-7jnepv/lgd/libero_fullmatrix_20260909/evaluations/MemoryVLA-c40000-t2-e10002/audited_summary.json,220,0,0,0
MemoryVLA,2,42,10002,40000,1,1,119,1,/pfs/pfs-7jnepv/lgd/libero_fullmatrix_20260909/evaluations/MemoryVLA-c40000-t2-e10002/audited_summary.json,220,1,1,0
MemoryVLA,2,42,10002,40000,2,1,163,1,/pfs/pfs-7jnepv/lgd/libero_fullmatrix_20260909/evaluations/MemoryVLA-c40000-t2-e10002/audited_summary.json,220,1,1,0
MemoryVLA,2,42,10002,40000,3,1,131,1,/pfs/pfs-7jnepv/lgd/libero_fullmatrix_20260909/evaluations/MemoryVLA-c40000-t2-e10002/audited_summary.json,220,1,1,0
MemoryVLA,2,42,10002,40000,4,1,127,1,/pfs/pfs-7jnepv/lgd/libero_fullmatrix_20260909/evaluations/MemoryVLA-c40000-t2-e10002/audited_summary.json,220,1,1,0
MemoryVLA,2,42,10002,40000,5,1,115,1,/pfs/pfs-7jnepv/lgd/libero_fullmatrix_20260909/evaluations/MemoryVLA-c40000-t2-e10002/audited_summary.json,220,1,1,0
MemoryVLA,2,42,10002,40000,6,1,104,1,/pfs/pfs-7jnepv/lgd/libero_fullmatrix_20260909/evaluations/MemoryVLA-c40000-t2-e10002/audited_summary.json,220,1,1,0
MemoryVLA,2,42,10002,40000,7,1,141,1,/pfs/pfs-7jnepv/lgd/libero_fullmatrix_20260909/evaluations/MemoryVLA-c40000-t2-e10002/audited_summary.json,220,1,1,0
MemoryVLA,2,42,10002,40000,8,1,108,1,/pfs/pfs-7jnepv/lgd/libero_fullmatrix_20260909/evaluations/MemoryVLA-c40000-t2-e10002/audited_summary.json,220,1,1,0
MemoryVLA,2,42,10002,40000,9,1,115,1,/pfs/pfs-7jnepv/lgd/libero_fullmatrix_20260909/evaluations/MemoryVLA-c40000-t2-e10002/audited_summary.json,220,1,1,0
MemoryVLA,2,42,10002,40000,10,1,123,1,/pfs/pfs-7jnepv/lgd/libero_fullmatrix_20260909/evaluations/MemoryVLA-c40000-t2-e10002/audited_summary.json,220,1,1,0
MemoryVLA,2,42,10002,40000,11,1,138,1,/pfs/pfs-7jnepv/lgd/libero_fullmatrix_20260909/evaluations/MemoryVLA-c40000-t2-e10002/audited_summary.json,220,1,1,0
MemoryVLA,2,42,10002,40000,12,1,176,1,/pfs/pfs-7jnepv/lgd/libero_fullmatrix_20260909/evaluations/MemoryVLA-c40000-t2-e10002/audited_summary.json,220,1,1,0
MemoryVLA,2,42,10002,40000,13,1,106,1,/pfs/pfs-7jnepv/lgd/libero_fullmatrix_20260909/evaluations/MemoryVLA-c40000-t2-e10002/audited_summary.json,220,1,1,0
MemoryVLA,2,42,10002,40000,14,1,143,1,/pfs/pfs-7jnepv/lgd/libero_fullmatrix_20260909/evaluations/MemoryVLA-c40000-t2-e10002/audited_summary.json,220,1,1,0
MemoryVLA,2,42,10002,40000,15,1,97,1,/pfs/pfs-7jnepv/lgd/libero_fullmatrix_20260909/evaluations/MemoryVLA-c40000-t2-e10002/audited_summary.json,220,1,1,0
MemoryVLA,2,42,10002,40000,16,1,100,1,/pfs/pfs-7jnepv/lgd/libero_fullmatrix_20260909/evaluations/MemoryVLA-c40000-t2-e10002/audited_summary.json,220,1,1,0
MemoryVLA,2,42,10002,40000,17,1,101,1,/pfs/pfs-7jnepv/lgd/libero_fullmatrix_20260909/evaluations/MemoryVLA-c40000-t2-e10002/audited_summary.json,220,1,1,0
MemoryVLA,2,42,10002,40000,18,1,127,1,/pfs/pfs-7jnepv/lgd/libero_fullmatrix_20260909/evaluations/MemoryVLA-c40000-t2-e10002/audited_summary.json,220,1,1,0
MemoryVLA,2,42,10002,40000,19,1,116,1,/pfs/pfs-7jnepv/lgd/libero_fullmatrix_20260909/evaluations/MemoryVLA-c40000-t2-e10002/audited_summary.json,220,1,1,0
MemoryVLA,2,42,10003,40000,0,0,600,0,/pfs/pfs-7jnepv/lgd/libero_fullmatrix_20260909/evaluations/MemoryVLA-c40000-t2-e10003/audited_summary.json,220,0,0,0
MemoryVLA,2,42,10003,40000,1,1,116,1,/pfs/pfs-7jnepv/lgd/libero_fullmatrix_20260909/evaluations/MemoryVLA-c40000-t2-e10003/audited_summary.json,220,1,1,0
MemoryVLA,2,42,10003,40000,2,1,160,1,/pfs/pfs-7jnepv/lgd/libero_fullmatrix_20260909/evaluations/MemoryVLA-c40000-t2-e10003/audited_summary.json,220,1,1,0
MemoryVLA,2,42,10003,40000,3,1,131,1,/pfs/pfs-7jnepv/lgd/libero_fullmatrix_20260909/evaluations/MemoryVLA-c40000-t2-e10003/audited_summary.json,220,1,1,0
MemoryVLA,2,42,10003,40000,4,1,127,1,/pfs/pfs-7jnepv/lgd/libero_fullmatrix_20260909/evaluations/MemoryVLA-c40000-t2-e10003/audited_summary.json,220,1,1,0
MemoryVLA,2,42,10003,40000,5,1,174,1,/pfs/pfs-7jnepv/lgd/libero_fullmatrix_20260909/evaluations/MemoryVLA-c40000-t2-e10003/audited_summary.json,220,1,1,0
MemoryVLA,2,42,10003,40000,6,1,105,1,/pfs/pfs-7jnepv/lgd/libero_fullmatrix_20260909/evaluations/MemoryVLA-c40000-t2-e10003/audited_summary.json,220,1,1,0
MemoryVLA,2,42,10003,40000,7,1,131,1,/pfs/pfs-7jnepv/lgd/libero_fullmatrix_20260909/evaluations/MemoryVLA-c40000-t2-e10003/audited_summary.json,220,1,1,0
MemoryVLA,2,42,10003,40000,8,1,98,1,/pfs/pfs-7jnepv/lgd/libero_fullmatrix_20260909/evaluations/MemoryVLA-c40000-t2-e10003/audited_summary.json,220,1,1,0
MemoryVLA,2,42,10003,40000,9,1,116,1,/pfs/pfs-7jnepv/lgd/libero_fullmatrix_20260909/evaluations/MemoryVLA-c40000-t2-e10003/audited_summary.json,220,1,1,0
MemoryVLA,2,42,10003,40000,10,1,125,1,/pfs/pfs-7jnepv/lgd/libero_fullmatrix_20260909/evaluations/MemoryVLA-c40000-t2-e10003/audited_summary.json,220,1,1,0
MemoryVLA,2,42,10003,40000,11,1,133,1,/pfs/pfs-7jnepv/lgd/libero_fullmatrix_20260909/evaluations/MemoryVLA-c40000-t2-e10003/audited_summary.json,220,1,1,0
MemoryVLA,2,42,10003,40000,12,0,600,0,/pfs/pfs-7jnepv/lgd/libero_fullmatrix_20260909/evaluations/MemoryVLA-c40000-t2-e10003/audited_summary.json,220,0,0,0
MemoryVLA,2,42,10003,40000,13,1,107,1,/pfs/pfs-7jnepv/lgd/libero_fullmatrix_20260909/evaluations/MemoryVLA-c40000-t2-e10003/audited_summary.json,220,1,1,0
MemoryVLA,2,42,10003,40000,14,1,142,1,/pfs/pfs-7jnepv/lgd/libero_fullmatrix_20260909/evaluations/MemoryVLA-c40000-t2-e10003/audited_summary.json,220,1,1,0
MemoryVLA,2,42,10003,40000,15,1,91,1,/pfs/pfs-7jnepv/lgd/libero_fullmatrix_20260909/evaluations/MemoryVLA-c40000-t2-e10003/audited_summary.json,220,1,1,0
MemoryVLA,2,42,10003,40000,16,1,108,1,/pfs/pfs-7jnepv/lgd/libero_fullmatrix_20260909/evaluations/MemoryVLA-c40000-t2-e10003/audited_summary.json,220,1,1,0
MemoryVLA,2,42,10003,40000,17,1,95,1,/pfs/pfs-7jnepv/lgd/libero_fullmatrix_20260909/evaluations/MemoryVLA-c40000-t2-e10003/audited_summary.json,220,1,1,0
MemoryVLA,2,42,10003,40000,18,1,125,1,/pfs/pfs-7jnepv/lgd/libero_fullmatrix_20260909/evaluations/MemoryVLA-c40000-t2-e10003/audited_summary.json,220,1,1,0
MemoryVLA,2,42,10003,40000,19,1,116,1,/pfs/pfs-7jnepv/lgd/libero_fullmatrix_20260909/evaluations/MemoryVLA-c40000-t2-e10003/audited_summary.json,220,1,1,0
ActMem-VLA,2,0,10001,500,0,1,189,1,/data/libero_mem_baseline/a100_local_eval_20260910/evaluations/gradientfix-v1-t2-s0-c500-e10001/audited_summary.json,220,1,1,0
ActMem-VLA,2,0,10001,500,1,1,115,1,/data/libero_mem_baseline/a100_local_eval_20260910/evaluations/gradientfix-v1-t2-s0-c500-e10001/audited_summary.json,220,1,1,0
ActMem-VLA,2,0,10001,500,2,1,192,1,/data/libero_mem_baseline/a100_local_eval_20260910/evaluations/gradientfix-v1-t2-s0-c500-e10001/audited_summary.json,220,1,1,0
ActMem-VLA,2,0,10001,500,3,1,133,1,/data/libero_mem_baseline/a100_local_eval_20260910/evaluations/gradientfix-v1-t2-s0-c500-e10001/audited_summary.json,220,1,1,0
ActMem-VLA,2,0,10001,500,4,1,290,1,/data/libero_mem_baseline/a100_local_eval_20260910/evaluations/gradientfix-v1-t2-s0-c500-e10001/audited_summary.json,220,1,0,1
ActMem-VLA,2,0,10001,500,5,1,173,1,/data/libero_mem_baseline/a100_local_eval_20260910/evaluations/gradientfix-v1-t2-s0-c500-e10001/audited_summary.json,220,1,1,0
ActMem-VLA,2,0,10001,500,6,1,107,1,/data/libero_mem_baseline/a100_local_eval_20260910/evaluations/gradientfix-v1-t2-s0-c500-e10001/audited_summary.json,220,1,1,0
ActMem-VLA,2,0,10001,500,7,1,203,1,/data/libero_mem_baseline/a100_local_eval_20260910/evaluations/gradientfix-v1-t2-s0-c500-e10001/audited_summary.json,220,1,1,0
ActMem-VLA,2,0,10001,500,8,1,89,1,/data/libero_mem_baseline/a100_local_eval_20260910/evaluations/gradientfix-v1-t2-s0-c500-e10001/audited_summary.json,220,1,1,0
ActMem-VLA,2,0,10001,500,9,1,131,1,/data/libero_mem_baseline/a100_local_eval_20260910/evaluations/gradientfix-v1-t2-s0-c500-e10001/audited_summary.json,220,1,1,0
ActMem-VLA,2,0,10001,500,10,1,128,1,/data/libero_mem_baseline/a100_local_eval_20260910/evaluations/gradientfix-v1-t2-s0-c500-e10001/audited_summary.json,220,1,1,0
ActMem-VLA,2,0,10001,500,11,1,179,1,/data/libero_mem_baseline/a100_local_eval_20260910/evaluations/gradientfix-v1-t2-s0-c500-e10001/audited_summary.json,220,1,1,0
ActMem-VLA,2,0,10001,500,12,1,147,1,/data/libero_mem_baseline/a100_local_eval_20260910/evaluations/gradientfix-v1-t2-s0-c500-e10001/audited_summary.json,220,1,1,0
ActMem-VLA,2,0,10001,500,13,1,112,1,/data/libero_mem_baseline/a100_local_eval_20260910/evaluations/gradientfix-v1-t2-s0-c500-e10001/audited_summary.json,220,1,1,0
ActMem-VLA,2,0,10001,500,14,1,103,1,/data/libero_mem_baseline/a100_local_eval_20260910/evaluations/gradientfix-v1-t2-s0-c500-e10001/audited_summary.json,220,1,1,0
ActMem-VLA,2,0,10001,500,15,1,110,1,/data/libero_mem_baseline/a100_local_eval_20260910/evaluations/gradientfix-v1-t2-s0-c500-e10001/audited_summary.json,220,1,1,0
ActMem-VLA,2,0,10001,500,16,1,111,1,/data/libero_mem_baseline/a100_local_eval_20260910/evaluations/gradientfix-v1-t2-s0-c500-e10001/audited_summary.json,220,1,1,0
ActMem-VLA,2,0,10001,500,17,1,105,1,/data/libero_mem_baseline/a100_local_eval_20260910/evaluations/gradientfix-v1-t2-s0-c500-e10001/audited_summary.json,220,1,1,0
ActMem-VLA,2,0,10001,500,18,1,127,1,/data/libero_mem_baseline/a100_local_eval_20260910/evaluations/gradientfix-v1-t2-s0-c500-e10001/audited_summary.json,220,1,1,0
ActMem-VLA,2,0,10001,500,19,1,165,1,/data/libero_mem_baseline/a100_local_eval_20260910/evaluations/gradientfix-v1-t2-s0-c500-e10001/audited_summary.json,220,1,1,0
ActMem-VLA,2,0,10002,500,0,1,122,1,/data/libero_mem_baseline/a100_local_eval_20260910/evaluations/gradientfix-v1-t2-s0-c500-e10002/audited_summary.json,220,1,1,0
ActMem-VLA,2,0,10002,500,1,1,127,1,/data/libero_mem_baseline/a100_local_eval_20260910/evaluations/gradientfix-v1-t2-s0-c500-e10002/audited_summary.json,220,1,1,0
ActMem-VLA,2,0,10002,500,2,1,116,1,/data/libero_mem_baseline/a100_local_eval_20260910/evaluations/gradientfix-v1-t2-s0-c500-e10002/audited_summary.json,220,1,1,0
ActMem-VLA,2,0,10002,500,3,1,141,1,/data/libero_mem_baseline/a100_local_eval_20260910/evaluations/gradientfix-v1-t2-s0-c500-e10002/audited_summary.json,220,1,1,0
ActMem-VLA,2,0,10002,500,4,1,130,1,/data/libero_mem_baseline/a100_local_eval_20260910/evaluations/gradientfix-v1-t2-s0-c500-e10002/audited_summary.json,220,1,1,0
ActMem-VLA,2,0,10002,500,5,1,120,1,/data/libero_mem_baseline/a100_local_eval_20260910/evaluations/gradientfix-v1-t2-s0-c500-e10002/audited_summary.json,220,1,1,0
ActMem-VLA,2,0,10002,500,6,1,111,1,/data/libero_mem_baseline/a100_local_eval_20260910/evaluations/gradientfix-v1-t2-s0-c500-e10002/audited_summary.json,220,1,1,0
ActMem-VLA,2,0,10002,500,7,1,427,1,/data/libero_mem_baseline/a100_local_eval_20260910/evaluations/gradientfix-v1-t2-s0-c500-e10002/audited_summary.json,220,1,0,1
ActMem-VLA,2,0,10002,500,8,1,146,1,/data/libero_mem_baseline/a100_local_eval_20260910/evaluations/gradientfix-v1-t2-s0-c500-e10002/audited_summary.json,220,1,1,0
ActMem-VLA,2,0,10002,500,9,1,190,1,/data/libero_mem_baseline/a100_local_eval_20260910/evaluations/gradientfix-v1-t2-s0-c500-e10002/audited_summary.json,220,1,1,0
ActMem-VLA,2,0,10002,500,10,1,135,1,/data/libero_mem_baseline/a100_local_eval_20260910/evaluations/gradientfix-v1-t2-s0-c500-e10002/audited_summary.json,220,1,1,0
ActMem-VLA,2,0,10002,500,11,1,148,1,/data/libero_mem_baseline/a100_local_eval_20260910/evaluations/gradientfix-v1-t2-s0-c500-e10002/audited_summary.json,220,1,1,0
ActMem-VLA,2,0,10002,500,12,1,129,1,/data/libero_mem_baseline/a100_local_eval_20260910/evaluations/gradientfix-v1-t2-s0-c500-e10002/audited_summary.json,220,1,1,0
ActMem-VLA,2,0,10002,500,13,1,113,1,/data/libero_mem_baseline/a100_local_eval_20260910/evaluations/gradientfix-v1-t2-s0-c500-e10002/audited_summary.json,220,1,1,0
ActMem-VLA,2,0,10002,500,14,1,145,1,/data/libero_mem_baseline/a100_local_eval_20260910/evaluations/gradientfix-v1-t2-s0-c500-e10002/audited_summary.json,220,1,1,0
ActMem-VLA,2,0,10002,500,15,1,109,1,/data/libero_mem_baseline/a100_local_eval_20260910/evaluations/gradientfix-v1-t2-s0-c500-e10002/audited_summary.json,220,1,1,0
ActMem-VLA,2,0,10002,500,16,1,91,1,/data/libero_mem_baseline/a100_local_eval_20260910/evaluations/gradientfix-v1-t2-s0-c500-e10002/audited_summary.json,220,1,1,0
ActMem-VLA,2,0,10002,500,17,1,99,1,/data/libero_mem_baseline/a100_local_eval_20260910/evaluations/gradientfix-v1-t2-s0-c500-e10002/audited_summary.json,220,1,1,0
ActMem-VLA,2,0,10002,500,18,1,124,1,/data/libero_mem_baseline/a100_local_eval_20260910/evaluations/gradientfix-v1-t2-s0-c500-e10002/audited_summary.json,220,1,1,0
ActMem-VLA,2,0,10002,500,19,1,129,1,/data/libero_mem_baseline/a100_local_eval_20260910/evaluations/gradientfix-v1-t2-s0-c500-e10002/audited_summary.json,220,1,1,0
ActMem-VLA,2,0,10003,500,0,1,147,1,/data/libero_mem_baseline/a100_local_eval_20260910/evaluations/gradientfix-v1-t2-s0-c500-e10003/audited_summary.json,220,1,1,0
ActMem-VLA,2,0,10003,500,1,1,117,1,/data/libero_mem_baseline/a100_local_eval_20260910/evaluations/gradientfix-v1-t2-s0-c500-e10003/audited_summary.json,220,1,1,0
ActMem-VLA,2,0,10003,500,2,1,250,1,/data/libero_mem_baseline/a100_local_eval_20260910/evaluations/gradientfix-v1-t2-s0-c500-e10003/audited_summary.json,220,1,0,1
ActMem-VLA,2,0,10003,500,3,1,123,1,/data/libero_mem_baseline/a100_local_eval_20260910/evaluations/gradientfix-v1-t2-s0-c500-e10003/audited_summary.json,220,1,1,0
ActMem-VLA,2,0,10003,500,4,1,116,1,/data/libero_mem_baseline/a100_local_eval_20260910/evaluations/gradientfix-v1-t2-s0-c500-e10003/audited_summary.json,220,1,1,0
ActMem-VLA,2,0,10003,500,5,1,91,1,/data/libero_mem_baseline/a100_local_eval_20260910/evaluations/gradientfix-v1-t2-s0-c500-e10003/audited_summary.json,220,1,1,0
ActMem-VLA,2,0,10003,500,6,1,94,1,/data/libero_mem_baseline/a100_local_eval_20260910/evaluations/gradientfix-v1-t2-s0-c500-e10003/audited_summary.json,220,1,1,0
ActMem-VLA,2,0,10003,500,7,1,135,1,/data/libero_mem_baseline/a100_local_eval_20260910/evaluations/gradientfix-v1-t2-s0-c500-e10003/audited_summary.json,220,1,1,0
ActMem-VLA,2,0,10003,500,8,1,129,1,/data/libero_mem_baseline/a100_local_eval_20260910/evaluations/gradientfix-v1-t2-s0-c500-e10003/audited_summary.json,220,1,1,0
ActMem-VLA,2,0,10003,500,9,1,115,1,/data/libero_mem_baseline/a100_local_eval_20260910/evaluations/gradientfix-v1-t2-s0-c500-e10003/audited_summary.json,220,1,1,0
ActMem-VLA,2,0,10003,500,10,1,128,1,/data/libero_mem_baseline/a100_local_eval_20260910/evaluations/gradientfix-v1-t2-s0-c500-e10003/audited_summary.json,220,1,1,0
ActMem-VLA,2,0,10003,500,11,1,148,1,/data/libero_mem_baseline/a100_local_eval_20260910/evaluations/gradientfix-v1-t2-s0-c500-e10003/audited_summary.json,220,1,1,0
ActMem-VLA,2,0,10003,500,12,1,123,1,/data/libero_mem_baseline/a100_local_eval_20260910/evaluations/gradientfix-v1-t2-s0-c500-e10003/audited_summary.json,220,1,1,0
ActMem-VLA,2,0,10003,500,13,1,112,1,/data/libero_mem_baseline/a100_local_eval_20260910/evaluations/gradientfix-v1-t2-s0-c500-e10003/audited_summary.json,220,1,1,0
ActMem-VLA,2,0,10003,500,14,1,151,1,/data/libero_mem_baseline/a100_local_eval_20260910/evaluations/gradientfix-v1-t2-s0-c500-e10003/audited_summary.json,220,1,1,0
ActMem-VLA,2,0,10003,500,15,1,108,1,/data/libero_mem_baseline/a100_local_eval_20260910/evaluations/gradientfix-v1-t2-s0-c500-e10003/audited_summary.json,220,1,1,0
ActMem-VLA,2,0,10003,500,16,1,115,1,/data/libero_mem_baseline/a100_local_eval_20260910/evaluations/gradientfix-v1-t2-s0-c500-e10003/audited_summary.json,220,1,1,0
ActMem-VLA,2,0,10003,500,17,1,97,1,/data/libero_mem_baseline/a100_local_eval_20260910/evaluations/gradientfix-v1-t2-s0-c500-e10003/audited_summary.json,220,1,1,0
ActMem-VLA,2,0,10003,500,18,1,118,1,/data/libero_mem_baseline/a100_local_eval_20260910/evaluations/gradientfix-v1-t2-s0-c500-e10003/audited_summary.json,220,1,1,0
ActMem-VLA,2,0,10003,500,19,1,129,1,/data/libero_mem_baseline/a100_local_eval_20260910/evaluations/gradientfix-v1-t2-s0-c500-e10003/audited_summary.json,220,1,1,0
ActMem-VLA,2,1,10001,500,0,1,137,1,/pfs/pfs-7jnepv/lgd/libero_fullmatrix_20260909/evaluations/gradientfix-lgd-t2-s1-c500-e10001/audited_summary.json,220,1,1,0
ActMem-VLA,2,1,10001,500,1,1,122,1,/pfs/pfs-7jnepv/lgd/libero_fullmatrix_20260909/evaluations/gradientfix-lgd-t2-s1-c500-e10001/audited_summary.json,220,1,1,0
ActMem-VLA,2,1,10001,500,2,1,248,1,/pfs/pfs-7jnepv/lgd/libero_fullmatrix_20260909/evaluations/gradientfix-lgd-t2-s1-c500-e10001/audited_summary.json,220,1,0,1
ActMem-VLA,2,1,10001,500,3,1,162,1,/pfs/pfs-7jnepv/lgd/libero_fullmatrix_20260909/evaluations/gradientfix-lgd-t2-s1-c500-e10001/audited_summary.json,220,1,1,0
ActMem-VLA,2,1,10001,500,4,1,124,1,/pfs/pfs-7jnepv/lgd/libero_fullmatrix_20260909/evaluations/gradientfix-lgd-t2-s1-c500-e10001/audited_summary.json,220,1,1,0
ActMem-VLA,2,1,10001,500,5,1,127,1,/pfs/pfs-7jnepv/lgd/libero_fullmatrix_20260909/evaluations/gradientfix-lgd-t2-s1-c500-e10001/audited_summary.json,220,1,1,0
ActMem-VLA,2,1,10001,500,6,1,245,1,/pfs/pfs-7jnepv/lgd/libero_fullmatrix_20260909/evaluations/gradientfix-lgd-t2-s1-c500-e10001/audited_summary.json,220,1,0,1
ActMem-VLA,2,1,10001,500,7,1,175,1,/pfs/pfs-7jnepv/lgd/libero_fullmatrix_20260909/evaluations/gradientfix-lgd-t2-s1-c500-e10001/audited_summary.json,220,1,1,0
ActMem-VLA,2,1,10001,500,8,1,163,1,/pfs/pfs-7jnepv/lgd/libero_fullmatrix_20260909/evaluations/gradientfix-lgd-t2-s1-c500-e10001/audited_summary.json,220,1,1,0
ActMem-VLA,2,1,10001,500,9,1,118,1,/pfs/pfs-7jnepv/lgd/libero_fullmatrix_20260909/evaluations/gradientfix-lgd-t2-s1-c500-e10001/audited_summary.json,220,1,1,0
ActMem-VLA,2,1,10001,500,10,1,120,1,/pfs/pfs-7jnepv/lgd/libero_fullmatrix_20260909/evaluations/gradientfix-lgd-t2-s1-c500-e10001/audited_summary.json,220,1,1,0
ActMem-VLA,2,1,10001,500,11,1,107,1,/pfs/pfs-7jnepv/lgd/libero_fullmatrix_20260909/evaluations/gradientfix-lgd-t2-s1-c500-e10001/audited_summary.json,220,1,1,0
ActMem-VLA,2,1,10001,500,12,1,244,1,/pfs/pfs-7jnepv/lgd/libero_fullmatrix_20260909/evaluations/gradientfix-lgd-t2-s1-c500-e10001/audited_summary.json,220,1,0,1
ActMem-VLA,2,1,10001,500,13,1,117,1,/pfs/pfs-7jnepv/lgd/libero_fullmatrix_20260909/evaluations/gradientfix-lgd-t2-s1-c500-e10001/audited_summary.json,220,1,1,0
ActMem-VLA,2,1,10001,500,14,1,144,1,/pfs/pfs-7jnepv/lgd/libero_fullmatrix_20260909/evaluations/gradientfix-lgd-t2-s1-c500-e10001/audited_summary.json,220,1,1,0
ActMem-VLA,2,1,10001,500,15,1,165,1,/pfs/pfs-7jnepv/lgd/libero_fullmatrix_20260909/evaluations/gradientfix-lgd-t2-s1-c500-e10001/audited_summary.json,220,1,1,0
ActMem-VLA,2,1,10001,500,16,1,115,1,/pfs/pfs-7jnepv/lgd/libero_fullmatrix_20260909/evaluations/gradientfix-lgd-t2-s1-c500-e10001/audited_summary.json,220,1,1,0
ActMem-VLA,2,1,10001,500,17,1,109,1,/pfs/pfs-7jnepv/lgd/libero_fullmatrix_20260909/evaluations/gradientfix-lgd-t2-s1-c500-e10001/audited_summary.json,220,1,1,0
ActMem-VLA,2,1,10001,500,18,1,124,1,/pfs/pfs-7jnepv/lgd/libero_fullmatrix_20260909/evaluations/gradientfix-lgd-t2-s1-c500-e10001/audited_summary.json,220,1,1,0
ActMem-VLA,2,1,10001,500,19,1,119,1,/pfs/pfs-7jnepv/lgd/libero_fullmatrix_20260909/evaluations/gradientfix-lgd-t2-s1-c500-e10001/audited_summary.json,220,1,1,0
ActMem-VLA,2,1,10002,500,0,1,122,1,/pfs/pfs-7jnepv/lgd/libero_fullmatrix_20260909/evaluations/gradientfix-lgd-t2-s1-c500-e10002/audited_summary.json,220,1,1,0
ActMem-VLA,2,1,10002,500,1,1,124,1,/pfs/pfs-7jnepv/lgd/libero_fullmatrix_20260909/evaluations/gradientfix-lgd-t2-s1-c500-e10002/audited_summary.json,220,1,1,0
ActMem-VLA,2,1,10002,500,2,1,119,1,/pfs/pfs-7jnepv/lgd/libero_fullmatrix_20260909/evaluations/gradientfix-lgd-t2-s1-c500-e10002/audited_summary.json,220,1,1,0
ActMem-VLA,2,1,10002,500,3,1,140,1,/pfs/pfs-7jnepv/lgd/libero_fullmatrix_20260909/evaluations/gradientfix-lgd-t2-s1-c500-e10002/audited_summary.json,220,1,1,0
ActMem-VLA,2,1,10002,500,4,1,139,1,/pfs/pfs-7jnepv/lgd/libero_fullmatrix_20260909/evaluations/gradientfix-lgd-t2-s1-c500-e10002/audited_summary.json,220,1,1,0
ActMem-VLA,2,1,10002,500,5,1,129,1,/pfs/pfs-7jnepv/lgd/libero_fullmatrix_20260909/evaluations/gradientfix-lgd-t2-s1-c500-e10002/audited_summary.json,220,1,1,0
ActMem-VLA,2,1,10002,500,6,1,116,1,/pfs/pfs-7jnepv/lgd/libero_fullmatrix_20260909/evaluations/gradientfix-lgd-t2-s1-c500-e10002/audited_summary.json,220,1,1,0
ActMem-VLA,2,1,10002,500,7,1,178,1,/pfs/pfs-7jnepv/lgd/libero_fullmatrix_20260909/evaluations/gradientfix-lgd-t2-s1-c500-e10002/audited_summary.json,220,1,1,0
ActMem-VLA,2,1,10002,500,8,1,212,1,/pfs/pfs-7jnepv/lgd/libero_fullmatrix_20260909/evaluations/gradientfix-lgd-t2-s1-c500-e10002/audited_summary.json,220,1,1,0
ActMem-VLA,2,1,10002,500,9,1,131,1,/pfs/pfs-7jnepv/lgd/libero_fullmatrix_20260909/evaluations/gradientfix-lgd-t2-s1-c500-e10002/audited_summary.json,220,1,1,0
ActMem-VLA,2,1,10002,500,10,1,89,1,/pfs/pfs-7jnepv/lgd/libero_fullmatrix_20260909/evaluations/gradientfix-lgd-t2-s1-c500-e10002/audited_summary.json,220,1,1,0
ActMem-VLA,2,1,10002,500,11,1,150,1,/pfs/pfs-7jnepv/lgd/libero_fullmatrix_20260909/evaluations/gradientfix-lgd-t2-s1-c500-e10002/audited_summary.json,220,1,1,0
ActMem-VLA,2,1,10002,500,12,1,134,1,/pfs/pfs-7jnepv/lgd/libero_fullmatrix_20260909/evaluations/gradientfix-lgd-t2-s1-c500-e10002/audited_summary.json,220,1,1,0
ActMem-VLA,2,1,10002,500,13,1,97,1,/pfs/pfs-7jnepv/lgd/libero_fullmatrix_20260909/evaluations/gradientfix-lgd-t2-s1-c500-e10002/audited_summary.json,220,1,1,0
ActMem-VLA,2,1,10002,500,14,1,152,1,/pfs/pfs-7jnepv/lgd/libero_fullmatrix_20260909/evaluations/gradientfix-lgd-t2-s1-c500-e10002/audited_summary.json,220,1,1,0
ActMem-VLA,2,1,10002,500,15,1,112,1,/pfs/pfs-7jnepv/lgd/libero_fullmatrix_20260909/evaluations/gradientfix-lgd-t2-s1-c500-e10002/audited_summary.json,220,1,1,0
ActMem-VLA,2,1,10002,500,16,1,119,1,/pfs/pfs-7jnepv/lgd/libero_fullmatrix_20260909/evaluations/gradientfix-lgd-t2-s1-c500-e10002/audited_summary.json,220,1,1,0
ActMem-VLA,2,1,10002,500,17,1,109,1,/pfs/pfs-7jnepv/lgd/libero_fullmatrix_20260909/evaluations/gradientfix-lgd-t2-s1-c500-e10002/audited_summary.json,220,1,1,0
ActMem-VLA,2,1,10002,500,18,1,108,1,/pfs/pfs-7jnepv/lgd/libero_fullmatrix_20260909/evaluations/gradientfix-lgd-t2-s1-c500-e10002/audited_summary.json,220,1,1,0
ActMem-VLA,2,1,10002,500,19,1,126,1,/pfs/pfs-7jnepv/lgd/libero_fullmatrix_20260909/evaluations/gradientfix-lgd-t2-s1-c500-e10002/audited_summary.json,220,1,1,0
ActMem-VLA,2,1,10003,500,0,1,122,1,/pfs/pfs-7jnepv/lgd/libero_fullmatrix_20260909/evaluations/gradientfix-lgd-t2-s1-c500-e10003/audited_summary.json,220,1,1,0
ActMem-VLA,2,1,10003,500,1,1,125,1,/pfs/pfs-7jnepv/lgd/libero_fullmatrix_20260909/evaluations/gradientfix-lgd-t2-s1-c500-e10003/audited_summary.json,220,1,1,0
ActMem-VLA,2,1,10003,500,2,1,274,1,/pfs/pfs-7jnepv/lgd/libero_fullmatrix_20260909/evaluations/gradientfix-lgd-t2-s1-c500-e10003/audited_summary.json,220,1,0,1
ActMem-VLA,2,1,10003,500,3,1,120,1,/pfs/pfs-7jnepv/lgd/libero_fullmatrix_20260909/evaluations/gradientfix-lgd-t2-s1-c500-e10003/audited_summary.json,220,1,1,0
ActMem-VLA,2,1,10003,500,4,1,116,1,/pfs/pfs-7jnepv/lgd/libero_fullmatrix_20260909/evaluations/gradientfix-lgd-t2-s1-c500-e10003/audited_summary.json,220,1,1,0
ActMem-VLA,2,1,10003,500,5,1,118,1,/pfs/pfs-7jnepv/lgd/libero_fullmatrix_20260909/evaluations/gradientfix-lgd-t2-s1-c500-e10003/audited_summary.json,220,1,1,0
ActMem-VLA,2,1,10003,500,6,1,113,1,/pfs/pfs-7jnepv/lgd/libero_fullmatrix_20260909/evaluations/gradientfix-lgd-t2-s1-c500-e10003/audited_summary.json,220,1,1,0
ActMem-VLA,2,1,10003,500,7,1,186,1,/pfs/pfs-7jnepv/lgd/libero_fullmatrix_20260909/evaluations/gradientfix-lgd-t2-s1-c500-e10003/audited_summary.json,220,1,1,0
ActMem-VLA,2,1,10003,500,8,1,129,1,/pfs/pfs-7jnepv/lgd/libero_fullmatrix_20260909/evaluations/gradientfix-lgd-t2-s1-c500-e10003/audited_summary.json,220,1,1,0
ActMem-VLA,2,1,10003,500,9,1,191,1,/pfs/pfs-7jnepv/lgd/libero_fullmatrix_20260909/evaluations/gradientfix-lgd-t2-s1-c500-e10003/audited_summary.json,220,1,1,0
ActMem-VLA,2,1,10003,500,10,1,184,1,/pfs/pfs-7jnepv/lgd/libero_fullmatrix_20260909/evaluations/gradientfix-lgd-t2-s1-c500-e10003/audited_summary.json,220,1,1,0
ActMem-VLA,2,1,10003,500,11,1,139,1,/pfs/pfs-7jnepv/lgd/libero_fullmatrix_20260909/evaluations/gradientfix-lgd-t2-s1-c500-e10003/audited_summary.json,220,1,1,0
ActMem-VLA,2,1,10003,500,12,1,131,1,/pfs/pfs-7jnepv/lgd/libero_fullmatrix_20260909/evaluations/gradientfix-lgd-t2-s1-c500-e10003/audited_summary.json,220,1,1,0
ActMem-VLA,2,1,10003,500,13,1,112,1,/pfs/pfs-7jnepv/lgd/libero_fullmatrix_20260909/evaluations/gradientfix-lgd-t2-s1-c500-e10003/audited_summary.json,220,1,1,0
ActMem-VLA,2,1,10003,500,14,1,211,1,/pfs/pfs-7jnepv/lgd/libero_fullmatrix_20260909/evaluations/gradientfix-lgd-t2-s1-c500-e10003/audited_summary.json,220,1,1,0
ActMem-VLA,2,1,10003,500,15,1,106,1,/pfs/pfs-7jnepv/lgd/libero_fullmatrix_20260909/evaluations/gradientfix-lgd-t2-s1-c500-e10003/audited_summary.json,220,1,1,0
ActMem-VLA,2,1,10003,500,16,1,118,1,/pfs/pfs-7jnepv/lgd/libero_fullmatrix_20260909/evaluations/gradientfix-lgd-t2-s1-c500-e10003/audited_summary.json,220,1,1,0
ActMem-VLA,2,1,10003,500,17,1,108,1,/pfs/pfs-7jnepv/lgd/libero_fullmatrix_20260909/evaluations/gradientfix-lgd-t2-s1-c500-e10003/audited_summary.json,220,1,1,0
ActMem-VLA,2,1,10003,500,18,1,154,1,/pfs/pfs-7jnepv/lgd/libero_fullmatrix_20260909/evaluations/gradientfix-lgd-t2-s1-c500-e10003/audited_summary.json,220,1,1,0
ActMem-VLA,2,1,10003,500,19,1,125,1,/pfs/pfs-7jnepv/lgd/libero_fullmatrix_20260909/evaluations/gradientfix-lgd-t2-s1-c500-e10003/audited_summary.json,220,1,1,0
ActMem-VLA,2,42,10001,1000,0,1,261,1,/pfs/pfs-7jnepv/lgd/libero_fullmatrix_20260909/evaluations/gradientfix-lgd-t2-s42-c1000-e10001/audited_summary.json,220,1,0,1
ActMem-VLA,2,42,10001,1000,1,1,130,1,/pfs/pfs-7jnepv/lgd/libero_fullmatrix_20260909/evaluations/gradientfix-lgd-t2-s42-c1000-e10001/audited_summary.json,220,1,1,0
ActMem-VLA,2,42,10001,1000,2,1,117,1,/pfs/pfs-7jnepv/lgd/libero_fullmatrix_20260909/evaluations/gradientfix-lgd-t2-s42-c1000-e10001/audited_summary.json,220,1,1,0
ActMem-VLA,2,42,10001,1000,3,1,132,1,/pfs/pfs-7jnepv/lgd/libero_fullmatrix_20260909/evaluations/gradientfix-lgd-t2-s42-c1000-e10001/audited_summary.json,220,1,1,0
ActMem-VLA,2,42,10001,1000,4,1,144,1,/pfs/pfs-7jnepv/lgd/libero_fullmatrix_20260909/evaluations/gradientfix-lgd-t2-s42-c1000-e10001/audited_summary.json,220,1,1,0
ActMem-VLA,2,42,10001,1000,5,1,129,1,/pfs/pfs-7jnepv/lgd/libero_fullmatrix_20260909/evaluations/gradientfix-lgd-t2-s42-c1000-e10001/audited_summary.json,220,1,1,0
ActMem-VLA,2,42,10001,1000,6,1,178,1,/pfs/pfs-7jnepv/lgd/libero_fullmatrix_20260909/evaluations/gradientfix-lgd-t2-s42-c1000-e10001/audited_summary.json,220,1,1,0
ActMem-VLA,2,42,10001,1000,7,1,141,1,/pfs/pfs-7jnepv/lgd/libero_fullmatrix_20260909/evaluations/gradientfix-lgd-t2-s42-c1000-e10001/audited_summary.json,220,1,1,0
ActMem-VLA,2,42,10001,1000,8,1,354,1,/pfs/pfs-7jnepv/lgd/libero_fullmatrix_20260909/evaluations/gradientfix-lgd-t2-s42-c1000-e10001/audited_summary.json,220,1,0,1
ActMem-VLA,2,42,10001,1000,9,1,93,1,/pfs/pfs-7jnepv/lgd/libero_fullmatrix_20260909/evaluations/gradientfix-lgd-t2-s42-c1000-e10001/audited_summary.json,220,1,1,0
ActMem-VLA,2,42,10001,1000,10,1,128,1,/pfs/pfs-7jnepv/lgd/libero_fullmatrix_20260909/evaluations/gradientfix-lgd-t2-s42-c1000-e10001/audited_summary.json,220,1,1,0
ActMem-VLA,2,42,10001,1000,11,1,142,1,/pfs/pfs-7jnepv/lgd/libero_fullmatrix_20260909/evaluations/gradientfix-lgd-t2-s42-c1000-e10001/audited_summary.json,220,1,1,0
ActMem-VLA,2,42,10001,1000,12,1,128,1,/pfs/pfs-7jnepv/lgd/libero_fullmatrix_20260909/evaluations/gradientfix-lgd-t2-s42-c1000-e10001/audited_summary.json,220,1,1,0
ActMem-VLA,2,42,10001,1000,13,1,118,1,/pfs/pfs-7jnepv/lgd/libero_fullmatrix_20260909/evaluations/gradientfix-lgd-t2-s42-c1000-e10001/audited_summary.json,220,1,1,0
ActMem-VLA,2,42,10001,1000,14,1,149,1,/pfs/pfs-7jnepv/lgd/libero_fullmatrix_20260909/evaluations/gradientfix-lgd-t2-s42-c1000-e10001/audited_summary.json,220,1,1,0
ActMem-VLA,2,42,10001,1000,15,1,103,1,/pfs/pfs-7jnepv/lgd/libero_fullmatrix_20260909/evaluations/gradientfix-lgd-t2-s42-c1000-e10001/audited_summary.json,220,1,1,0
ActMem-VLA,2,42,10001,1000,16,1,116,1,/pfs/pfs-7jnepv/lgd/libero_fullmatrix_20260909/evaluations/gradientfix-lgd-t2-s42-c1000-e10001/audited_summary.json,220,1,1,0
ActMem-VLA,2,42,10001,1000,17,1,105,1,/pfs/pfs-7jnepv/lgd/libero_fullmatrix_20260909/evaluations/gradientfix-lgd-t2-s42-c1000-e10001/audited_summary.json,220,1,1,0
ActMem-VLA,2,42,10001,1000,18,1,164,1,/pfs/pfs-7jnepv/lgd/libero_fullmatrix_20260909/evaluations/gradientfix-lgd-t2-s42-c1000-e10001/audited_summary.json,220,1,1,0
ActMem-VLA,2,42,10001,1000,19,1,127,1,/pfs/pfs-7jnepv/lgd/libero_fullmatrix_20260909/evaluations/gradientfix-lgd-t2-s42-c1000-e10001/audited_summary.json,220,1,1,0
ActMem-VLA,2,42,10002,1000,0,1,132,1,/pfs/pfs-7jnepv/lgd/libero_fullmatrix_20260909/evaluations/gradientfix-lgd-t2-s42-c1000-e10002/audited_summary.json,220,1,1,0
ActMem-VLA,2,42,10002,1000,1,1,123,1,/pfs/pfs-7jnepv/lgd/libero_fullmatrix_20260909/evaluations/gradientfix-lgd-t2-s42-c1000-e10002/audited_summary.json,220,1,1,0
ActMem-VLA,2,42,10002,1000,2,1,116,1,/pfs/pfs-7jnepv/lgd/libero_fullmatrix_20260909/evaluations/gradientfix-lgd-t2-s42-c1000-e10002/audited_summary.json,220,1,1,0
ActMem-VLA,2,42,10002,1000,3,1,132,1,/pfs/pfs-7jnepv/lgd/libero_fullmatrix_20260909/evaluations/gradientfix-lgd-t2-s42-c1000-e10002/audited_summary.json,220,1,1,0
ActMem-VLA,2,42,10002,1000,4,1,137,1,/pfs/pfs-7jnepv/lgd/libero_fullmatrix_20260909/evaluations/gradientfix-lgd-t2-s42-c1000-e10002/audited_summary.json,220,1,1,0
ActMem-VLA,2,42,10002,1000,5,1,128,1,/pfs/pfs-7jnepv/lgd/libero_fullmatrix_20260909/evaluations/gradientfix-lgd-t2-s42-c1000-e10002/audited_summary.json,220,1,1,0
ActMem-VLA,2,42,10002,1000,6,1,293,1,/pfs/pfs-7jnepv/lgd/libero_fullmatrix_20260909/evaluations/gradientfix-lgd-t2-s42-c1000-e10002/audited_summary.json,220,1,0,1
ActMem-VLA,2,42,10002,1000,7,1,143,1,/pfs/pfs-7jnepv/lgd/libero_fullmatrix_20260909/evaluations/gradientfix-lgd-t2-s42-c1000-e10002/audited_summary.json,220,1,1,0
ActMem-VLA,2,42,10002,1000,8,1,361,1,/pfs/pfs-7jnepv/lgd/libero_fullmatrix_20260909/evaluations/gradientfix-lgd-t2-s42-c1000-e10002/audited_summary.json,220,1,0,1
ActMem-VLA,2,42,10002,1000,9,1,202,1,/pfs/pfs-7jnepv/lgd/libero_fullmatrix_20260909/evaluations/gradientfix-lgd-t2-s42-c1000-e10002/audited_summary.json,220,1,1,0
ActMem-VLA,2,42,10002,1000,10,1,126,1,/pfs/pfs-7jnepv/lgd/libero_fullmatrix_20260909/evaluations/gradientfix-lgd-t2-s42-c1000-e10002/audited_summary.json,220,1,1,0
ActMem-VLA,2,42,10002,1000,11,1,168,1,/pfs/pfs-7jnepv/lgd/libero_fullmatrix_20260909/evaluations/gradientfix-lgd-t2-s42-c1000-e10002/audited_summary.json,220,1,1,0
ActMem-VLA,2,42,10002,1000,12,1,133,1,/pfs/pfs-7jnepv/lgd/libero_fullmatrix_20260909/evaluations/gradientfix-lgd-t2-s42-c1000-e10002/audited_summary.json,220,1,1,0
ActMem-VLA,2,42,10002,1000,13,1,109,1,/pfs/pfs-7jnepv/lgd/libero_fullmatrix_20260909/evaluations/gradientfix-lgd-t2-s42-c1000-e10002/audited_summary.json,220,1,1,0
ActMem-VLA,2,42,10002,1000,14,1,149,1,/pfs/pfs-7jnepv/lgd/libero_fullmatrix_20260909/evaluations/gradientfix-lgd-t2-s42-c1000-e10002/audited_summary.json,220,1,1,0
ActMem-VLA,2,42,10002,1000,15,1,111,1,/pfs/pfs-7jnepv/lgd/libero_fullmatrix_20260909/evaluations/gradientfix-lgd-t2-s42-c1000-e10002/audited_summary.json,220,1,1,0
ActMem-VLA,2,42,10002,1000,16,1,109,1,/pfs/pfs-7jnepv/lgd/libero_fullmatrix_20260909/evaluations/gradientfix-lgd-t2-s42-c1000-e10002/audited_summary.json,220,1,1,0
ActMem-VLA,2,42,10002,1000,17,1,108,1,/pfs/pfs-7jnepv/lgd/libero_fullmatrix_20260909/evaluations/gradientfix-lgd-t2-s42-c1000-e10002/audited_summary.json,220,1,1,0
ActMem-VLA,2,42,10002,1000,18,1,126,1,/pfs/pfs-7jnepv/lgd/libero_fullmatrix_20260909/evaluations/gradientfix-lgd-t2-s42-c1000-e10002/audited_summary.json,220,1,1,0
ActMem-VLA,2,42,10002,1000,19,1,121,1,/pfs/pfs-7jnepv/lgd/libero_fullmatrix_20260909/evaluations/gradientfix-lgd-t2-s42-c1000-e10002/audited_summary.json,220,1,1,0
ActMem-VLA,2,42,10003,1000,0,1,121,1,/pfs/pfs-7jnepv/lgd/libero_fullmatrix_20260909/evaluations/gradientfix-lgd-t2-s42-c1000-e10003/audited_summary.json,220,1,1,0
ActMem-VLA,2,42,10003,1000,1,1,116,1,/pfs/pfs-7jnepv/lgd/libero_fullmatrix_20260909/evaluations/gradientfix-lgd-t2-s42-c1000-e10003/audited_summary.json,220,1,1,0
ActMem-VLA,2,42,10003,1000,2,1,89,1,/pfs/pfs-7jnepv/lgd/libero_fullmatrix_20260909/evaluations/gradientfix-lgd-t2-s42-c1000-e10003/audited_summary.json,220,1,1,0
ActMem-VLA,2,42,10003,1000,3,1,135,1,/pfs/pfs-7jnepv/lgd/libero_fullmatrix_20260909/evaluations/gradientfix-lgd-t2-s42-c1000-e10003/audited_summary.json,220,1,1,0
ActMem-VLA,2,42,10003,1000,4,1,151,1,/pfs/pfs-7jnepv/lgd/libero_fullmatrix_20260909/evaluations/gradientfix-lgd-t2-s42-c1000-e10003/audited_summary.json,220,1,1,0
ActMem-VLA,2,42,10003,1000,5,1,123,1,/pfs/pfs-7jnepv/lgd/libero_fullmatrix_20260909/evaluations/gradientfix-lgd-t2-s42-c1000-e10003/audited_summary.json,220,1,1,0
ActMem-VLA,2,42,10003,1000,6,1,96,1,/pfs/pfs-7jnepv/lgd/libero_fullmatrix_20260909/evaluations/gradientfix-lgd-t2-s42-c1000-e10003/audited_summary.json,220,1,1,0
ActMem-VLA,2,42,10003,1000,7,1,307,1,/pfs/pfs-7jnepv/lgd/libero_fullmatrix_20260909/evaluations/gradientfix-lgd-t2-s42-c1000-e10003/audited_summary.json,220,1,0,1
ActMem-VLA,2,42,10003,1000,8,1,126,1,/pfs/pfs-7jnepv/lgd/libero_fullmatrix_20260909/evaluations/gradientfix-lgd-t2-s42-c1000-e10003/audited_summary.json,220,1,1,0
ActMem-VLA,2,42,10003,1000,9,1,340,1,/pfs/pfs-7jnepv/lgd/libero_fullmatrix_20260909/evaluations/gradientfix-lgd-t2-s42-c1000-e10003/audited_summary.json,220,1,0,1
ActMem-VLA,2,42,10003,1000,10,1,130,1,/pfs/pfs-7jnepv/lgd/libero_fullmatrix_20260909/evaluations/gradientfix-lgd-t2-s42-c1000-e10003/audited_summary.json,220,1,1,0
ActMem-VLA,2,42,10003,1000,11,1,208,1,/pfs/pfs-7jnepv/lgd/libero_fullmatrix_20260909/evaluations/gradientfix-lgd-t2-s42-c1000-e10003/audited_summary.json,220,1,1,0
ActMem-VLA,2,42,10003,1000,12,1,193,1,/pfs/pfs-7jnepv/lgd/libero_fullmatrix_20260909/evaluations/gradientfix-lgd-t2-s42-c1000-e10003/audited_summary.json,220,1,1,0
ActMem-VLA,2,42,10003,1000,13,1,113,1,/pfs/pfs-7jnepv/lgd/libero_fullmatrix_20260909/evaluations/gradientfix-lgd-t2-s42-c1000-e10003/audited_summary.json,220,1,1,0
ActMem-VLA,2,42,10003,1000,14,1,149,1,/pfs/pfs-7jnepv/lgd/libero_fullmatrix_20260909/evaluations/gradientfix-lgd-t2-s42-c1000-e10003/audited_summary.json,220,1,1,0
ActMem-VLA,2,42,10003,1000,15,1,107,1,/pfs/pfs-7jnepv/lgd/libero_fullmatrix_20260909/evaluations/gradientfix-lgd-t2-s42-c1000-e10003/audited_summary.json,220,1,1,0
ActMem-VLA,2,42,10003,1000,16,1,104,1,/pfs/pfs-7jnepv/lgd/libero_fullmatrix_20260909/evaluations/gradientfix-lgd-t2-s42-c1000-e10003/audited_summary.json,220,1,1,0
ActMem-VLA,2,42,10003,1000,17,1,111,1,/pfs/pfs-7jnepv/lgd/libero_fullmatrix_20260909/evaluations/gradientfix-lgd-t2-s42-c1000-e10003/audited_summary.json,220,1,1,0
ActMem-VLA,2,42,10003,1000,18,1,90,1,/pfs/pfs-7jnepv/lgd/libero_fullmatrix_20260909/evaluations/gradientfix-lgd-t2-s42-c1000-e10003/audited_summary.json,220,1,1,0
ActMem-VLA,2,42,10003,1000,19,1,125,1,/pfs/pfs-7jnepv/lgd/libero_fullmatrix_20260909/evaluations/gradientfix-lgd-t2-s42-c1000-e10003/audited_summary.json,220,1,1,0
pi05,3,42,10001,49999,0,1,430,1,/pfs/pfs-7jnepv/lgd/libero_fullmatrix_20260909/evaluations/pi05-t3-c49999-e10001/audited_summary.json,320,1,0,1
pi05,3,42,10001,49999,1,1,391,1,/pfs/pfs-7jnepv/lgd/libero_fullmatrix_20260909/evaluations/pi05-t3-c49999-e10001/audited_summary.json,320,1,0,1
pi05,3,42,10001,49999,2,1,396,1,/pfs/pfs-7jnepv/lgd/libero_fullmatrix_20260909/evaluations/pi05-t3-c49999-e10001/audited_summary.json,320,1,0,1
pi05,3,42,10001,49999,3,1,324,1,/pfs/pfs-7jnepv/lgd/libero_fullmatrix_20260909/evaluations/pi05-t3-c49999-e10001/audited_summary.json,320,1,0,1
pi05,3,42,10001,49999,4,1,351,1,/pfs/pfs-7jnepv/lgd/libero_fullmatrix_20260909/evaluations/pi05-t3-c49999-e10001/audited_summary.json,320,1,0,1
pi05,3,42,10001,49999,5,1,454,1,/pfs/pfs-7jnepv/lgd/libero_fullmatrix_20260909/evaluations/pi05-t3-c49999-e10001/audited_summary.json,320,1,0,1
pi05,3,42,10001,49999,6,1,302,1,/pfs/pfs-7jnepv/lgd/libero_fullmatrix_20260909/evaluations/pi05-t3-c49999-e10001/audited_summary.json,320,1,1,0
pi05,3,42,10001,49999,7,1,321,1,/pfs/pfs-7jnepv/lgd/libero_fullmatrix_20260909/evaluations/pi05-t3-c49999-e10001/audited_summary.json,320,1,0,1
pi05,3,42,10001,49999,8,1,302,1,/pfs/pfs-7jnepv/lgd/libero_fullmatrix_20260909/evaluations/pi05-t3-c49999-e10001/audited_summary.json,320,1,1,0
pi05,3,42,10001,49999,9,1,379,1,/pfs/pfs-7jnepv/lgd/libero_fullmatrix_20260909/evaluations/pi05-t3-c49999-e10001/audited_summary.json,320,1,0,1
pi05,3,42,10001,49999,10,1,247,1,/pfs/pfs-7jnepv/lgd/libero_fullmatrix_20260909/evaluations/pi05-t3-c49999-e10001/audited_summary.json,320,1,1,0
pi05,3,42,10001,49999,11,1,247,1,/pfs/pfs-7jnepv/lgd/libero_fullmatrix_20260909/evaluations/pi05-t3-c49999-e10001/audited_summary.json,320,1,1,0
pi05,3,42,10001,49999,12,1,276,1,/pfs/pfs-7jnepv/lgd/libero_fullmatrix_20260909/evaluations/pi05-t3-c49999-e10001/audited_summary.json,320,1,1,0
pi05,3,42,10001,49999,13,1,231,1,/pfs/pfs-7jnepv/lgd/libero_fullmatrix_20260909/evaluations/pi05-t3-c49999-e10001/audited_summary.json,320,1,1,0
pi05,3,42,10001,49999,14,1,361,1,/pfs/pfs-7jnepv/lgd/libero_fullmatrix_20260909/evaluations/pi05-t3-c49999-e10001/audited_summary.json,320,1,0,1
pi05,3,42,10001,49999,15,1,336,1,/pfs/pfs-7jnepv/lgd/libero_fullmatrix_20260909/evaluations/pi05-t3-c49999-e10001/audited_summary.json,320,1,0,1
pi05,3,42,10001,49999,16,1,267,1,/pfs/pfs-7jnepv/lgd/libero_fullmatrix_20260909/evaluations/pi05-t3-c49999-e10001/audited_summary.json,320,1,1,0
pi05,3,42,10001,49999,17,1,307,1,/pfs/pfs-7jnepv/lgd/libero_fullmatrix_20260909/evaluations/pi05-t3-c49999-e10001/audited_summary.json,320,1,1,0
pi05,3,42,10001,49999,18,1,281,1,/pfs/pfs-7jnepv/lgd/libero_fullmatrix_20260909/evaluations/pi05-t3-c49999-e10001/audited_summary.json,320,1,1,0
pi05,3,42,10001,49999,19,1,301,1,/pfs/pfs-7jnepv/lgd/libero_fullmatrix_20260909/evaluations/pi05-t3-c49999-e10001/audited_summary.json,320,1,1,0
pi05,3,42,10002,49999,0,1,291,1,/pfs/pfs-7jnepv/lgd/libero_fullmatrix_20260909/evaluations/pi05-t3-c49999-e10002/audited_summary.json,320,1,1,0
pi05,3,42,10002,49999,1,1,206,1,/pfs/pfs-7jnepv/lgd/libero_fullmatrix_20260909/evaluations/pi05-t3-c49999-e10002/audited_summary.json,320,1,1,0
pi05,3,42,10002,49999,2,0,600,0,/pfs/pfs-7jnepv/lgd/libero_fullmatrix_20260909/evaluations/pi05-t3-c49999-e10002/audited_summary.json,320,0,0,0
pi05,3,42,10002,49999,3,1,372,1,/pfs/pfs-7jnepv/lgd/libero_fullmatrix_20260909/evaluations/pi05-t3-c49999-e10002/audited_summary.json,320,1,0,1
pi05,3,42,10002,49999,4,1,301,1,/pfs/pfs-7jnepv/lgd/libero_fullmatrix_20260909/evaluations/pi05-t3-c49999-e10002/audited_summary.json,320,1,1,0
pi05,3,42,10002,49999,5,1,407,1,/pfs/pfs-7jnepv/lgd/libero_fullmatrix_20260909/evaluations/pi05-t3-c49999-e10002/audited_summary.json,320,1,0,1
pi05,3,42,10002,49999,6,1,367,1,/pfs/pfs-7jnepv/lgd/libero_fullmatrix_20260909/evaluations/pi05-t3-c49999-e10002/audited_summary.json,320,1,0,1
pi05,3,42,10002,49999,7,1,441,1,/pfs/pfs-7jnepv/lgd/libero_fullmatrix_20260909/evaluations/pi05-t3-c49999-e10002/audited_summary.json,320,1,0,1
pi05,3,42,10002,49999,8,1,292,1,/pfs/pfs-7jnepv/lgd/libero_fullmatrix_20260909/evaluations/pi05-t3-c49999-e10002/audited_summary.json,320,1,1,0
pi05,3,42,10002,49999,9,1,267,1,/pfs/pfs-7jnepv/lgd/libero_fullmatrix_20260909/evaluations/pi05-t3-c49999-e10002/audited_summary.json,320,1,1,0
pi05,3,42,10002,49999,10,1,305,1,/pfs/pfs-7jnepv/lgd/libero_fullmatrix_20260909/evaluations/pi05-t3-c49999-e10002/audited_summary.json,320,1,1,0
pi05,3,42,10002,49999,11,1,244,1,/pfs/pfs-7jnepv/lgd/libero_fullmatrix_20260909/evaluations/pi05-t3-c49999-e10002/audited_summary.json,320,1,1,0
pi05,3,42,10002,49999,12,1,426,1,/pfs/pfs-7jnepv/lgd/libero_fullmatrix_20260909/evaluations/pi05-t3-c49999-e10002/audited_summary.json,320,1,0,1
pi05,3,42,10002,49999,13,1,228,1,/pfs/pfs-7jnepv/lgd/libero_fullmatrix_20260909/evaluations/pi05-t3-c49999-e10002/audited_summary.json,320,1,1,0
pi05,3,42,10002,49999,14,1,370,1,/pfs/pfs-7jnepv/lgd/libero_fullmatrix_20260909/evaluations/pi05-t3-c49999-e10002/audited_summary.json,320,1,0,1
pi05,3,42,10002,49999,15,1,279,1,/pfs/pfs-7jnepv/lgd/libero_fullmatrix_20260909/evaluations/pi05-t3-c49999-e10002/audited_summary.json,320,1,1,0
pi05,3,42,10002,49999,16,1,328,1,/pfs/pfs-7jnepv/lgd/libero_fullmatrix_20260909/evaluations/pi05-t3-c49999-e10002/audited_summary.json,320,1,0,1
pi05,3,42,10002,49999,17,1,401,1,/pfs/pfs-7jnepv/lgd/libero_fullmatrix_20260909/evaluations/pi05-t3-c49999-e10002/audited_summary.json,320,1,0,1
pi05,3,42,10002,49999,18,1,251,1,/pfs/pfs-7jnepv/lgd/libero_fullmatrix_20260909/evaluations/pi05-t3-c49999-e10002/audited_summary.json,320,1,1,0
pi05,3,42,10002,49999,19,1,355,1,/pfs/pfs-7jnepv/lgd/libero_fullmatrix_20260909/evaluations/pi05-t3-c49999-e10002/audited_summary.json,320,1,0,1
pi05,3,42,10003,49999,0,1,359,1,/pfs/pfs-7jnepv/lgd/libero_fullmatrix_20260909/evaluations/pi05-t3-c49999-e10003/audited_summary.json,320,1,0,1
pi05,3,42,10003,49999,1,1,420,1,/pfs/pfs-7jnepv/lgd/libero_fullmatrix_20260909/evaluations/pi05-t3-c49999-e10003/audited_summary.json,320,1,0,1
pi05,3,42,10003,49999,2,1,257,1,/pfs/pfs-7jnepv/lgd/libero_fullmatrix_20260909/evaluations/pi05-t3-c49999-e10003/audited_summary.json,320,1,1,0
pi05,3,42,10003,49999,3,1,259,1,/pfs/pfs-7jnepv/lgd/libero_fullmatrix_20260909/evaluations/pi05-t3-c49999-e10003/audited_summary.json,320,1,1,0
pi05,3,42,10003,49999,4,1,229,1,/pfs/pfs-7jnepv/lgd/libero_fullmatrix_20260909/evaluations/pi05-t3-c49999-e10003/audited_summary.json,320,1,1,0
pi05,3,42,10003,49999,5,1,518,1,/pfs/pfs-7jnepv/lgd/libero_fullmatrix_20260909/evaluations/pi05-t3-c49999-e10003/audited_summary.json,320,1,0,1
pi05,3,42,10003,49999,6,1,346,1,/pfs/pfs-7jnepv/lgd/libero_fullmatrix_20260909/evaluations/pi05-t3-c49999-e10003/audited_summary.json,320,1,0,1
pi05,3,42,10003,49999,7,1,297,1,/pfs/pfs-7jnepv/lgd/libero_fullmatrix_20260909/evaluations/pi05-t3-c49999-e10003/audited_summary.json,320,1,1,0
pi05,3,42,10003,49999,8,1,261,1,/pfs/pfs-7jnepv/lgd/libero_fullmatrix_20260909/evaluations/pi05-t3-c49999-e10003/audited_summary.json,320,1,1,0
pi05,3,42,10003,49999,9,1,376,1,/pfs/pfs-7jnepv/lgd/libero_fullmatrix_20260909/evaluations/pi05-t3-c49999-e10003/audited_summary.json,320,1,0,1
pi05,3,42,10003,49999,10,1,388,1,/pfs/pfs-7jnepv/lgd/libero_fullmatrix_20260909/evaluations/pi05-t3-c49999-e10003/audited_summary.json,320,1,0,1
pi05,3,42,10003,49999,11,1,411,1,/pfs/pfs-7jnepv/lgd/libero_fullmatrix_20260909/evaluations/pi05-t3-c49999-e10003/audited_summary.json,320,1,0,1
pi05,3,42,10003,49999,12,1,236,1,/pfs/pfs-7jnepv/lgd/libero_fullmatrix_20260909/evaluations/pi05-t3-c49999-e10003/audited_summary.json,320,1,1,0
pi05,3,42,10003,49999,13,1,263,1,/pfs/pfs-7jnepv/lgd/libero_fullmatrix_20260909/evaluations/pi05-t3-c49999-e10003/audited_summary.json,320,1,1,0
pi05,3,42,10003,49999,14,1,428,1,/pfs/pfs-7jnepv/lgd/libero_fullmatrix_20260909/evaluations/pi05-t3-c49999-e10003/audited_summary.json,320,1,0,1
pi05,3,42,10003,49999,15,1,230,1,/pfs/pfs-7jnepv/lgd/libero_fullmatrix_20260909/evaluations/pi05-t3-c49999-e10003/audited_summary.json,320,1,1,0
pi05,3,42,10003,49999,16,1,344,1,/pfs/pfs-7jnepv/lgd/libero_fullmatrix_20260909/evaluations/pi05-t3-c49999-e10003/audited_summary.json,320,1,0,1
pi05,3,42,10003,49999,17,1,198,1,/pfs/pfs-7jnepv/lgd/libero_fullmatrix_20260909/evaluations/pi05-t3-c49999-e10003/audited_summary.json,320,1,1,0
pi05,3,42,10003,49999,18,1,210,1,/pfs/pfs-7jnepv/lgd/libero_fullmatrix_20260909/evaluations/pi05-t3-c49999-e10003/audited_summary.json,320,1,1,0
pi05,3,42,10003,49999,19,1,304,1,/pfs/pfs-7jnepv/lgd/libero_fullmatrix_20260909/evaluations/pi05-t3-c49999-e10003/audited_summary.json,320,1,1,0
MemoryVLA,3,42,10001,40000,0,0,600,0,/pfs/pfs-7jnepv/lgd/libero_fullmatrix_20260909/evaluations/MemoryVLA-c40000-t3-e10001/audited_summary.json,320,0,0,0
MemoryVLA,3,42,10001,40000,1,1,486,1,/pfs/pfs-7jnepv/lgd/libero_fullmatrix_20260909/evaluations/MemoryVLA-c40000-t3-e10001/audited_summary.json,320,1,0,1
MemoryVLA,3,42,10001,40000,2,0,600,0,/pfs/pfs-7jnepv/lgd/libero_fullmatrix_20260909/evaluations/MemoryVLA-c40000-t3-e10001/audited_summary.json,320,0,0,0
MemoryVLA,3,42,10001,40000,3,1,496,1,/pfs/pfs-7jnepv/lgd/libero_fullmatrix_20260909/evaluations/MemoryVLA-c40000-t3-e10001/audited_summary.json,320,1,0,1
MemoryVLA,3,42,10001,40000,4,1,434,1,/pfs/pfs-7jnepv/lgd/libero_fullmatrix_20260909/evaluations/MemoryVLA-c40000-t3-e10001/audited_summary.json,320,1,0,1
MemoryVLA,3,42,10001,40000,5,1,343,1,/pfs/pfs-7jnepv/lgd/libero_fullmatrix_20260909/evaluations/MemoryVLA-c40000-t3-e10001/audited_summary.json,320,1,0,1
MemoryVLA,3,42,10001,40000,6,1,583,1,/pfs/pfs-7jnepv/lgd/libero_fullmatrix_20260909/evaluations/MemoryVLA-c40000-t3-e10001/audited_summary.json,320,1,0,1
MemoryVLA,3,42,10001,40000,7,1,503,1,/pfs/pfs-7jnepv/lgd/libero_fullmatrix_20260909/evaluations/MemoryVLA-c40000-t3-e10001/audited_summary.json,320,1,0,1
MemoryVLA,3,42,10001,40000,8,1,280,1,/pfs/pfs-7jnepv/lgd/libero_fullmatrix_20260909/evaluations/MemoryVLA-c40000-t3-e10001/audited_summary.json,320,1,1,0
MemoryVLA,3,42,10001,40000,9,0,600,0,/pfs/pfs-7jnepv/lgd/libero_fullmatrix_20260909/evaluations/MemoryVLA-c40000-t3-e10001/audited_summary.json,320,0,0,0
MemoryVLA,3,42,10001,40000,10,1,480,1,/pfs/pfs-7jnepv/lgd/libero_fullmatrix_20260909/evaluations/MemoryVLA-c40000-t3-e10001/audited_summary.json,320,1,0,1
MemoryVLA,3,42,10001,40000,11,1,567,1,/pfs/pfs-7jnepv/lgd/libero_fullmatrix_20260909/evaluations/MemoryVLA-c40000-t3-e10001/audited_summary.json,320,1,0,1
MemoryVLA,3,42,10001,40000,12,1,565,1,/pfs/pfs-7jnepv/lgd/libero_fullmatrix_20260909/evaluations/MemoryVLA-c40000-t3-e10001/audited_summary.json,320,1,0,1
MemoryVLA,3,42,10001,40000,13,1,343,1,/pfs/pfs-7jnepv/lgd/libero_fullmatrix_20260909/evaluations/MemoryVLA-c40000-t3-e10001/audited_summary.json,320,1,0,1
MemoryVLA,3,42,10001,40000,14,1,293,1,/pfs/pfs-7jnepv/lgd/libero_fullmatrix_20260909/evaluations/MemoryVLA-c40000-t3-e10001/audited_summary.json,320,1,1,0
MemoryVLA,3,42,10001,40000,15,1,371,1,/pfs/pfs-7jnepv/lgd/libero_fullmatrix_20260909/evaluations/MemoryVLA-c40000-t3-e10001/audited_summary.json,320,1,0,1
MemoryVLA,3,42,10001,40000,16,1,278,1,/pfs/pfs-7jnepv/lgd/libero_fullmatrix_20260909/evaluations/MemoryVLA-c40000-t3-e10001/audited_summary.json,320,1,1,0
MemoryVLA,3,42,10001,40000,17,0,600,0,/pfs/pfs-7jnepv/lgd/libero_fullmatrix_20260909/evaluations/MemoryVLA-c40000-t3-e10001/audited_summary.json,320,0,0,0
MemoryVLA,3,42,10001,40000,18,1,347,1,/pfs/pfs-7jnepv/lgd/libero_fullmatrix_20260909/evaluations/MemoryVLA-c40000-t3-e10001/audited_summary.json,320,1,0,1
MemoryVLA,3,42,10001,40000,19,1,476,1,/pfs/pfs-7jnepv/lgd/libero_fullmatrix_20260909/evaluations/MemoryVLA-c40000-t3-e10001/audited_summary.json,320,1,0,1
MemoryVLA,3,42,10002,40000,0,0,600,0,/pfs/pfs-7jnepv/lgd/libero_fullmatrix_20260909/evaluations/MemoryVLA-c40000-t3-e10002/audited_summary.json,320,0,0,0
MemoryVLA,3,42,10002,40000,1,1,306,1,/pfs/pfs-7jnepv/lgd/libero_fullmatrix_20260909/evaluations/MemoryVLA-c40000-t3-e10002/audited_summary.json,320,1,1,0
MemoryVLA,3,42,10002,40000,2,0,600,0,/pfs/pfs-7jnepv/lgd/libero_fullmatrix_20260909/evaluations/MemoryVLA-c40000-t3-e10002/audited_summary.json,320,0,0,0
MemoryVLA,3,42,10002,40000,3,1,510,1,/pfs/pfs-7jnepv/lgd/libero_fullmatrix_20260909/evaluations/MemoryVLA-c40000-t3-e10002/audited_summary.json,320,1,0,1
MemoryVLA,3,42,10002,40000,4,1,403,1,/pfs/pfs-7jnepv/lgd/libero_fullmatrix_20260909/evaluations/MemoryVLA-c40000-t3-e10002/audited_summary.json,320,1,0,1
MemoryVLA,3,42,10002,40000,5,1,395,1,/pfs/pfs-7jnepv/lgd/libero_fullmatrix_20260909/evaluations/MemoryVLA-c40000-t3-e10002/audited_summary.json,320,1,0,1
MemoryVLA,3,42,10002,40000,6,1,557,1,/pfs/pfs-7jnepv/lgd/libero_fullmatrix_20260909/evaluations/MemoryVLA-c40000-t3-e10002/audited_summary.json,320,1,0,1
MemoryVLA,3,42,10002,40000,7,1,355,1,/pfs/pfs-7jnepv/lgd/libero_fullmatrix_20260909/evaluations/MemoryVLA-c40000-t3-e10002/audited_summary.json,320,1,0,1
MemoryVLA,3,42,10002,40000,8,1,257,1,/pfs/pfs-7jnepv/lgd/libero_fullmatrix_20260909/evaluations/MemoryVLA-c40000-t3-e10002/audited_summary.json,320,1,1,0
MemoryVLA,3,42,10002,40000,9,1,359,1,/pfs/pfs-7jnepv/lgd/libero_fullmatrix_20260909/evaluations/MemoryVLA-c40000-t3-e10002/audited_summary.json,320,1,0,1
MemoryVLA,3,42,10002,40000,10,0,600,0,/pfs/pfs-7jnepv/lgd/libero_fullmatrix_20260909/evaluations/MemoryVLA-c40000-t3-e10002/audited_summary.json,320,0,0,0
MemoryVLA,3,42,10002,40000,11,1,547,1,/pfs/pfs-7jnepv/lgd/libero_fullmatrix_20260909/evaluations/MemoryVLA-c40000-t3-e10002/audited_summary.json,320,1,0,1
MemoryVLA,3,42,10002,40000,12,0,600,0,/pfs/pfs-7jnepv/lgd/libero_fullmatrix_20260909/evaluations/MemoryVLA-c40000-t3-e10002/audited_summary.json,320,0,0,0
MemoryVLA,3,42,10002,40000,13,0,600,0,/pfs/pfs-7jnepv/lgd/libero_fullmatrix_20260909/evaluations/MemoryVLA-c40000-t3-e10002/audited_summary.json,320,0,0,0
MemoryVLA,3,42,10002,40000,14,1,186,1,/pfs/pfs-7jnepv/lgd/libero_fullmatrix_20260909/evaluations/MemoryVLA-c40000-t3-e10002/audited_summary.json,320,1,1,0
MemoryVLA,3,42,10002,40000,15,1,327,1,/pfs/pfs-7jnepv/lgd/libero_fullmatrix_20260909/evaluations/MemoryVLA-c40000-t3-e10002/audited_summary.json,320,1,0,1
MemoryVLA,3,42,10002,40000,16,1,364,1,/pfs/pfs-7jnepv/lgd/libero_fullmatrix_20260909/evaluations/MemoryVLA-c40000-t3-e10002/audited_summary.json,320,1,0,1
MemoryVLA,3,42,10002,40000,17,1,547,1,/pfs/pfs-7jnepv/lgd/libero_fullmatrix_20260909/evaluations/MemoryVLA-c40000-t3-e10002/audited_summary.json,320,1,0,1
MemoryVLA,3,42,10002,40000,18,0,600,0,/pfs/pfs-7jnepv/lgd/libero_fullmatrix_20260909/evaluations/MemoryVLA-c40000-t3-e10002/audited_summary.json,320,0,0,0
MemoryVLA,3,42,10002,40000,19,0,600,0,/pfs/pfs-7jnepv/lgd/libero_fullmatrix_20260909/evaluations/MemoryVLA-c40000-t3-e10002/audited_summary.json,320,0,0,0
MemoryVLA,3,42,10003,40000,0,0,600,0,/pfs/pfs-7jnepv/lgd/libero_fullmatrix_20260909/evaluations/MemoryVLA-c40000-t3-e10003/audited_summary.json,320,0,0,0
MemoryVLA,3,42,10003,40000,1,0,600,0,/pfs/pfs-7jnepv/lgd/libero_fullmatrix_20260909/evaluations/MemoryVLA-c40000-t3-e10003/audited_summary.json,320,0,0,0
MemoryVLA,3,42,10003,40000,2,1,407,1,/pfs/pfs-7jnepv/lgd/libero_fullmatrix_20260909/evaluations/MemoryVLA-c40000-t3-e10003/audited_summary.json,320,1,0,1
MemoryVLA,3,42,10003,40000,3,1,574,1,/pfs/pfs-7jnepv/lgd/libero_fullmatrix_20260909/evaluations/MemoryVLA-c40000-t3-e10003/audited_summary.json,320,1,0,1
MemoryVLA,3,42,10003,40000,4,1,410,1,/pfs/pfs-7jnepv/lgd/libero_fullmatrix_20260909/evaluations/MemoryVLA-c40000-t3-e10003/audited_summary.json,320,1,0,1
MemoryVLA,3,42,10003,40000,5,1,376,1,/pfs/pfs-7jnepv/lgd/libero_fullmatrix_20260909/evaluations/MemoryVLA-c40000-t3-e10003/audited_summary.json,320,1,0,1
MemoryVLA,3,42,10003,40000,6,1,470,1,/pfs/pfs-7jnepv/lgd/libero_fullmatrix_20260909/evaluations/MemoryVLA-c40000-t3-e10003/audited_summary.json,320,1,0,1
MemoryVLA,3,42,10003,40000,7,0,600,0,/pfs/pfs-7jnepv/lgd/libero_fullmatrix_20260909/evaluations/MemoryVLA-c40000-t3-e10003/audited_summary.json,320,0,0,0
MemoryVLA,3,42,10003,40000,8,1,335,1,/pfs/pfs-7jnepv/lgd/libero_fullmatrix_20260909/evaluations/MemoryVLA-c40000-t3-e10003/audited_summary.json,320,1,0,1
MemoryVLA,3,42,10003,40000,9,0,600,0,/pfs/pfs-7jnepv/lgd/libero_fullmatrix_20260909/evaluations/MemoryVLA-c40000-t3-e10003/audited_summary.json,320,0,0,0
MemoryVLA,3,42,10003,40000,10,1,464,1,/pfs/pfs-7jnepv/lgd/libero_fullmatrix_20260909/evaluations/MemoryVLA-c40000-t3-e10003/audited_summary.json,320,1,0,1
MemoryVLA,3,42,10003,40000,11,1,520,1,/pfs/pfs-7jnepv/lgd/libero_fullmatrix_20260909/evaluations/MemoryVLA-c40000-t3-e10003/audited_summary.json,320,1,0,1
MemoryVLA,3,42,10003,40000,12,1,504,1,/pfs/pfs-7jnepv/lgd/libero_fullmatrix_20260909/evaluations/MemoryVLA-c40000-t3-e10003/audited_summary.json,320,1,0,1
MemoryVLA,3,42,10003,40000,13,1,281,1,/pfs/pfs-7jnepv/lgd/libero_fullmatrix_20260909/evaluations/MemoryVLA-c40000-t3-e10003/audited_summary.json,320,1,1,0
MemoryVLA,3,42,10003,40000,14,0,600,0,/pfs/pfs-7jnepv/lgd/libero_fullmatrix_20260909/evaluations/MemoryVLA-c40000-t3-e10003/audited_summary.json,320,0,0,0
MemoryVLA,3,42,10003,40000,15,1,360,1,/pfs/pfs-7jnepv/lgd/libero_fullmatrix_20260909/evaluations/MemoryVLA-c40000-t3-e10003/audited_summary.json,320,1,0,1
MemoryVLA,3,42,10003,40000,16,1,339,1,/pfs/pfs-7jnepv/lgd/libero_fullmatrix_20260909/evaluations/MemoryVLA-c40000-t3-e10003/audited_summary.json,320,1,0,1
MemoryVLA,3,42,10003,40000,17,0,600,0,/pfs/pfs-7jnepv/lgd/libero_fullmatrix_20260909/evaluations/MemoryVLA-c40000-t3-e10003/audited_summary.json,320,0,0,0
MemoryVLA,3,42,10003,40000,18,1,279,1,/pfs/pfs-7jnepv/lgd/libero_fullmatrix_20260909/evaluations/MemoryVLA-c40000-t3-e10003/audited_summary.json,320,1,1,0
MemoryVLA,3,42,10003,40000,19,1,226,1,/pfs/pfs-7jnepv/lgd/libero_fullmatrix_20260909/evaluations/MemoryVLA-c40000-t3-e10003/audited_summary.json,320,1,1,0
ActMem-VLA,3,0,10001,500,0,1,270,1,/pfs/pfs-7jnepv/lgd/libero_fullmatrix_20260909/evaluations/gradientfix-lgd-t3-s0-c500-e10001/audited_summary.json,320,1,1,0
ActMem-VLA,3,0,10001,500,1,1,250,1,/pfs/pfs-7jnepv/lgd/libero_fullmatrix_20260909/evaluations/gradientfix-lgd-t3-s0-c500-e10001/audited_summary.json,320,1,1,0
ActMem-VLA,3,0,10001,500,2,1,294,1,/pfs/pfs-7jnepv/lgd/libero_fullmatrix_20260909/evaluations/gradientfix-lgd-t3-s0-c500-e10001/audited_summary.json,320,1,1,0
ActMem-VLA,3,0,10001,500,3,1,286,1,/pfs/pfs-7jnepv/lgd/libero_fullmatrix_20260909/evaluations/gradientfix-lgd-t3-s0-c500-e10001/audited_summary.json,320,1,1,0
ActMem-VLA,3,0,10001,500,4,1,251,1,/pfs/pfs-7jnepv/lgd/libero_fullmatrix_20260909/evaluations/gradientfix-lgd-t3-s0-c500-e10001/audited_summary.json,320,1,1,0
ActMem-VLA,3,0,10001,500,5,1,253,1,/pfs/pfs-7jnepv/lgd/libero_fullmatrix_20260909/evaluations/gradientfix-lgd-t3-s0-c500-e10001/audited_summary.json,320,1,1,0
ActMem-VLA,3,0,10001,500,6,1,246,1,/pfs/pfs-7jnepv/lgd/libero_fullmatrix_20260909/evaluations/gradientfix-lgd-t3-s0-c500-e10001/audited_summary.json,320,1,1,0
ActMem-VLA,3,0,10001,500,7,1,319,1,/pfs/pfs-7jnepv/lgd/libero_fullmatrix_20260909/evaluations/gradientfix-lgd-t3-s0-c500-e10001/audited_summary.json,320,1,1,0
ActMem-VLA,3,0,10001,500,8,1,259,1,/pfs/pfs-7jnepv/lgd/libero_fullmatrix_20260909/evaluations/gradientfix-lgd-t3-s0-c500-e10001/audited_summary.json,320,1,1,0
ActMem-VLA,3,0,10001,500,9,1,290,1,/pfs/pfs-7jnepv/lgd/libero_fullmatrix_20260909/evaluations/gradientfix-lgd-t3-s0-c500-e10001/audited_summary.json,320,1,1,0
ActMem-VLA,3,0,10001,500,10,1,252,1,/pfs/pfs-7jnepv/lgd/libero_fullmatrix_20260909/evaluations/gradientfix-lgd-t3-s0-c500-e10001/audited_summary.json,320,1,1,0
ActMem-VLA,3,0,10001,500,11,1,209,1,/pfs/pfs-7jnepv/lgd/libero_fullmatrix_20260909/evaluations/gradientfix-lgd-t3-s0-c500-e10001/audited_summary.json,320,1,1,0
ActMem-VLA,3,0,10001,500,12,1,264,1,/pfs/pfs-7jnepv/lgd/libero_fullmatrix_20260909/evaluations/gradientfix-lgd-t3-s0-c500-e10001/audited_summary.json,320,1,1,0
ActMem-VLA,3,0,10001,500,13,1,245,1,/pfs/pfs-7jnepv/lgd/libero_fullmatrix_20260909/evaluations/gradientfix-lgd-t3-s0-c500-e10001/audited_summary.json,320,1,1,0
ActMem-VLA,3,0,10001,500,14,1,576,1,/pfs/pfs-7jnepv/lgd/libero_fullmatrix_20260909/evaluations/gradientfix-lgd-t3-s0-c500-e10001/audited_summary.json,320,1,0,1
ActMem-VLA,3,0,10001,500,15,1,249,1,/pfs/pfs-7jnepv/lgd/libero_fullmatrix_20260909/evaluations/gradientfix-lgd-t3-s0-c500-e10001/audited_summary.json,320,1,1,0
ActMem-VLA,3,0,10001,500,16,1,260,1,/pfs/pfs-7jnepv/lgd/libero_fullmatrix_20260909/evaluations/gradientfix-lgd-t3-s0-c500-e10001/audited_summary.json,320,1,1,0
ActMem-VLA,3,0,10001,500,17,1,247,1,/pfs/pfs-7jnepv/lgd/libero_fullmatrix_20260909/evaluations/gradientfix-lgd-t3-s0-c500-e10001/audited_summary.json,320,1,1,0
ActMem-VLA,3,0,10001,500,18,1,303,1,/pfs/pfs-7jnepv/lgd/libero_fullmatrix_20260909/evaluations/gradientfix-lgd-t3-s0-c500-e10001/audited_summary.json,320,1,1,0
ActMem-VLA,3,0,10001,500,19,1,300,1,/pfs/pfs-7jnepv/lgd/libero_fullmatrix_20260909/evaluations/gradientfix-lgd-t3-s0-c500-e10001/audited_summary.json,320,1,1,0
ActMem-VLA,3,0,10002,500,0,1,265,1,/pfs/pfs-7jnepv/lgd/libero_fullmatrix_20260909/evaluations/gradientfix-lgd-t3-s0-c500-e10002/audited_summary.json,320,1,1,0
ActMem-VLA,3,0,10002,500,1,1,265,1,/pfs/pfs-7jnepv/lgd/libero_fullmatrix_20260909/evaluations/gradientfix-lgd-t3-s0-c500-e10002/audited_summary.json,320,1,1,0
ActMem-VLA,3,0,10002,500,2,1,322,1,/pfs/pfs-7jnepv/lgd/libero_fullmatrix_20260909/evaluations/gradientfix-lgd-t3-s0-c500-e10002/audited_summary.json,320,1,0,1
ActMem-VLA,3,0,10002,500,3,1,278,1,/pfs/pfs-7jnepv/lgd/libero_fullmatrix_20260909/evaluations/gradientfix-lgd-t3-s0-c500-e10002/audited_summary.json,320,1,1,0
ActMem-VLA,3,0,10002,500,4,1,374,1,/pfs/pfs-7jnepv/lgd/libero_fullmatrix_20260909/evaluations/gradientfix-lgd-t3-s0-c500-e10002/audited_summary.json,320,1,0,1
ActMem-VLA,3,0,10002,500,5,1,360,1,/pfs/pfs-7jnepv/lgd/libero_fullmatrix_20260909/evaluations/gradientfix-lgd-t3-s0-c500-e10002/audited_summary.json,320,1,0,1
ActMem-VLA,3,0,10002,500,6,1,322,1,/pfs/pfs-7jnepv/lgd/libero_fullmatrix_20260909/evaluations/gradientfix-lgd-t3-s0-c500-e10002/audited_summary.json,320,1,0,1
ActMem-VLA,3,0,10002,500,7,1,283,1,/pfs/pfs-7jnepv/lgd/libero_fullmatrix_20260909/evaluations/gradientfix-lgd-t3-s0-c500-e10002/audited_summary.json,320,1,1,0
ActMem-VLA,3,0,10002,500,8,1,251,1,/pfs/pfs-7jnepv/lgd/libero_fullmatrix_20260909/evaluations/gradientfix-lgd-t3-s0-c500-e10002/audited_summary.json,320,1,1,0
ActMem-VLA,3,0,10002,500,9,1,286,1,/pfs/pfs-7jnepv/lgd/libero_fullmatrix_20260909/evaluations/gradientfix-lgd-t3-s0-c500-e10002/audited_summary.json,320,1,1,0
ActMem-VLA,3,0,10002,500,10,1,330,1,/pfs/pfs-7jnepv/lgd/libero_fullmatrix_20260909/evaluations/gradientfix-lgd-t3-s0-c500-e10002/audited_summary.json,320,1,0,1
ActMem-VLA,3,0,10002,500,11,1,272,1,/pfs/pfs-7jnepv/lgd/libero_fullmatrix_20260909/evaluations/gradientfix-lgd-t3-s0-c500-e10002/audited_summary.json,320,1,1,0
ActMem-VLA,3,0,10002,500,12,1,261,1,/pfs/pfs-7jnepv/lgd/libero_fullmatrix_20260909/evaluations/gradientfix-lgd-t3-s0-c500-e10002/audited_summary.json,320,1,1,0
ActMem-VLA,3,0,10002,500,13,1,293,1,/pfs/pfs-7jnepv/lgd/libero_fullmatrix_20260909/evaluations/gradientfix-lgd-t3-s0-c500-e10002/audited_summary.json,320,1,1,0
ActMem-VLA,3,0,10002,500,14,1,303,1,/pfs/pfs-7jnepv/lgd/libero_fullmatrix_20260909/evaluations/gradientfix-lgd-t3-s0-c500-e10002/audited_summary.json,320,1,1,0
ActMem-VLA,3,0,10002,500,15,1,263,1,/pfs/pfs-7jnepv/lgd/libero_fullmatrix_20260909/evaluations/gradientfix-lgd-t3-s0-c500-e10002/audited_summary.json,320,1,1,0
ActMem-VLA,3,0,10002,500,16,1,282,1,/pfs/pfs-7jnepv/lgd/libero_fullmatrix_20260909/evaluations/gradientfix-lgd-t3-s0-c500-e10002/audited_summary.json,320,1,1,0
ActMem-VLA,3,0,10002,500,17,1,283,1,/pfs/pfs-7jnepv/lgd/libero_fullmatrix_20260909/evaluations/gradientfix-lgd-t3-s0-c500-e10002/audited_summary.json,320,1,1,0
ActMem-VLA,3,0,10002,500,18,1,316,1,/pfs/pfs-7jnepv/lgd/libero_fullmatrix_20260909/evaluations/gradientfix-lgd-t3-s0-c500-e10002/audited_summary.json,320,1,1,0
ActMem-VLA,3,0,10002,500,19,1,358,1,/pfs/pfs-7jnepv/lgd/libero_fullmatrix_20260909/evaluations/gradientfix-lgd-t3-s0-c500-e10002/audited_summary.json,320,1,0,1
ActMem-VLA,3,0,10003,500,0,1,322,1,/pfs/pfs-7jnepv/lgd/libero_fullmatrix_20260909/evaluations/gradientfix-lgd-t3-s0-c500-e10003/audited_summary.json,320,1,0,1
ActMem-VLA,3,0,10003,500,1,1,246,1,/pfs/pfs-7jnepv/lgd/libero_fullmatrix_20260909/evaluations/gradientfix-lgd-t3-s0-c500-e10003/audited_summary.json,320,1,1,0
ActMem-VLA,3,0,10003,500,2,1,233,1,/pfs/pfs-7jnepv/lgd/libero_fullmatrix_20260909/evaluations/gradientfix-lgd-t3-s0-c500-e10003/audited_summary.json,320,1,1,0
ActMem-VLA,3,0,10003,500,3,1,287,1,/pfs/pfs-7jnepv/lgd/libero_fullmatrix_20260909/evaluations/gradientfix-lgd-t3-s0-c500-e10003/audited_summary.json,320,1,1,0
ActMem-VLA,3,0,10003,500,4,1,270,1,/pfs/pfs-7jnepv/lgd/libero_fullmatrix_20260909/evaluations/gradientfix-lgd-t3-s0-c500-e10003/audited_summary.json,320,1,1,0
ActMem-VLA,3,0,10003,500,5,1,260,1,/pfs/pfs-7jnepv/lgd/libero_fullmatrix_20260909/evaluations/gradientfix-lgd-t3-s0-c500-e10003/audited_summary.json,320,1,1,0
ActMem-VLA,3,0,10003,500,6,1,281,1,/pfs/pfs-7jnepv/lgd/libero_fullmatrix_20260909/evaluations/gradientfix-lgd-t3-s0-c500-e10003/audited_summary.json,320,1,1,0
ActMem-VLA,3,0,10003,500,7,1,332,1,/pfs/pfs-7jnepv/lgd/libero_fullmatrix_20260909/evaluations/gradientfix-lgd-t3-s0-c500-e10003/audited_summary.json,320,1,0,1
ActMem-VLA,3,0,10003,500,8,1,316,1,/pfs/pfs-7jnepv/lgd/libero_fullmatrix_20260909/evaluations/gradientfix-lgd-t3-s0-c500-e10003/audited_summary.json,320,1,1,0
ActMem-VLA,3,0,10003,500,9,1,249,1,/pfs/pfs-7jnepv/lgd/libero_fullmatrix_20260909/evaluations/gradientfix-lgd-t3-s0-c500-e10003/audited_summary.json,320,1,1,0
ActMem-VLA,3,0,10003,500,10,1,354,1,/pfs/pfs-7jnepv/lgd/libero_fullmatrix_20260909/evaluations/gradientfix-lgd-t3-s0-c500-e10003/audited_summary.json,320,1,0,1
ActMem-VLA,3,0,10003,500,11,1,277,1,/pfs/pfs-7jnepv/lgd/libero_fullmatrix_20260909/evaluations/gradientfix-lgd-t3-s0-c500-e10003/audited_summary.json,320,1,1,0
ActMem-VLA,3,0,10003,500,12,1,342,1,/pfs/pfs-7jnepv/lgd/libero_fullmatrix_20260909/evaluations/gradientfix-lgd-t3-s0-c500-e10003/audited_summary.json,320,1,0,1
ActMem-VLA,3,0,10003,500,13,1,266,1,/pfs/pfs-7jnepv/lgd/libero_fullmatrix_20260909/evaluations/gradientfix-lgd-t3-s0-c500-e10003/audited_summary.json,320,1,1,0
ActMem-VLA,3,0,10003,500,14,1,434,1,/pfs/pfs-7jnepv/lgd/libero_fullmatrix_20260909/evaluations/gradientfix-lgd-t3-s0-c500-e10003/audited_summary.json,320,1,0,1
ActMem-VLA,3,0,10003,500,15,1,432,1,/pfs/pfs-7jnepv/lgd/libero_fullmatrix_20260909/evaluations/gradientfix-lgd-t3-s0-c500-e10003/audited_summary.json,320,1,0,1
ActMem-VLA,3,0,10003,500,16,1,287,1,/pfs/pfs-7jnepv/lgd/libero_fullmatrix_20260909/evaluations/gradientfix-lgd-t3-s0-c500-e10003/audited_summary.json,320,1,1,0
ActMem-VLA,3,0,10003,500,17,1,254,1,/pfs/pfs-7jnepv/lgd/libero_fullmatrix_20260909/evaluations/gradientfix-lgd-t3-s0-c500-e10003/audited_summary.json,320,1,1,0
ActMem-VLA,3,0,10003,500,18,1,260,1,/pfs/pfs-7jnepv/lgd/libero_fullmatrix_20260909/evaluations/gradientfix-lgd-t3-s0-c500-e10003/audited_summary.json,320,1,1,0
ActMem-VLA,3,0,10003,500,19,1,419,1,/pfs/pfs-7jnepv/lgd/libero_fullmatrix_20260909/evaluations/gradientfix-lgd-t3-s0-c500-e10003/audited_summary.json,320,1,0,1
ActMem-VLA,3,1,10001,1000,0,1,335,1,/pfs/pfs-7jnepv/lgd/libero_fullmatrix_20260909/evaluations/gradientfix-lgd-t3-s1-c1000-e10001/audited_summary.json,320,1,0,1
ActMem-VLA,3,1,10001,1000,1,1,262,1,/pfs/pfs-7jnepv/lgd/libero_fullmatrix_20260909/evaluations/gradientfix-lgd-t3-s1-c1000-e10001/audited_summary.json,320,1,1,0
ActMem-VLA,3,1,10001,1000,2,1,287,1,/pfs/pfs-7jnepv/lgd/libero_fullmatrix_20260909/evaluations/gradientfix-lgd-t3-s1-c1000-e10001/audited_summary.json,320,1,1,0
ActMem-VLA,3,1,10001,1000,3,1,265,1,/pfs/pfs-7jnepv/lgd/libero_fullmatrix_20260909/evaluations/gradientfix-lgd-t3-s1-c1000-e10001/audited_summary.json,320,1,1,0
ActMem-VLA,3,1,10001,1000,4,1,261,1,/pfs/pfs-7jnepv/lgd/libero_fullmatrix_20260909/evaluations/gradientfix-lgd-t3-s1-c1000-e10001/audited_summary.json,320,1,1,0
ActMem-VLA,3,1,10001,1000,5,1,423,1,/pfs/pfs-7jnepv/lgd/libero_fullmatrix_20260909/evaluations/gradientfix-lgd-t3-s1-c1000-e10001/audited_summary.json,320,1,0,1
ActMem-VLA,3,1,10001,1000,6,1,236,1,/pfs/pfs-7jnepv/lgd/libero_fullmatrix_20260909/evaluations/gradientfix-lgd-t3-s1-c1000-e10001/audited_summary.json,320,1,1,0
ActMem-VLA,3,1,10001,1000,7,1,271,1,/pfs/pfs-7jnepv/lgd/libero_fullmatrix_20260909/evaluations/gradientfix-lgd-t3-s1-c1000-e10001/audited_summary.json,320,1,1,0
ActMem-VLA,3,1,10001,1000,8,1,267,1,/pfs/pfs-7jnepv/lgd/libero_fullmatrix_20260909/evaluations/gradientfix-lgd-t3-s1-c1000-e10001/audited_summary.json,320,1,1,0
ActMem-VLA,3,1,10001,1000,9,1,261,1,/pfs/pfs-7jnepv/lgd/libero_fullmatrix_20260909/evaluations/gradientfix-lgd-t3-s1-c1000-e10001/audited_summary.json,320,1,1,0
ActMem-VLA,3,1,10001,1000,10,1,266,1,/pfs/pfs-7jnepv/lgd/libero_fullmatrix_20260909/evaluations/gradientfix-lgd-t3-s1-c1000-e10001/audited_summary.json,320,1,1,0
ActMem-VLA,3,1,10001,1000,11,1,264,1,/pfs/pfs-7jnepv/lgd/libero_fullmatrix_20260909/evaluations/gradientfix-lgd-t3-s1-c1000-e10001/audited_summary.json,320,1,1,0
ActMem-VLA,3,1,10001,1000,12,1,483,1,/pfs/pfs-7jnepv/lgd/libero_fullmatrix_20260909/evaluations/gradientfix-lgd-t3-s1-c1000-e10001/audited_summary.json,320,1,0,1
ActMem-VLA,3,1,10001,1000,13,1,267,1,/pfs/pfs-7jnepv/lgd/libero_fullmatrix_20260909/evaluations/gradientfix-lgd-t3-s1-c1000-e10001/audited_summary.json,320,1,1,0
ActMem-VLA,3,1,10001,1000,14,1,251,1,/pfs/pfs-7jnepv/lgd/libero_fullmatrix_20260909/evaluations/gradientfix-lgd-t3-s1-c1000-e10001/audited_summary.json,320,1,1,0
ActMem-VLA,3,1,10001,1000,15,1,257,1,/pfs/pfs-7jnepv/lgd/libero_fullmatrix_20260909/evaluations/gradientfix-lgd-t3-s1-c1000-e10001/audited_summary.json,320,1,1,0
ActMem-VLA,3,1,10001,1000,16,1,300,1,/pfs/pfs-7jnepv/lgd/libero_fullmatrix_20260909/evaluations/gradientfix-lgd-t3-s1-c1000-e10001/audited_summary.json,320,1,1,0
ActMem-VLA,3,1,10001,1000,17,1,333,1,/pfs/pfs-7jnepv/lgd/libero_fullmatrix_20260909/evaluations/gradientfix-lgd-t3-s1-c1000-e10001/audited_summary.json,320,1,0,1
ActMem-VLA,3,1,10001,1000,18,1,232,1,/pfs/pfs-7jnepv/lgd/libero_fullmatrix_20260909/evaluations/gradientfix-lgd-t3-s1-c1000-e10001/audited_summary.json,320,1,1,0
ActMem-VLA,3,1,10001,1000,19,1,388,1,/pfs/pfs-7jnepv/lgd/libero_fullmatrix_20260909/evaluations/gradientfix-lgd-t3-s1-c1000-e10001/audited_summary.json,320,1,0,1
ActMem-VLA,3,1,10002,1000,0,1,256,1,/pfs/pfs-7jnepv/lgd/libero_fullmatrix_20260909/evaluations/gradientfix-lgd-t3-s1-c1000-e10002/audited_summary.json,320,1,1,0
ActMem-VLA,3,1,10002,1000,1,1,247,1,/pfs/pfs-7jnepv/lgd/libero_fullmatrix_20260909/evaluations/gradientfix-lgd-t3-s1-c1000-e10002/audited_summary.json,320,1,1,0
ActMem-VLA,3,1,10002,1000,2,1,230,1,/pfs/pfs-7jnepv/lgd/libero_fullmatrix_20260909/evaluations/gradientfix-lgd-t3-s1-c1000-e10002/audited_summary.json,320,1,1,0
ActMem-VLA,3,1,10002,1000,3,1,267,1,/pfs/pfs-7jnepv/lgd/libero_fullmatrix_20260909/evaluations/gradientfix-lgd-t3-s1-c1000-e10002/audited_summary.json,320,1,1,0
ActMem-VLA,3,1,10002,1000,4,1,289,1,/pfs/pfs-7jnepv/lgd/libero_fullmatrix_20260909/evaluations/gradientfix-lgd-t3-s1-c1000-e10002/audited_summary.json,320,1,1,0
ActMem-VLA,3,1,10002,1000,5,1,263,1,/pfs/pfs-7jnepv/lgd/libero_fullmatrix_20260909/evaluations/gradientfix-lgd-t3-s1-c1000-e10002/audited_summary.json,320,1,1,0
ActMem-VLA,3,1,10002,1000,6,1,364,1,/pfs/pfs-7jnepv/lgd/libero_fullmatrix_20260909/evaluations/gradientfix-lgd-t3-s1-c1000-e10002/audited_summary.json,320,1,0,1
ActMem-VLA,3,1,10002,1000,7,1,234,1,/pfs/pfs-7jnepv/lgd/libero_fullmatrix_20260909/evaluations/gradientfix-lgd-t3-s1-c1000-e10002/audited_summary.json,320,1,1,0
ActMem-VLA,3,1,10002,1000,8,1,271,1,/pfs/pfs-7jnepv/lgd/libero_fullmatrix_20260909/evaluations/gradientfix-lgd-t3-s1-c1000-e10002/audited_summary.json,320,1,1,0
ActMem-VLA,3,1,10002,1000,9,1,264,1,/pfs/pfs-7jnepv/lgd/libero_fullmatrix_20260909/evaluations/gradientfix-lgd-t3-s1-c1000-e10002/audited_summary.json,320,1,1,0
ActMem-VLA,3,1,10002,1000,10,1,282,1,/pfs/pfs-7jnepv/lgd/libero_fullmatrix_20260909/evaluations/gradientfix-lgd-t3-s1-c1000-e10002/audited_summary.json,320,1,1,0
ActMem-VLA,3,1,10002,1000,11,1,246,1,/pfs/pfs-7jnepv/lgd/libero_fullmatrix_20260909/evaluations/gradientfix-lgd-t3-s1-c1000-e10002/audited_summary.json,320,1,1,0
ActMem-VLA,3,1,10002,1000,12,1,301,1,/pfs/pfs-7jnepv/lgd/libero_fullmatrix_20260909/evaluations/gradientfix-lgd-t3-s1-c1000-e10002/audited_summary.json,320,1,1,0
ActMem-VLA,3,1,10002,1000,13,1,300,1,/pfs/pfs-7jnepv/lgd/libero_fullmatrix_20260909/evaluations/gradientfix-lgd-t3-s1-c1000-e10002/audited_summary.json,320,1,1,0
ActMem-VLA,3,1,10002,1000,14,1,266,1,/pfs/pfs-7jnepv/lgd/libero_fullmatrix_20260909/evaluations/gradientfix-lgd-t3-s1-c1000-e10002/audited_summary.json,320,1,1,0
ActMem-VLA,3,1,10002,1000,15,1,309,1,/pfs/pfs-7jnepv/lgd/libero_fullmatrix_20260909/evaluations/gradientfix-lgd-t3-s1-c1000-e10002/audited_summary.json,320,1,1,0
ActMem-VLA,3,1,10002,1000,16,1,289,1,/pfs/pfs-7jnepv/lgd/libero_fullmatrix_20260909/evaluations/gradientfix-lgd-t3-s1-c1000-e10002/audited_summary.json,320,1,1,0
ActMem-VLA,3,1,10002,1000,17,1,259,1,/pfs/pfs-7jnepv/lgd/libero_fullmatrix_20260909/evaluations/gradientfix-lgd-t3-s1-c1000-e10002/audited_summary.json,320,1,1,0
ActMem-VLA,3,1,10002,1000,18,1,270,1,/pfs/pfs-7jnepv/lgd/libero_fullmatrix_20260909/evaluations/gradientfix-lgd-t3-s1-c1000-e10002/audited_summary.json,320,1,1,0
ActMem-VLA,3,1,10002,1000,19,1,271,1,/pfs/pfs-7jnepv/lgd/libero_fullmatrix_20260909/evaluations/gradientfix-lgd-t3-s1-c1000-e10002/audited_summary.json,320,1,1,0
ActMem-VLA,3,1,10003,1000,0,1,267,1,/pfs/pfs-7jnepv/lgd/libero_fullmatrix_20260909/evaluations/gradientfix-lgd-t3-s1-c1000-e10003/audited_summary.json,320,1,1,0
ActMem-VLA,3,1,10003,1000,1,1,225,1,/pfs/pfs-7jnepv/lgd/libero_fullmatrix_20260909/evaluations/gradientfix-lgd-t3-s1-c1000-e10003/audited_summary.json,320,1,1,0
ActMem-VLA,3,1,10003,1000,2,1,250,1,/pfs/pfs-7jnepv/lgd/libero_fullmatrix_20260909/evaluations/gradientfix-lgd-t3-s1-c1000-e10003/audited_summary.json,320,1,1,0
ActMem-VLA,3,1,10003,1000,3,1,264,1,/pfs/pfs-7jnepv/lgd/libero_fullmatrix_20260909/evaluations/gradientfix-lgd-t3-s1-c1000-e10003/audited_summary.json,320,1,1,0
ActMem-VLA,3,1,10003,1000,4,1,270,1,/pfs/pfs-7jnepv/lgd/libero_fullmatrix_20260909/evaluations/gradientfix-lgd-t3-s1-c1000-e10003/audited_summary.json,320,1,1,0
ActMem-VLA,3,1,10003,1000,5,1,244,1,/pfs/pfs-7jnepv/lgd/libero_fullmatrix_20260909/evaluations/gradientfix-lgd-t3-s1-c1000-e10003/audited_summary.json,320,1,1,0
ActMem-VLA,3,1,10003,1000,6,1,280,1,/pfs/pfs-7jnepv/lgd/libero_fullmatrix_20260909/evaluations/gradientfix-lgd-t3-s1-c1000-e10003/audited_summary.json,320,1,1,0
ActMem-VLA,3,1,10003,1000,7,1,345,1,/pfs/pfs-7jnepv/lgd/libero_fullmatrix_20260909/evaluations/gradientfix-lgd-t3-s1-c1000-e10003/audited_summary.json,320,1,0,1
ActMem-VLA,3,1,10003,1000,8,1,276,1,/pfs/pfs-7jnepv/lgd/libero_fullmatrix_20260909/evaluations/gradientfix-lgd-t3-s1-c1000-e10003/audited_summary.json,320,1,1,0
ActMem-VLA,3,1,10003,1000,9,1,298,1,/pfs/pfs-7jnepv/lgd/libero_fullmatrix_20260909/evaluations/gradientfix-lgd-t3-s1-c1000-e10003/audited_summary.json,320,1,1,0
ActMem-VLA,3,1,10003,1000,10,1,276,1,/pfs/pfs-7jnepv/lgd/libero_fullmatrix_20260909/evaluations/gradientfix-lgd-t3-s1-c1000-e10003/audited_summary.json,320,1,1,0
ActMem-VLA,3,1,10003,1000,11,1,267,1,/pfs/pfs-7jnepv/lgd/libero_fullmatrix_20260909/evaluations/gradientfix-lgd-t3-s1-c1000-e10003/audited_summary.json,320,1,1,0
ActMem-VLA,3,1,10003,1000,12,1,302,1,/pfs/pfs-7jnepv/lgd/libero_fullmatrix_20260909/evaluations/gradientfix-lgd-t3-s1-c1000-e10003/audited_summary.json,320,1,1,0
ActMem-VLA,3,1,10003,1000,13,1,302,1,/pfs/pfs-7jnepv/lgd/libero_fullmatrix_20260909/evaluations/gradientfix-lgd-t3-s1-c1000-e10003/audited_summary.json,320,1,1,0
ActMem-VLA,3,1,10003,1000,14,1,550,1,/pfs/pfs-7jnepv/lgd/libero_fullmatrix_20260909/evaluations/gradientfix-lgd-t3-s1-c1000-e10003/audited_summary.json,320,1,0,1
ActMem-VLA,3,1,10003,1000,15,1,288,1,/pfs/pfs-7jnepv/lgd/libero_fullmatrix_20260909/evaluations/gradientfix-lgd-t3-s1-c1000-e10003/audited_summary.json,320,1,1,0
ActMem-VLA,3,1,10003,1000,16,1,289,1,/pfs/pfs-7jnepv/lgd/libero_fullmatrix_20260909/evaluations/gradientfix-lgd-t3-s1-c1000-e10003/audited_summary.json,320,1,1,0
ActMem-VLA,3,1,10003,1000,17,1,288,1,/pfs/pfs-7jnepv/lgd/libero_fullmatrix_20260909/evaluations/gradientfix-lgd-t3-s1-c1000-e10003/audited_summary.json,320,1,1,0
ActMem-VLA,3,1,10003,1000,18,1,256,1,/pfs/pfs-7jnepv/lgd/libero_fullmatrix_20260909/evaluations/gradientfix-lgd-t3-s1-c1000-e10003/audited_summary.json,320,1,1,0
ActMem-VLA,3,1,10003,1000,19,1,264,1,/pfs/pfs-7jnepv/lgd/libero_fullmatrix_20260909/evaluations/gradientfix-lgd-t3-s1-c1000-e10003/audited_summary.json,320,1,1,0
ActMem-VLA,3,42,10001,1000,0,1,452,1,/pfs/pfs-7jnepv/lgd/libero_fullmatrix_20260909/evaluations/gradientfix-lgd-t3-s42-c1000-e10001/audited_summary.json,320,1,0,1
ActMem-VLA,3,42,10001,1000,1,1,250,1,/pfs/pfs-7jnepv/lgd/libero_fullmatrix_20260909/evaluations/gradientfix-lgd-t3-s42-c1000-e10001/audited_summary.json,320,1,1,0
ActMem-VLA,3,42,10001,1000,2,1,255,1,/pfs/pfs-7jnepv/lgd/libero_fullmatrix_20260909/evaluations/gradientfix-lgd-t3-s42-c1000-e10001/audited_summary.json,320,1,1,0
ActMem-VLA,3,42,10001,1000,3,1,299,1,/pfs/pfs-7jnepv/lgd/libero_fullmatrix_20260909/evaluations/gradientfix-lgd-t3-s42-c1000-e10001/audited_summary.json,320,1,1,0
ActMem-VLA,3,42,10001,1000,4,1,247,1,/pfs/pfs-7jnepv/lgd/libero_fullmatrix_20260909/evaluations/gradientfix-lgd-t3-s42-c1000-e10001/audited_summary.json,320,1,1,0
ActMem-VLA,3,42,10001,1000,5,1,288,1,/pfs/pfs-7jnepv/lgd/libero_fullmatrix_20260909/evaluations/gradientfix-lgd-t3-s42-c1000-e10001/audited_summary.json,320,1,1,0
ActMem-VLA,3,42,10001,1000,6,1,270,1,/pfs/pfs-7jnepv/lgd/libero_fullmatrix_20260909/evaluations/gradientfix-lgd-t3-s42-c1000-e10001/audited_summary.json,320,1,1,0
ActMem-VLA,3,42,10001,1000,7,1,281,1,/pfs/pfs-7jnepv/lgd/libero_fullmatrix_20260909/evaluations/gradientfix-lgd-t3-s42-c1000-e10001/audited_summary.json,320,1,1,0
ActMem-VLA,3,42,10001,1000,8,1,318,1,/pfs/pfs-7jnepv/lgd/libero_fullmatrix_20260909/evaluations/gradientfix-lgd-t3-s42-c1000-e10001/audited_summary.json,320,1,1,0
ActMem-VLA,3,42,10001,1000,9,1,287,1,/pfs/pfs-7jnepv/lgd/libero_fullmatrix_20260909/evaluations/gradientfix-lgd-t3-s42-c1000-e10001/audited_summary.json,320,1,1,0
ActMem-VLA,3,42,10001,1000,10,1,262,1,/pfs/pfs-7jnepv/lgd/libero_fullmatrix_20260909/evaluations/gradientfix-lgd-t3-s42-c1000-e10001/audited_summary.json,320,1,1,0
ActMem-VLA,3,42,10001,1000,11,1,230,1,/pfs/pfs-7jnepv/lgd/libero_fullmatrix_20260909/evaluations/gradientfix-lgd-t3-s42-c1000-e10001/audited_summary.json,320,1,1,0
ActMem-VLA,3,42,10001,1000,12,1,417,1,/pfs/pfs-7jnepv/lgd/libero_fullmatrix_20260909/evaluations/gradientfix-lgd-t3-s42-c1000-e10001/audited_summary.json,320,1,0,1
ActMem-VLA,3,42,10001,1000,13,1,256,1,/pfs/pfs-7jnepv/lgd/libero_fullmatrix_20260909/evaluations/gradientfix-lgd-t3-s42-c1000-e10001/audited_summary.json,320,1,1,0
ActMem-VLA,3,42,10001,1000,14,1,321,1,/pfs/pfs-7jnepv/lgd/libero_fullmatrix_20260909/evaluations/gradientfix-lgd-t3-s42-c1000-e10001/audited_summary.json,320,1,0,1
ActMem-VLA,3,42,10001,1000,15,1,314,1,/pfs/pfs-7jnepv/lgd/libero_fullmatrix_20260909/evaluations/gradientfix-lgd-t3-s42-c1000-e10001/audited_summary.json,320,1,1,0
ActMem-VLA,3,42,10001,1000,16,1,307,1,/pfs/pfs-7jnepv/lgd/libero_fullmatrix_20260909/evaluations/gradientfix-lgd-t3-s42-c1000-e10001/audited_summary.json,320,1,1,0
ActMem-VLA,3,42,10001,1000,17,1,264,1,/pfs/pfs-7jnepv/lgd/libero_fullmatrix_20260909/evaluations/gradientfix-lgd-t3-s42-c1000-e10001/audited_summary.json,320,1,1,0
ActMem-VLA,3,42,10001,1000,18,1,228,1,/pfs/pfs-7jnepv/lgd/libero_fullmatrix_20260909/evaluations/gradientfix-lgd-t3-s42-c1000-e10001/audited_summary.json,320,1,1,0
ActMem-VLA,3,42,10001,1000,19,1,285,1,/pfs/pfs-7jnepv/lgd/libero_fullmatrix_20260909/evaluations/gradientfix-lgd-t3-s42-c1000-e10001/audited_summary.json,320,1,1,0
ActMem-VLA,3,42,10002,1000,0,1,300,1,/pfs/pfs-7jnepv/lgd/libero_fullmatrix_20260909/evaluations/gradientfix-lgd-t3-s42-c1000-e10002/audited_summary.json,320,1,1,0
ActMem-VLA,3,42,10002,1000,1,1,239,1,/pfs/pfs-7jnepv/lgd/libero_fullmatrix_20260909/evaluations/gradientfix-lgd-t3-s42-c1000-e10002/audited_summary.json,320,1,1,0
ActMem-VLA,3,42,10002,1000,2,1,328,1,/pfs/pfs-7jnepv/lgd/libero_fullmatrix_20260909/evaluations/gradientfix-lgd-t3-s42-c1000-e10002/audited_summary.json,320,1,0,1
ActMem-VLA,3,42,10002,1000,3,1,228,1,/pfs/pfs-7jnepv/lgd/libero_fullmatrix_20260909/evaluations/gradientfix-lgd-t3-s42-c1000-e10002/audited_summary.json,320,1,1,0
ActMem-VLA,3,42,10002,1000,4,1,238,1,/pfs/pfs-7jnepv/lgd/libero_fullmatrix_20260909/evaluations/gradientfix-lgd-t3-s42-c1000-e10002/audited_summary.json,320,1,1,0
ActMem-VLA,3,42,10002,1000,5,1,251,1,/pfs/pfs-7jnepv/lgd/libero_fullmatrix_20260909/evaluations/gradientfix-lgd-t3-s42-c1000-e10002/audited_summary.json,320,1,1,0
ActMem-VLA,3,42,10002,1000,6,1,416,1,/pfs/pfs-7jnepv/lgd/libero_fullmatrix_20260909/evaluations/gradientfix-lgd-t3-s42-c1000-e10002/audited_summary.json,320,1,0,1
ActMem-VLA,3,42,10002,1000,7,1,253,1,/pfs/pfs-7jnepv/lgd/libero_fullmatrix_20260909/evaluations/gradientfix-lgd-t3-s42-c1000-e10002/audited_summary.json,320,1,1,0
ActMem-VLA,3,42,10002,1000,8,1,278,1,/pfs/pfs-7jnepv/lgd/libero_fullmatrix_20260909/evaluations/gradientfix-lgd-t3-s42-c1000-e10002/audited_summary.json,320,1,1,0
ActMem-VLA,3,42,10002,1000,9,1,285,1,/pfs/pfs-7jnepv/lgd/libero_fullmatrix_20260909/evaluations/gradientfix-lgd-t3-s42-c1000-e10002/audited_summary.json,320,1,1,0
ActMem-VLA,3,42,10002,1000,10,1,292,1,/pfs/pfs-7jnepv/lgd/libero_fullmatrix_20260909/evaluations/gradientfix-lgd-t3-s42-c1000-e10002/audited_summary.json,320,1,1,0
ActMem-VLA,3,42,10002,1000,11,1,283,1,/pfs/pfs-7jnepv/lgd/libero_fullmatrix_20260909/evaluations/gradientfix-lgd-t3-s42-c1000-e10002/audited_summary.json,320,1,1,0
ActMem-VLA,3,42,10002,1000,12,1,302,1,/pfs/pfs-7jnepv/lgd/libero_fullmatrix_20260909/evaluations/gradientfix-lgd-t3-s42-c1000-e10002/audited_summary.json,320,1,1,0
ActMem-VLA,3,42,10002,1000,13,1,265,1,/pfs/pfs-7jnepv/lgd/libero_fullmatrix_20260909/evaluations/gradientfix-lgd-t3-s42-c1000-e10002/audited_summary.json,320,1,1,0
ActMem-VLA,3,42,10002,1000,14,1,267,1,/pfs/pfs-7jnepv/lgd/libero_fullmatrix_20260909/evaluations/gradientfix-lgd-t3-s42-c1000-e10002/audited_summary.json,320,1,1,0
ActMem-VLA,3,42,10002,1000,15,1,291,1,/pfs/pfs-7jnepv/lgd/libero_fullmatrix_20260909/evaluations/gradientfix-lgd-t3-s42-c1000-e10002/audited_summary.json,320,1,1,0
ActMem-VLA,3,42,10002,1000,16,1,283,1,/pfs/pfs-7jnepv/lgd/libero_fullmatrix_20260909/evaluations/gradientfix-lgd-t3-s42-c1000-e10002/audited_summary.json,320,1,1,0
ActMem-VLA,3,42,10002,1000,17,1,304,1,/pfs/pfs-7jnepv/lgd/libero_fullmatrix_20260909/evaluations/gradientfix-lgd-t3-s42-c1000-e10002/audited_summary.json,320,1,1,0
ActMem-VLA,3,42,10002,1000,18,1,280,1,/pfs/pfs-7jnepv/lgd/libero_fullmatrix_20260909/evaluations/gradientfix-lgd-t3-s42-c1000-e10002/audited_summary.json,320,1,1,0
ActMem-VLA,3,42,10002,1000,19,1,377,1,/pfs/pfs-7jnepv/lgd/libero_fullmatrix_20260909/evaluations/gradientfix-lgd-t3-s42-c1000-e10002/audited_summary.json,320,1,0,1
ActMem-VLA,3,42,10003,1000,0,1,339,1,/pfs/pfs-7jnepv/lgd/libero_fullmatrix_20260909/evaluations/gradientfix-lgd-t3-s42-c1000-e10003/audited_summary.json,320,1,0,1
ActMem-VLA,3,42,10003,1000,1,1,297,1,/pfs/pfs-7jnepv/lgd/libero_fullmatrix_20260909/evaluations/gradientfix-lgd-t3-s42-c1000-e10003/audited_summary.json,320,1,1,0
ActMem-VLA,3,42,10003,1000,2,1,261,1,/pfs/pfs-7jnepv/lgd/libero_fullmatrix_20260909/evaluations/gradientfix-lgd-t3-s42-c1000-e10003/audited_summary.json,320,1,1,0
ActMem-VLA,3,42,10003,1000,3,1,382,1,/pfs/pfs-7jnepv/lgd/libero_fullmatrix_20260909/evaluations/gradientfix-lgd-t3-s42-c1000-e10003/audited_summary.json,320,1,0,1
ActMem-VLA,3,42,10003,1000,4,1,225,1,/pfs/pfs-7jnepv/lgd/libero_fullmatrix_20260909/evaluations/gradientfix-lgd-t3-s42-c1000-e10003/audited_summary.json,320,1,1,0
ActMem-VLA,3,42,10003,1000,5,1,302,1,/pfs/pfs-7jnepv/lgd/libero_fullmatrix_20260909/evaluations/gradientfix-lgd-t3-s42-c1000-e10003/audited_summary.json,320,1,1,0
ActMem-VLA,3,42,10003,1000,6,1,287,1,/pfs/pfs-7jnepv/lgd/libero_fullmatrix_20260909/evaluations/gradientfix-lgd-t3-s42-c1000-e10003/audited_summary.json,320,1,1,0
ActMem-VLA,3,42,10003,1000,7,1,237,1,/pfs/pfs-7jnepv/lgd/libero_fullmatrix_20260909/evaluations/gradientfix-lgd-t3-s42-c1000-e10003/audited_summary.json,320,1,1,0
ActMem-VLA,3,42,10003,1000,8,1,261,1,/pfs/pfs-7jnepv/lgd/libero_fullmatrix_20260909/evaluations/gradientfix-lgd-t3-s42-c1000-e10003/audited_summary.json,320,1,1,0
ActMem-VLA,3,42,10003,1000,9,1,459,1,/pfs/pfs-7jnepv/lgd/libero_fullmatrix_20260909/evaluations/gradientfix-lgd-t3-s42-c1000-e10003/audited_summary.json,320,1,0,1
ActMem-VLA,3,42,10003,1000,10,1,369,1,/pfs/pfs-7jnepv/lgd/libero_fullmatrix_20260909/evaluations/gradientfix-lgd-t3-s42-c1000-e10003/audited_summary.json,320,1,0,1
ActMem-VLA,3,42,10003,1000,11,1,260,1,/pfs/pfs-7jnepv/lgd/libero_fullmatrix_20260909/evaluations/gradientfix-lgd-t3-s42-c1000-e10003/audited_summary.json,320,1,1,0
ActMem-VLA,3,42,10003,1000,12,1,263,1,/pfs/pfs-7jnepv/lgd/libero_fullmatrix_20260909/evaluations/gradientfix-lgd-t3-s42-c1000-e10003/audited_summary.json,320,1,1,0
ActMem-VLA,3,42,10003,1000,13,1,229,1,/pfs/pfs-7jnepv/lgd/libero_fullmatrix_20260909/evaluations/gradientfix-lgd-t3-s42-c1000-e10003/audited_summary.json,320,1,1,0
ActMem-VLA,3,42,10003,1000,14,1,465,1,/pfs/pfs-7jnepv/lgd/libero_fullmatrix_20260909/evaluations/gradientfix-lgd-t3-s42-c1000-e10003/audited_summary.json,320,1,0,1
ActMem-VLA,3,42,10003,1000,15,1,268,1,/pfs/pfs-7jnepv/lgd/libero_fullmatrix_20260909/evaluations/gradientfix-lgd-t3-s42-c1000-e10003/audited_summary.json,320,1,1,0
ActMem-VLA,3,42,10003,1000,16,1,241,1,/pfs/pfs-7jnepv/lgd/libero_fullmatrix_20260909/evaluations/gradientfix-lgd-t3-s42-c1000-e10003/audited_summary.json,320,1,1,0
ActMem-VLA,3,42,10003,1000,17,1,255,1,/pfs/pfs-7jnepv/lgd/libero_fullmatrix_20260909/evaluations/gradientfix-lgd-t3-s42-c1000-e10003/audited_summary.json,320,1,1,0
ActMem-VLA,3,42,10003,1000,18,1,254,1,/pfs/pfs-7jnepv/lgd/libero_fullmatrix_20260909/evaluations/gradientfix-lgd-t3-s42-c1000-e10003/audited_summary.json,320,1,1,0
ActMem-VLA,3,42,10003,1000,19,1,342,1,/pfs/pfs-7jnepv/lgd/libero_fullmatrix_20260909/evaluations/gradientfix-lgd-t3-s42-c1000-e10003/audited_summary.json,320,1,0,1
pi05,4,42,10001,49999,0,1,261,1,/pfs/pfs-7jnepv/lgd/libero_fullmatrix_20260909/evaluations/pi05-t4-c49999-e10001/audited_summary.json,340,1,1,0
pi05,4,42,10001,49999,1,1,479,1,/pfs/pfs-7jnepv/lgd/libero_fullmatrix_20260909/evaluations/pi05-t4-c49999-e10001/audited_summary.json,340,1,0,1
pi05,4,42,10001,49999,2,1,396,1,/pfs/pfs-7jnepv/lgd/libero_fullmatrix_20260909/evaluations/pi05-t4-c49999-e10001/audited_summary.json,340,1,0,1
pi05,4,42,10001,49999,3,1,301,1,/pfs/pfs-7jnepv/lgd/libero_fullmatrix_20260909/evaluations/pi05-t4-c49999-e10001/audited_summary.json,340,1,1,0
pi05,4,42,10001,49999,4,1,477,1,/pfs/pfs-7jnepv/lgd/libero_fullmatrix_20260909/evaluations/pi05-t4-c49999-e10001/audited_summary.json,340,1,0,1
pi05,4,42,10001,49999,5,1,335,1,/pfs/pfs-7jnepv/lgd/libero_fullmatrix_20260909/evaluations/pi05-t4-c49999-e10001/audited_summary.json,340,1,1,0
pi05,4,42,10001,49999,6,1,326,1,/pfs/pfs-7jnepv/lgd/libero_fullmatrix_20260909/evaluations/pi05-t4-c49999-e10001/audited_summary.json,340,1,1,0
pi05,4,42,10001,49999,7,1,240,1,/pfs/pfs-7jnepv/lgd/libero_fullmatrix_20260909/evaluations/pi05-t4-c49999-e10001/audited_summary.json,340,1,1,0
pi05,4,42,10001,49999,8,0,600,0,/pfs/pfs-7jnepv/lgd/libero_fullmatrix_20260909/evaluations/pi05-t4-c49999-e10001/audited_summary.json,340,0,0,0
pi05,4,42,10001,49999,9,1,318,1,/pfs/pfs-7jnepv/lgd/libero_fullmatrix_20260909/evaluations/pi05-t4-c49999-e10001/audited_summary.json,340,1,1,0
pi05,4,42,10001,49999,10,1,275,1,/pfs/pfs-7jnepv/lgd/libero_fullmatrix_20260909/evaluations/pi05-t4-c49999-e10001/audited_summary.json,340,1,1,0
pi05,4,42,10001,49999,11,1,307,1,/pfs/pfs-7jnepv/lgd/libero_fullmatrix_20260909/evaluations/pi05-t4-c49999-e10001/audited_summary.json,340,1,1,0
pi05,4,42,10001,49999,12,1,327,1,/pfs/pfs-7jnepv/lgd/libero_fullmatrix_20260909/evaluations/pi05-t4-c49999-e10001/audited_summary.json,340,1,1,0
pi05,4,42,10001,49999,13,1,423,1,/pfs/pfs-7jnepv/lgd/libero_fullmatrix_20260909/evaluations/pi05-t4-c49999-e10001/audited_summary.json,340,1,0,1
pi05,4,42,10001,49999,14,1,420,1,/pfs/pfs-7jnepv/lgd/libero_fullmatrix_20260909/evaluations/pi05-t4-c49999-e10001/audited_summary.json,340,1,0,1
pi05,4,42,10001,49999,15,1,307,1,/pfs/pfs-7jnepv/lgd/libero_fullmatrix_20260909/evaluations/pi05-t4-c49999-e10001/audited_summary.json,340,1,1,0
pi05,4,42,10001,49999,16,0,600,0,/pfs/pfs-7jnepv/lgd/libero_fullmatrix_20260909/evaluations/pi05-t4-c49999-e10001/audited_summary.json,340,0,0,0
pi05,4,42,10001,49999,17,0,600,0,/pfs/pfs-7jnepv/lgd/libero_fullmatrix_20260909/evaluations/pi05-t4-c49999-e10001/audited_summary.json,340,0,0,0
pi05,4,42,10001,49999,18,1,348,1,/pfs/pfs-7jnepv/lgd/libero_fullmatrix_20260909/evaluations/pi05-t4-c49999-e10001/audited_summary.json,340,1,0,1
pi05,4,42,10001,49999,19,1,345,1,/pfs/pfs-7jnepv/lgd/libero_fullmatrix_20260909/evaluations/pi05-t4-c49999-e10001/audited_summary.json,340,1,0,1
pi05,4,42,10002,49999,0,1,359,1,/pfs/pfs-7jnepv/lgd/libero_fullmatrix_20260909/evaluations/pi05-t4-c49999-e10002/audited_summary.json,340,1,0,1
pi05,4,42,10002,49999,1,1,268,1,/pfs/pfs-7jnepv/lgd/libero_fullmatrix_20260909/evaluations/pi05-t4-c49999-e10002/audited_summary.json,340,1,1,0
pi05,4,42,10002,49999,2,1,290,1,/pfs/pfs-7jnepv/lgd/libero_fullmatrix_20260909/evaluations/pi05-t4-c49999-e10002/audited_summary.json,340,1,1,0
pi05,4,42,10002,49999,3,1,388,1,/pfs/pfs-7jnepv/lgd/libero_fullmatrix_20260909/evaluations/pi05-t4-c49999-e10002/audited_summary.json,340,1,0,1
pi05,4,42,10002,49999,4,1,459,1,/pfs/pfs-7jnepv/lgd/libero_fullmatrix_20260909/evaluations/pi05-t4-c49999-e10002/audited_summary.json,340,1,0,1
pi05,4,42,10002,49999,5,1,431,1,/pfs/pfs-7jnepv/lgd/libero_fullmatrix_20260909/evaluations/pi05-t4-c49999-e10002/audited_summary.json,340,1,0,1
pi05,4,42,10002,49999,6,1,368,1,/pfs/pfs-7jnepv/lgd/libero_fullmatrix_20260909/evaluations/pi05-t4-c49999-e10002/audited_summary.json,340,1,0,1
pi05,4,42,10002,49999,7,1,392,1,/pfs/pfs-7jnepv/lgd/libero_fullmatrix_20260909/evaluations/pi05-t4-c49999-e10002/audited_summary.json,340,1,0,1
pi05,4,42,10002,49999,8,1,418,1,/pfs/pfs-7jnepv/lgd/libero_fullmatrix_20260909/evaluations/pi05-t4-c49999-e10002/audited_summary.json,340,1,0,1
pi05,4,42,10002,49999,9,1,404,1,/pfs/pfs-7jnepv/lgd/libero_fullmatrix_20260909/evaluations/pi05-t4-c49999-e10002/audited_summary.json,340,1,0,1
pi05,4,42,10002,49999,10,1,546,1,/pfs/pfs-7jnepv/lgd/libero_fullmatrix_20260909/evaluations/pi05-t4-c49999-e10002/audited_summary.json,340,1,0,1
pi05,4,42,10002,49999,11,1,392,1,/pfs/pfs-7jnepv/lgd/libero_fullmatrix_20260909/evaluations/pi05-t4-c49999-e10002/audited_summary.json,340,1,0,1
pi05,4,42,10002,49999,12,1,384,1,/pfs/pfs-7jnepv/lgd/libero_fullmatrix_20260909/evaluations/pi05-t4-c49999-e10002/audited_summary.json,340,1,0,1
pi05,4,42,10002,49999,13,1,346,1,/pfs/pfs-7jnepv/lgd/libero_fullmatrix_20260909/evaluations/pi05-t4-c49999-e10002/audited_summary.json,340,1,0,1
pi05,4,42,10002,49999,14,1,350,1,/pfs/pfs-7jnepv/lgd/libero_fullmatrix_20260909/evaluations/pi05-t4-c49999-e10002/audited_summary.json,340,1,0,1
pi05,4,42,10002,49999,15,1,242,1,/pfs/pfs-7jnepv/lgd/libero_fullmatrix_20260909/evaluations/pi05-t4-c49999-e10002/audited_summary.json,340,1,1,0
pi05,4,42,10002,49999,16,0,600,0,/pfs/pfs-7jnepv/lgd/libero_fullmatrix_20260909/evaluations/pi05-t4-c49999-e10002/audited_summary.json,340,0,0,0
pi05,4,42,10002,49999,17,1,426,1,/pfs/pfs-7jnepv/lgd/libero_fullmatrix_20260909/evaluations/pi05-t4-c49999-e10002/audited_summary.json,340,1,0,1
pi05,4,42,10002,49999,18,1,430,1,/pfs/pfs-7jnepv/lgd/libero_fullmatrix_20260909/evaluations/pi05-t4-c49999-e10002/audited_summary.json,340,1,0,1
pi05,4,42,10002,49999,19,1,527,1,/pfs/pfs-7jnepv/lgd/libero_fullmatrix_20260909/evaluations/pi05-t4-c49999-e10002/audited_summary.json,340,1,0,1
pi05,4,42,10003,49999,0,1,309,1,/pfs/pfs-7jnepv/lgd/libero_fullmatrix_20260909/evaluations/pi05-t4-c49999-e10003/audited_summary.json,340,1,1,0
pi05,4,42,10003,49999,1,1,372,1,/pfs/pfs-7jnepv/lgd/libero_fullmatrix_20260909/evaluations/pi05-t4-c49999-e10003/audited_summary.json,340,1,0,1
pi05,4,42,10003,49999,2,1,401,1,/pfs/pfs-7jnepv/lgd/libero_fullmatrix_20260909/evaluations/pi05-t4-c49999-e10003/audited_summary.json,340,1,0,1
pi05,4,42,10003,49999,3,1,207,1,/pfs/pfs-7jnepv/lgd/libero_fullmatrix_20260909/evaluations/pi05-t4-c49999-e10003/audited_summary.json,340,1,1,0
pi05,4,42,10003,49999,4,1,331,1,/pfs/pfs-7jnepv/lgd/libero_fullmatrix_20260909/evaluations/pi05-t4-c49999-e10003/audited_summary.json,340,1,1,0
pi05,4,42,10003,49999,5,0,600,0,/pfs/pfs-7jnepv/lgd/libero_fullmatrix_20260909/evaluations/pi05-t4-c49999-e10003/audited_summary.json,340,0,0,0
pi05,4,42,10003,49999,6,1,349,1,/pfs/pfs-7jnepv/lgd/libero_fullmatrix_20260909/evaluations/pi05-t4-c49999-e10003/audited_summary.json,340,1,0,1
pi05,4,42,10003,49999,7,1,458,1,/pfs/pfs-7jnepv/lgd/libero_fullmatrix_20260909/evaluations/pi05-t4-c49999-e10003/audited_summary.json,340,1,0,1
pi05,4,42,10003,49999,8,0,600,0,/pfs/pfs-7jnepv/lgd/libero_fullmatrix_20260909/evaluations/pi05-t4-c49999-e10003/audited_summary.json,340,0,0,0
pi05,4,42,10003,49999,9,1,356,1,/pfs/pfs-7jnepv/lgd/libero_fullmatrix_20260909/evaluations/pi05-t4-c49999-e10003/audited_summary.json,340,1,0,1
pi05,4,42,10003,49999,10,1,261,1,/pfs/pfs-7jnepv/lgd/libero_fullmatrix_20260909/evaluations/pi05-t4-c49999-e10003/audited_summary.json,340,1,1,0
pi05,4,42,10003,49999,11,1,350,1,/pfs/pfs-7jnepv/lgd/libero_fullmatrix_20260909/evaluations/pi05-t4-c49999-e10003/audited_summary.json,340,1,0,1
pi05,4,42,10003,49999,12,1,249,1,/pfs/pfs-7jnepv/lgd/libero_fullmatrix_20260909/evaluations/pi05-t4-c49999-e10003/audited_summary.json,340,1,1,0
pi05,4,42,10003,49999,13,1,197,1,/pfs/pfs-7jnepv/lgd/libero_fullmatrix_20260909/evaluations/pi05-t4-c49999-e10003/audited_summary.json,340,1,1,0
pi05,4,42,10003,49999,14,1,369,1,/pfs/pfs-7jnepv/lgd/libero_fullmatrix_20260909/evaluations/pi05-t4-c49999-e10003/audited_summary.json,340,1,0,1
pi05,4,42,10003,49999,15,1,218,1,/pfs/pfs-7jnepv/lgd/libero_fullmatrix_20260909/evaluations/pi05-t4-c49999-e10003/audited_summary.json,340,1,1,0
pi05,4,42,10003,49999,16,1,248,1,/pfs/pfs-7jnepv/lgd/libero_fullmatrix_20260909/evaluations/pi05-t4-c49999-e10003/audited_summary.json,340,1,1,0
pi05,4,42,10003,49999,17,1,278,1,/pfs/pfs-7jnepv/lgd/libero_fullmatrix_20260909/evaluations/pi05-t4-c49999-e10003/audited_summary.json,340,1,1,0
pi05,4,42,10003,49999,18,1,326,1,/pfs/pfs-7jnepv/lgd/libero_fullmatrix_20260909/evaluations/pi05-t4-c49999-e10003/audited_summary.json,340,1,1,0
pi05,4,42,10003,49999,19,1,264,1,/pfs/pfs-7jnepv/lgd/libero_fullmatrix_20260909/evaluations/pi05-t4-c49999-e10003/audited_summary.json,340,1,1,0
MemoryVLA,4,42,10001,40000,0,0,600,0,/pfs/pfs-7jnepv/lgd/libero_fullmatrix_20260909/evaluations/MemoryVLA-c40000-t4-e10001/audited_summary.json,340,0,0,0
MemoryVLA,4,42,10001,40000,1,0,600,0,/pfs/pfs-7jnepv/lgd/libero_fullmatrix_20260909/evaluations/MemoryVLA-c40000-t4-e10001/audited_summary.json,340,0,0,0
MemoryVLA,4,42,10001,40000,2,1,261,1,/pfs/pfs-7jnepv/lgd/libero_fullmatrix_20260909/evaluations/MemoryVLA-c40000-t4-e10001/audited_summary.json,340,1,1,0
MemoryVLA,4,42,10001,40000,3,0,600,0,/pfs/pfs-7jnepv/lgd/libero_fullmatrix_20260909/evaluations/MemoryVLA-c40000-t4-e10001/audited_summary.json,340,0,0,0
MemoryVLA,4,42,10001,40000,4,1,240,1,/pfs/pfs-7jnepv/lgd/libero_fullmatrix_20260909/evaluations/MemoryVLA-c40000-t4-e10001/audited_summary.json,340,1,1,0
MemoryVLA,4,42,10001,40000,5,0,600,0,/pfs/pfs-7jnepv/lgd/libero_fullmatrix_20260909/evaluations/MemoryVLA-c40000-t4-e10001/audited_summary.json,340,0,0,0
MemoryVLA,4,42,10001,40000,6,0,600,0,/pfs/pfs-7jnepv/lgd/libero_fullmatrix_20260909/evaluations/MemoryVLA-c40000-t4-e10001/audited_summary.json,340,0,0,0
MemoryVLA,4,42,10001,40000,7,0,600,0,/pfs/pfs-7jnepv/lgd/libero_fullmatrix_20260909/evaluations/MemoryVLA-c40000-t4-e10001/audited_summary.json,340,0,0,0
MemoryVLA,4,42,10001,40000,8,1,280,1,/pfs/pfs-7jnepv/lgd/libero_fullmatrix_20260909/evaluations/MemoryVLA-c40000-t4-e10001/audited_summary.json,340,1,1,0
MemoryVLA,4,42,10001,40000,9,0,600,0,/pfs/pfs-7jnepv/lgd/libero_fullmatrix_20260909/evaluations/MemoryVLA-c40000-t4-e10001/audited_summary.json,340,0,0,0
MemoryVLA,4,42,10001,40000,10,1,483,1,/pfs/pfs-7jnepv/lgd/libero_fullmatrix_20260909/evaluations/MemoryVLA-c40000-t4-e10001/audited_summary.json,340,1,0,1
MemoryVLA,4,42,10001,40000,11,0,600,0,/pfs/pfs-7jnepv/lgd/libero_fullmatrix_20260909/evaluations/MemoryVLA-c40000-t4-e10001/audited_summary.json,340,0,0,0
MemoryVLA,4,42,10001,40000,12,0,600,0,/pfs/pfs-7jnepv/lgd/libero_fullmatrix_20260909/evaluations/MemoryVLA-c40000-t4-e10001/audited_summary.json,340,0,0,0
MemoryVLA,4,42,10001,40000,13,1,275,1,/pfs/pfs-7jnepv/lgd/libero_fullmatrix_20260909/evaluations/MemoryVLA-c40000-t4-e10001/audited_summary.json,340,1,1,0
MemoryVLA,4,42,10001,40000,14,1,357,1,/pfs/pfs-7jnepv/lgd/libero_fullmatrix_20260909/evaluations/MemoryVLA-c40000-t4-e10001/audited_summary.json,340,1,0,1
MemoryVLA,4,42,10001,40000,15,0,600,0,/pfs/pfs-7jnepv/lgd/libero_fullmatrix_20260909/evaluations/MemoryVLA-c40000-t4-e10001/audited_summary.json,340,0,0,0
MemoryVLA,4,42,10001,40000,16,0,600,0,/pfs/pfs-7jnepv/lgd/libero_fullmatrix_20260909/evaluations/MemoryVLA-c40000-t4-e10001/audited_summary.json,340,0,0,0
MemoryVLA,4,42,10001,40000,17,0,600,0,/pfs/pfs-7jnepv/lgd/libero_fullmatrix_20260909/evaluations/MemoryVLA-c40000-t4-e10001/audited_summary.json,340,0,0,0
MemoryVLA,4,42,10001,40000,18,0,600,0,/pfs/pfs-7jnepv/lgd/libero_fullmatrix_20260909/evaluations/MemoryVLA-c40000-t4-e10001/audited_summary.json,340,0,0,0
MemoryVLA,4,42,10001,40000,19,0,600,0,/pfs/pfs-7jnepv/lgd/libero_fullmatrix_20260909/evaluations/MemoryVLA-c40000-t4-e10001/audited_summary.json,340,0,0,0
MemoryVLA,4,42,10002,40000,0,0,600,0,/pfs/pfs-7jnepv/lgd/libero_fullmatrix_20260909/evaluations/MemoryVLA-c40000-t4-e10002/audited_summary.json,340,0,0,0
MemoryVLA,4,42,10002,40000,1,0,600,0,/pfs/pfs-7jnepv/lgd/libero_fullmatrix_20260909/evaluations/MemoryVLA-c40000-t4-e10002/audited_summary.json,340,0,0,0
MemoryVLA,4,42,10002,40000,2,1,307,1,/pfs/pfs-7jnepv/lgd/libero_fullmatrix_20260909/evaluations/MemoryVLA-c40000-t4-e10002/audited_summary.json,340,1,1,0
MemoryVLA,4,42,10002,40000,3,0,600,0,/pfs/pfs-7jnepv/lgd/libero_fullmatrix_20260909/evaluations/MemoryVLA-c40000-t4-e10002/audited_summary.json,340,0,0,0
MemoryVLA,4,42,10002,40000,4,1,564,1,/pfs/pfs-7jnepv/lgd/libero_fullmatrix_20260909/evaluations/MemoryVLA-c40000-t4-e10002/audited_summary.json,340,1,0,1
MemoryVLA,4,42,10002,40000,5,0,600,0,/pfs/pfs-7jnepv/lgd/libero_fullmatrix_20260909/evaluations/MemoryVLA-c40000-t4-e10002/audited_summary.json,340,0,0,0
MemoryVLA,4,42,10002,40000,6,0,600,0,/pfs/pfs-7jnepv/lgd/libero_fullmatrix_20260909/evaluations/MemoryVLA-c40000-t4-e10002/audited_summary.json,340,0,0,0
MemoryVLA,4,42,10002,40000,7,0,600,0,/pfs/pfs-7jnepv/lgd/libero_fullmatrix_20260909/evaluations/MemoryVLA-c40000-t4-e10002/audited_summary.json,340,0,0,0
MemoryVLA,4,42,10002,40000,8,0,600,0,/pfs/pfs-7jnepv/lgd/libero_fullmatrix_20260909/evaluations/MemoryVLA-c40000-t4-e10002/audited_summary.json,340,0,0,0
MemoryVLA,4,42,10002,40000,9,0,600,0,/pfs/pfs-7jnepv/lgd/libero_fullmatrix_20260909/evaluations/MemoryVLA-c40000-t4-e10002/audited_summary.json,340,0,0,0
MemoryVLA,4,42,10002,40000,10,0,600,0,/pfs/pfs-7jnepv/lgd/libero_fullmatrix_20260909/evaluations/MemoryVLA-c40000-t4-e10002/audited_summary.json,340,0,0,0
MemoryVLA,4,42,10002,40000,11,0,600,0,/pfs/pfs-7jnepv/lgd/libero_fullmatrix_20260909/evaluations/MemoryVLA-c40000-t4-e10002/audited_summary.json,340,0,0,0
MemoryVLA,4,42,10002,40000,12,1,360,1,/pfs/pfs-7jnepv/lgd/libero_fullmatrix_20260909/evaluations/MemoryVLA-c40000-t4-e10002/audited_summary.json,340,1,0,1
MemoryVLA,4,42,10002,40000,13,0,600,0,/pfs/pfs-7jnepv/lgd/libero_fullmatrix_20260909/evaluations/MemoryVLA-c40000-t4-e10002/audited_summary.json,340,0,0,0
MemoryVLA,4,42,10002,40000,14,0,600,0,/pfs/pfs-7jnepv/lgd/libero_fullmatrix_20260909/evaluations/MemoryVLA-c40000-t4-e10002/audited_summary.json,340,0,0,0
MemoryVLA,4,42,10002,40000,15,0,600,0,/pfs/pfs-7jnepv/lgd/libero_fullmatrix_20260909/evaluations/MemoryVLA-c40000-t4-e10002/audited_summary.json,340,0,0,0
MemoryVLA,4,42,10002,40000,16,0,600,0,/pfs/pfs-7jnepv/lgd/libero_fullmatrix_20260909/evaluations/MemoryVLA-c40000-t4-e10002/audited_summary.json,340,0,0,0
MemoryVLA,4,42,10002,40000,17,0,600,0,/pfs/pfs-7jnepv/lgd/libero_fullmatrix_20260909/evaluations/MemoryVLA-c40000-t4-e10002/audited_summary.json,340,0,0,0
MemoryVLA,4,42,10002,40000,18,0,600,0,/pfs/pfs-7jnepv/lgd/libero_fullmatrix_20260909/evaluations/MemoryVLA-c40000-t4-e10002/audited_summary.json,340,0,0,0
MemoryVLA,4,42,10002,40000,19,1,556,1,/pfs/pfs-7jnepv/lgd/libero_fullmatrix_20260909/evaluations/MemoryVLA-c40000-t4-e10002/audited_summary.json,340,1,0,1
MemoryVLA,4,42,10003,40000,0,0,600,0,/pfs/pfs-7jnepv/lgd/libero_fullmatrix_20260909/evaluations/MemoryVLA-c40000-t4-e10003/audited_summary.json,340,0,0,0
MemoryVLA,4,42,10003,40000,1,0,600,0,/pfs/pfs-7jnepv/lgd/libero_fullmatrix_20260909/evaluations/MemoryVLA-c40000-t4-e10003/audited_summary.json,340,0,0,0
MemoryVLA,4,42,10003,40000,2,1,177,1,/pfs/pfs-7jnepv/lgd/libero_fullmatrix_20260909/evaluations/MemoryVLA-c40000-t4-e10003/audited_summary.json,340,1,1,0
MemoryVLA,4,42,10003,40000,3,0,600,0,/pfs/pfs-7jnepv/lgd/libero_fullmatrix_20260909/evaluations/MemoryVLA-c40000-t4-e10003/audited_summary.json,340,0,0,0
MemoryVLA,4,42,10003,40000,4,1,217,1,/pfs/pfs-7jnepv/lgd/libero_fullmatrix_20260909/evaluations/MemoryVLA-c40000-t4-e10003/audited_summary.json,340,1,1,0
MemoryVLA,4,42,10003,40000,5,0,600,0,/pfs/pfs-7jnepv/lgd/libero_fullmatrix_20260909/evaluations/MemoryVLA-c40000-t4-e10003/audited_summary.json,340,0,0,0
MemoryVLA,4,42,10003,40000,6,0,600,0,/pfs/pfs-7jnepv/lgd/libero_fullmatrix_20260909/evaluations/MemoryVLA-c40000-t4-e10003/audited_summary.json,340,0,0,0
MemoryVLA,4,42,10003,40000,7,0,600,0,/pfs/pfs-7jnepv/lgd/libero_fullmatrix_20260909/evaluations/MemoryVLA-c40000-t4-e10003/audited_summary.json,340,0,0,0
MemoryVLA,4,42,10003,40000,8,1,317,1,/pfs/pfs-7jnepv/lgd/libero_fullmatrix_20260909/evaluations/MemoryVLA-c40000-t4-e10003/audited_summary.json,340,1,1,0
MemoryVLA,4,42,10003,40000,9,0,600,0,/pfs/pfs-7jnepv/lgd/libero_fullmatrix_20260909/evaluations/MemoryVLA-c40000-t4-e10003/audited_summary.json,340,0,0,0
MemoryVLA,4,42,10003,40000,10,1,244,1,/pfs/pfs-7jnepv/lgd/libero_fullmatrix_20260909/evaluations/MemoryVLA-c40000-t4-e10003/audited_summary.json,340,1,1,0
MemoryVLA,4,42,10003,40000,11,0,600,0,/pfs/pfs-7jnepv/lgd/libero_fullmatrix_20260909/evaluations/MemoryVLA-c40000-t4-e10003/audited_summary.json,340,0,0,0
MemoryVLA,4,42,10003,40000,12,1,251,1,/pfs/pfs-7jnepv/lgd/libero_fullmatrix_20260909/evaluations/MemoryVLA-c40000-t4-e10003/audited_summary.json,340,1,1,0
MemoryVLA,4,42,10003,40000,13,0,600,0,/pfs/pfs-7jnepv/lgd/libero_fullmatrix_20260909/evaluations/MemoryVLA-c40000-t4-e10003/audited_summary.json,340,0,0,0
MemoryVLA,4,42,10003,40000,14,1,293,1,/pfs/pfs-7jnepv/lgd/libero_fullmatrix_20260909/evaluations/MemoryVLA-c40000-t4-e10003/audited_summary.json,340,1,1,0
MemoryVLA,4,42,10003,40000,15,0,600,0,/pfs/pfs-7jnepv/lgd/libero_fullmatrix_20260909/evaluations/MemoryVLA-c40000-t4-e10003/audited_summary.json,340,0,0,0
MemoryVLA,4,42,10003,40000,16,0,600,0,/pfs/pfs-7jnepv/lgd/libero_fullmatrix_20260909/evaluations/MemoryVLA-c40000-t4-e10003/audited_summary.json,340,0,0,0
MemoryVLA,4,42,10003,40000,17,0,600,0,/pfs/pfs-7jnepv/lgd/libero_fullmatrix_20260909/evaluations/MemoryVLA-c40000-t4-e10003/audited_summary.json,340,0,0,0
MemoryVLA,4,42,10003,40000,18,1,353,1,/pfs/pfs-7jnepv/lgd/libero_fullmatrix_20260909/evaluations/MemoryVLA-c40000-t4-e10003/audited_summary.json,340,1,0,1
MemoryVLA,4,42,10003,40000,19,1,337,1,/pfs/pfs-7jnepv/lgd/libero_fullmatrix_20260909/evaluations/MemoryVLA-c40000-t4-e10003/audited_summary.json,340,1,1,0
ActMem-VLA,4,0,10001,1000,0,1,278,1,/pfs/pfs-7jnepv/lgd/libero_fullmatrix_20260909/evaluations/gradientfix-lgd-t4-s0-c1000-e10001/audited_summary.json,340,1,1,0
ActMem-VLA,4,0,10001,1000,1,1,254,1,/pfs/pfs-7jnepv/lgd/libero_fullmatrix_20260909/evaluations/gradientfix-lgd-t4-s0-c1000-e10001/audited_summary.json,340,1,1,0
ActMem-VLA,4,0,10001,1000,2,1,241,1,/pfs/pfs-7jnepv/lgd/libero_fullmatrix_20260909/evaluations/gradientfix-lgd-t4-s0-c1000-e10001/audited_summary.json,340,1,1,0
ActMem-VLA,4,0,10001,1000,3,1,295,1,/pfs/pfs-7jnepv/lgd/libero_fullmatrix_20260909/evaluations/gradientfix-lgd-t4-s0-c1000-e10001/audited_summary.json,340,1,1,0
ActMem-VLA,4,0,10001,1000,4,1,300,1,/pfs/pfs-7jnepv/lgd/libero_fullmatrix_20260909/evaluations/gradientfix-lgd-t4-s0-c1000-e10001/audited_summary.json,340,1,1,0
ActMem-VLA,4,0,10001,1000,5,1,327,1,/pfs/pfs-7jnepv/lgd/libero_fullmatrix_20260909/evaluations/gradientfix-lgd-t4-s0-c1000-e10001/audited_summary.json,340,1,1,0
ActMem-VLA,4,0,10001,1000,6,1,230,1,/pfs/pfs-7jnepv/lgd/libero_fullmatrix_20260909/evaluations/gradientfix-lgd-t4-s0-c1000-e10001/audited_summary.json,340,1,1,0
ActMem-VLA,4,0,10001,1000,7,1,294,1,/pfs/pfs-7jnepv/lgd/libero_fullmatrix_20260909/evaluations/gradientfix-lgd-t4-s0-c1000-e10001/audited_summary.json,340,1,1,0
ActMem-VLA,4,0,10001,1000,8,1,274,1,/pfs/pfs-7jnepv/lgd/libero_fullmatrix_20260909/evaluations/gradientfix-lgd-t4-s0-c1000-e10001/audited_summary.json,340,1,1,0
ActMem-VLA,4,0,10001,1000,9,1,362,1,/pfs/pfs-7jnepv/lgd/libero_fullmatrix_20260909/evaluations/gradientfix-lgd-t4-s0-c1000-e10001/audited_summary.json,340,1,0,1
ActMem-VLA,4,0,10001,1000,10,1,262,1,/pfs/pfs-7jnepv/lgd/libero_fullmatrix_20260909/evaluations/gradientfix-lgd-t4-s0-c1000-e10001/audited_summary.json,340,1,1,0
ActMem-VLA,4,0,10001,1000,11,1,247,1,/pfs/pfs-7jnepv/lgd/libero_fullmatrix_20260909/evaluations/gradientfix-lgd-t4-s0-c1000-e10001/audited_summary.json,340,1,1,0
ActMem-VLA,4,0,10001,1000,12,1,256,1,/pfs/pfs-7jnepv/lgd/libero_fullmatrix_20260909/evaluations/gradientfix-lgd-t4-s0-c1000-e10001/audited_summary.json,340,1,1,0
ActMem-VLA,4,0,10001,1000,13,1,325,1,/pfs/pfs-7jnepv/lgd/libero_fullmatrix_20260909/evaluations/gradientfix-lgd-t4-s0-c1000-e10001/audited_summary.json,340,1,1,0
ActMem-VLA,4,0,10001,1000,14,1,361,1,/pfs/pfs-7jnepv/lgd/libero_fullmatrix_20260909/evaluations/gradientfix-lgd-t4-s0-c1000-e10001/audited_summary.json,340,1,0,1
ActMem-VLA,4,0,10001,1000,15,1,283,1,/pfs/pfs-7jnepv/lgd/libero_fullmatrix_20260909/evaluations/gradientfix-lgd-t4-s0-c1000-e10001/audited_summary.json,340,1,1,0
ActMem-VLA,4,0,10001,1000,16,1,381,1,/pfs/pfs-7jnepv/lgd/libero_fullmatrix_20260909/evaluations/gradientfix-lgd-t4-s0-c1000-e10001/audited_summary.json,340,1,0,1
ActMem-VLA,4,0,10001,1000,17,1,301,1,/pfs/pfs-7jnepv/lgd/libero_fullmatrix_20260909/evaluations/gradientfix-lgd-t4-s0-c1000-e10001/audited_summary.json,340,1,1,0
ActMem-VLA,4,0,10001,1000,18,1,318,1,/pfs/pfs-7jnepv/lgd/libero_fullmatrix_20260909/evaluations/gradientfix-lgd-t4-s0-c1000-e10001/audited_summary.json,340,1,1,0
ActMem-VLA,4,0,10001,1000,19,1,248,1,/pfs/pfs-7jnepv/lgd/libero_fullmatrix_20260909/evaluations/gradientfix-lgd-t4-s0-c1000-e10001/audited_summary.json,340,1,1,0
ActMem-VLA,4,0,10002,1000,0,1,291,1,/pfs/pfs-7jnepv/lgd/libero_fullmatrix_20260909/evaluations/gradientfix-lgd-t4-s0-c1000-e10002/audited_summary.json,340,1,1,0
ActMem-VLA,4,0,10002,1000,1,1,368,1,/pfs/pfs-7jnepv/lgd/libero_fullmatrix_20260909/evaluations/gradientfix-lgd-t4-s0-c1000-e10002/audited_summary.json,340,1,0,1
ActMem-VLA,4,0,10002,1000,2,1,250,1,/pfs/pfs-7jnepv/lgd/libero_fullmatrix_20260909/evaluations/gradientfix-lgd-t4-s0-c1000-e10002/audited_summary.json,340,1,1,0
ActMem-VLA,4,0,10002,1000,3,1,250,1,/pfs/pfs-7jnepv/lgd/libero_fullmatrix_20260909/evaluations/gradientfix-lgd-t4-s0-c1000-e10002/audited_summary.json,340,1,1,0
ActMem-VLA,4,0,10002,1000,4,1,255,1,/pfs/pfs-7jnepv/lgd/libero_fullmatrix_20260909/evaluations/gradientfix-lgd-t4-s0-c1000-e10002/audited_summary.json,340,1,1,0
ActMem-VLA,4,0,10002,1000,5,1,304,1,/pfs/pfs-7jnepv/lgd/libero_fullmatrix_20260909/evaluations/gradientfix-lgd-t4-s0-c1000-e10002/audited_summary.json,340,1,1,0
ActMem-VLA,4,0,10002,1000,6,1,219,1,/pfs/pfs-7jnepv/lgd/libero_fullmatrix_20260909/evaluations/gradientfix-lgd-t4-s0-c1000-e10002/audited_summary.json,340,1,1,0
ActMem-VLA,4,0,10002,1000,7,1,346,1,/pfs/pfs-7jnepv/lgd/libero_fullmatrix_20260909/evaluations/gradientfix-lgd-t4-s0-c1000-e10002/audited_summary.json,340,1,0,1
ActMem-VLA,4,0,10002,1000,8,1,246,1,/pfs/pfs-7jnepv/lgd/libero_fullmatrix_20260909/evaluations/gradientfix-lgd-t4-s0-c1000-e10002/audited_summary.json,340,1,1,0
ActMem-VLA,4,0,10002,1000,9,1,253,1,/pfs/pfs-7jnepv/lgd/libero_fullmatrix_20260909/evaluations/gradientfix-lgd-t4-s0-c1000-e10002/audited_summary.json,340,1,1,0
ActMem-VLA,4,0,10002,1000,10,1,320,1,/pfs/pfs-7jnepv/lgd/libero_fullmatrix_20260909/evaluations/gradientfix-lgd-t4-s0-c1000-e10002/audited_summary.json,340,1,1,0
ActMem-VLA,4,0,10002,1000,11,1,242,1,/pfs/pfs-7jnepv/lgd/libero_fullmatrix_20260909/evaluations/gradientfix-lgd-t4-s0-c1000-e10002/audited_summary.json,340,1,1,0
ActMem-VLA,4,0,10002,1000,12,1,264,1,/pfs/pfs-7jnepv/lgd/libero_fullmatrix_20260909/evaluations/gradientfix-lgd-t4-s0-c1000-e10002/audited_summary.json,340,1,1,0
ActMem-VLA,4,0,10002,1000,13,1,305,1,/pfs/pfs-7jnepv/lgd/libero_fullmatrix_20260909/evaluations/gradientfix-lgd-t4-s0-c1000-e10002/audited_summary.json,340,1,1,0
ActMem-VLA,4,0,10002,1000,14,1,335,1,/pfs/pfs-7jnepv/lgd/libero_fullmatrix_20260909/evaluations/gradientfix-lgd-t4-s0-c1000-e10002/audited_summary.json,340,1,1,0
ActMem-VLA,4,0,10002,1000,15,1,228,1,/pfs/pfs-7jnepv/lgd/libero_fullmatrix_20260909/evaluations/gradientfix-lgd-t4-s0-c1000-e10002/audited_summary.json,340,1,1,0
ActMem-VLA,4,0,10002,1000,16,1,329,1,/pfs/pfs-7jnepv/lgd/libero_fullmatrix_20260909/evaluations/gradientfix-lgd-t4-s0-c1000-e10002/audited_summary.json,340,1,1,0
ActMem-VLA,4,0,10002,1000,17,1,231,1,/pfs/pfs-7jnepv/lgd/libero_fullmatrix_20260909/evaluations/gradientfix-lgd-t4-s0-c1000-e10002/audited_summary.json,340,1,1,0
ActMem-VLA,4,0,10002,1000,18,1,264,1,/pfs/pfs-7jnepv/lgd/libero_fullmatrix_20260909/evaluations/gradientfix-lgd-t4-s0-c1000-e10002/audited_summary.json,340,1,1,0
ActMem-VLA,4,0,10002,1000,19,1,294,1,/pfs/pfs-7jnepv/lgd/libero_fullmatrix_20260909/evaluations/gradientfix-lgd-t4-s0-c1000-e10002/audited_summary.json,340,1,1,0
ActMem-VLA,4,0,10003,1000,0,1,309,1,/pfs/pfs-7jnepv/lgd/libero_fullmatrix_20260909/evaluations/gradientfix-lgd-t4-s0-c1000-e10003/audited_summary.json,340,1,1,0
ActMem-VLA,4,0,10003,1000,1,1,265,1,/pfs/pfs-7jnepv/lgd/libero_fullmatrix_20260909/evaluations/gradientfix-lgd-t4-s0-c1000-e10003/audited_summary.json,340,1,1,0
ActMem-VLA,4,0,10003,1000,2,1,385,1,/pfs/pfs-7jnepv/lgd/libero_fullmatrix_20260909/evaluations/gradientfix-lgd-t4-s0-c1000-e10003/audited_summary.json,340,1,0,1
ActMem-VLA,4,0,10003,1000,3,1,243,1,/pfs/pfs-7jnepv/lgd/libero_fullmatrix_20260909/evaluations/gradientfix-lgd-t4-s0-c1000-e10003/audited_summary.json,340,1,1,0
ActMem-VLA,4,0,10003,1000,4,1,237,1,/pfs/pfs-7jnepv/lgd/libero_fullmatrix_20260909/evaluations/gradientfix-lgd-t4-s0-c1000-e10003/audited_summary.json,340,1,1,0
ActMem-VLA,4,0,10003,1000,5,1,218,1,/pfs/pfs-7jnepv/lgd/libero_fullmatrix_20260909/evaluations/gradientfix-lgd-t4-s0-c1000-e10003/audited_summary.json,340,1,1,0
ActMem-VLA,4,0,10003,1000,6,1,239,1,/pfs/pfs-7jnepv/lgd/libero_fullmatrix_20260909/evaluations/gradientfix-lgd-t4-s0-c1000-e10003/audited_summary.json,340,1,1,0
ActMem-VLA,4,0,10003,1000,7,1,343,1,/pfs/pfs-7jnepv/lgd/libero_fullmatrix_20260909/evaluations/gradientfix-lgd-t4-s0-c1000-e10003/audited_summary.json,340,1,0,1
ActMem-VLA,4,0,10003,1000,8,1,257,1,/pfs/pfs-7jnepv/lgd/libero_fullmatrix_20260909/evaluations/gradientfix-lgd-t4-s0-c1000-e10003/audited_summary.json,340,1,1,0
ActMem-VLA,4,0,10003,1000,9,1,231,1,/pfs/pfs-7jnepv/lgd/libero_fullmatrix_20260909/evaluations/gradientfix-lgd-t4-s0-c1000-e10003/audited_summary.json,340,1,1,0
ActMem-VLA,4,0,10003,1000,10,1,410,1,/pfs/pfs-7jnepv/lgd/libero_fullmatrix_20260909/evaluations/gradientfix-lgd-t4-s0-c1000-e10003/audited_summary.json,340,1,0,1
ActMem-VLA,4,0,10003,1000,11,1,449,1,/pfs/pfs-7jnepv/lgd/libero_fullmatrix_20260909/evaluations/gradientfix-lgd-t4-s0-c1000-e10003/audited_summary.json,340,1,0,1
ActMem-VLA,4,0,10003,1000,12,1,252,1,/pfs/pfs-7jnepv/lgd/libero_fullmatrix_20260909/evaluations/gradientfix-lgd-t4-s0-c1000-e10003/audited_summary.json,340,1,1,0
ActMem-VLA,4,0,10003,1000,13,1,308,1,/pfs/pfs-7jnepv/lgd/libero_fullmatrix_20260909/evaluations/gradientfix-lgd-t4-s0-c1000-e10003/audited_summary.json,340,1,1,0
ActMem-VLA,4,0,10003,1000,14,1,495,1,/pfs/pfs-7jnepv/lgd/libero_fullmatrix_20260909/evaluations/gradientfix-lgd-t4-s0-c1000-e10003/audited_summary.json,340,1,0,1
ActMem-VLA,4,0,10003,1000,15,1,243,1,/pfs/pfs-7jnepv/lgd/libero_fullmatrix_20260909/evaluations/gradientfix-lgd-t4-s0-c1000-e10003/audited_summary.json,340,1,1,0
ActMem-VLA,4,0,10003,1000,16,1,363,1,/pfs/pfs-7jnepv/lgd/libero_fullmatrix_20260909/evaluations/gradientfix-lgd-t4-s0-c1000-e10003/audited_summary.json,340,1,0,1
ActMem-VLA,4,0,10003,1000,17,1,220,1,/pfs/pfs-7jnepv/lgd/libero_fullmatrix_20260909/evaluations/gradientfix-lgd-t4-s0-c1000-e10003/audited_summary.json,340,1,1,0
ActMem-VLA,4,0,10003,1000,18,1,298,1,/pfs/pfs-7jnepv/lgd/libero_fullmatrix_20260909/evaluations/gradientfix-lgd-t4-s0-c1000-e10003/audited_summary.json,340,1,1,0
ActMem-VLA,4,0,10003,1000,19,1,328,1,/pfs/pfs-7jnepv/lgd/libero_fullmatrix_20260909/evaluations/gradientfix-lgd-t4-s0-c1000-e10003/audited_summary.json,340,1,1,0
ActMem-VLA,4,1,10001,500,0,1,277,1,/pfs/pfs-7jnepv/lgd/libero_fullmatrix_20260909/evaluations/gradientfix-lgd-t4-s1-c500-e10001/audited_summary.json,340,1,1,0
ActMem-VLA,4,1,10001,500,1,1,293,1,/pfs/pfs-7jnepv/lgd/libero_fullmatrix_20260909/evaluations/gradientfix-lgd-t4-s1-c500-e10001/audited_summary.json,340,1,1,0
ActMem-VLA,4,1,10001,500,2,1,253,1,/pfs/pfs-7jnepv/lgd/libero_fullmatrix_20260909/evaluations/gradientfix-lgd-t4-s1-c500-e10001/audited_summary.json,340,1,1,0
ActMem-VLA,4,1,10001,500,3,1,278,1,/pfs/pfs-7jnepv/lgd/libero_fullmatrix_20260909/evaluations/gradientfix-lgd-t4-s1-c500-e10001/audited_summary.json,340,1,1,0
ActMem-VLA,4,1,10001,500,4,1,272,1,/pfs/pfs-7jnepv/lgd/libero_fullmatrix_20260909/evaluations/gradientfix-lgd-t4-s1-c500-e10001/audited_summary.json,340,1,1,0
ActMem-VLA,4,1,10001,500,5,1,254,1,/pfs/pfs-7jnepv/lgd/libero_fullmatrix_20260909/evaluations/gradientfix-lgd-t4-s1-c500-e10001/audited_summary.json,340,1,1,0
ActMem-VLA,4,1,10001,500,6,1,299,1,/pfs/pfs-7jnepv/lgd/libero_fullmatrix_20260909/evaluations/gradientfix-lgd-t4-s1-c500-e10001/audited_summary.json,340,1,1,0
ActMem-VLA,4,1,10001,500,7,1,300,1,/pfs/pfs-7jnepv/lgd/libero_fullmatrix_20260909/evaluations/gradientfix-lgd-t4-s1-c500-e10001/audited_summary.json,340,1,1,0
ActMem-VLA,4,1,10001,500,8,1,240,1,/pfs/pfs-7jnepv/lgd/libero_fullmatrix_20260909/evaluations/gradientfix-lgd-t4-s1-c500-e10001/audited_summary.json,340,1,1,0
ActMem-VLA,4,1,10001,500,9,1,301,1,/pfs/pfs-7jnepv/lgd/libero_fullmatrix_20260909/evaluations/gradientfix-lgd-t4-s1-c500-e10001/audited_summary.json,340,1,1,0
ActMem-VLA,4,1,10001,500,10,1,344,1,/pfs/pfs-7jnepv/lgd/libero_fullmatrix_20260909/evaluations/gradientfix-lgd-t4-s1-c500-e10001/audited_summary.json,340,1,0,1
ActMem-VLA,4,1,10001,500,11,1,288,1,/pfs/pfs-7jnepv/lgd/libero_fullmatrix_20260909/evaluations/gradientfix-lgd-t4-s1-c500-e10001/audited_summary.json,340,1,1,0
ActMem-VLA,4,1,10001,500,12,1,270,1,/pfs/pfs-7jnepv/lgd/libero_fullmatrix_20260909/evaluations/gradientfix-lgd-t4-s1-c500-e10001/audited_summary.json,340,1,1,0
ActMem-VLA,4,1,10001,500,13,1,252,1,/pfs/pfs-7jnepv/lgd/libero_fullmatrix_20260909/evaluations/gradientfix-lgd-t4-s1-c500-e10001/audited_summary.json,340,1,1,0
ActMem-VLA,4,1,10001,500,14,1,329,1,/pfs/pfs-7jnepv/lgd/libero_fullmatrix_20260909/evaluations/gradientfix-lgd-t4-s1-c500-e10001/audited_summary.json,340,1,1,0
ActMem-VLA,4,1,10001,500,15,1,300,1,/pfs/pfs-7jnepv/lgd/libero_fullmatrix_20260909/evaluations/gradientfix-lgd-t4-s1-c500-e10001/audited_summary.json,340,1,1,0
ActMem-VLA,4,1,10001,500,16,1,240,1,/pfs/pfs-7jnepv/lgd/libero_fullmatrix_20260909/evaluations/gradientfix-lgd-t4-s1-c500-e10001/audited_summary.json,340,1,1,0
ActMem-VLA,4,1,10001,500,17,1,448,1,/pfs/pfs-7jnepv/lgd/libero_fullmatrix_20260909/evaluations/gradientfix-lgd-t4-s1-c500-e10001/audited_summary.json,340,1,0,1
ActMem-VLA,4,1,10001,500,18,1,235,1,/pfs/pfs-7jnepv/lgd/libero_fullmatrix_20260909/evaluations/gradientfix-lgd-t4-s1-c500-e10001/audited_summary.json,340,1,1,0
ActMem-VLA,4,1,10001,500,19,1,248,1,/pfs/pfs-7jnepv/lgd/libero_fullmatrix_20260909/evaluations/gradientfix-lgd-t4-s1-c500-e10001/audited_summary.json,340,1,1,0
ActMem-VLA,4,1,10002,500,0,1,274,1,/pfs/pfs-7jnepv/lgd/libero_fullmatrix_20260909/evaluations/gradientfix-lgd-t4-s1-c500-e10002/audited_summary.json,340,1,1,0
ActMem-VLA,4,1,10002,500,1,1,261,1,/pfs/pfs-7jnepv/lgd/libero_fullmatrix_20260909/evaluations/gradientfix-lgd-t4-s1-c500-e10002/audited_summary.json,340,1,1,0
ActMem-VLA,4,1,10002,500,2,1,265,1,/pfs/pfs-7jnepv/lgd/libero_fullmatrix_20260909/evaluations/gradientfix-lgd-t4-s1-c500-e10002/audited_summary.json,340,1,1,0
ActMem-VLA,4,1,10002,500,3,1,271,1,/pfs/pfs-7jnepv/lgd/libero_fullmatrix_20260909/evaluations/gradientfix-lgd-t4-s1-c500-e10002/audited_summary.json,340,1,1,0
ActMem-VLA,4,1,10002,500,4,1,270,1,/pfs/pfs-7jnepv/lgd/libero_fullmatrix_20260909/evaluations/gradientfix-lgd-t4-s1-c500-e10002/audited_summary.json,340,1,1,0
ActMem-VLA,4,1,10002,500,5,1,303,1,/pfs/pfs-7jnepv/lgd/libero_fullmatrix_20260909/evaluations/gradientfix-lgd-t4-s1-c500-e10002/audited_summary.json,340,1,1,0
ActMem-VLA,4,1,10002,500,6,1,308,1,/pfs/pfs-7jnepv/lgd/libero_fullmatrix_20260909/evaluations/gradientfix-lgd-t4-s1-c500-e10002/audited_summary.json,340,1,1,0
ActMem-VLA,4,1,10002,500,7,1,299,1,/pfs/pfs-7jnepv/lgd/libero_fullmatrix_20260909/evaluations/gradientfix-lgd-t4-s1-c500-e10002/audited_summary.json,340,1,1,0
ActMem-VLA,4,1,10002,500,8,1,282,1,/pfs/pfs-7jnepv/lgd/libero_fullmatrix_20260909/evaluations/gradientfix-lgd-t4-s1-c500-e10002/audited_summary.json,340,1,1,0
ActMem-VLA,4,1,10002,500,9,1,233,1,/pfs/pfs-7jnepv/lgd/libero_fullmatrix_20260909/evaluations/gradientfix-lgd-t4-s1-c500-e10002/audited_summary.json,340,1,1,0
ActMem-VLA,4,1,10002,500,10,1,396,1,/pfs/pfs-7jnepv/lgd/libero_fullmatrix_20260909/evaluations/gradientfix-lgd-t4-s1-c500-e10002/audited_summary.json,340,1,0,1
ActMem-VLA,4,1,10002,500,11,1,398,1,/pfs/pfs-7jnepv/lgd/libero_fullmatrix_20260909/evaluations/gradientfix-lgd-t4-s1-c500-e10002/audited_summary.json,340,1,0,1
ActMem-VLA,4,1,10002,500,12,1,322,1,/pfs/pfs-7jnepv/lgd/libero_fullmatrix_20260909/evaluations/gradientfix-lgd-t4-s1-c500-e10002/audited_summary.json,340,1,1,0
ActMem-VLA,4,1,10002,500,13,1,292,1,/pfs/pfs-7jnepv/lgd/libero_fullmatrix_20260909/evaluations/gradientfix-lgd-t4-s1-c500-e10002/audited_summary.json,340,1,1,0
ActMem-VLA,4,1,10002,500,14,1,312,1,/pfs/pfs-7jnepv/lgd/libero_fullmatrix_20260909/evaluations/gradientfix-lgd-t4-s1-c500-e10002/audited_summary.json,340,1,1,0
ActMem-VLA,4,1,10002,500,15,1,280,1,/pfs/pfs-7jnepv/lgd/libero_fullmatrix_20260909/evaluations/gradientfix-lgd-t4-s1-c500-e10002/audited_summary.json,340,1,1,0
ActMem-VLA,4,1,10002,500,16,1,248,1,/pfs/pfs-7jnepv/lgd/libero_fullmatrix_20260909/evaluations/gradientfix-lgd-t4-s1-c500-e10002/audited_summary.json,340,1,1,0
ActMem-VLA,4,1,10002,500,17,1,280,1,/pfs/pfs-7jnepv/lgd/libero_fullmatrix_20260909/evaluations/gradientfix-lgd-t4-s1-c500-e10002/audited_summary.json,340,1,1,0
ActMem-VLA,4,1,10002,500,18,1,310,1,/pfs/pfs-7jnepv/lgd/libero_fullmatrix_20260909/evaluations/gradientfix-lgd-t4-s1-c500-e10002/audited_summary.json,340,1,1,0
ActMem-VLA,4,1,10002,500,19,1,306,1,/pfs/pfs-7jnepv/lgd/libero_fullmatrix_20260909/evaluations/gradientfix-lgd-t4-s1-c500-e10002/audited_summary.json,340,1,1,0
ActMem-VLA,4,1,10003,500,0,1,353,1,/pfs/pfs-7jnepv/lgd/libero_fullmatrix_20260909/evaluations/gradientfix-lgd-t4-s1-c500-e10003/audited_summary.json,340,1,0,1
ActMem-VLA,4,1,10003,500,1,1,388,1,/pfs/pfs-7jnepv/lgd/libero_fullmatrix_20260909/evaluations/gradientfix-lgd-t4-s1-c500-e10003/audited_summary.json,340,1,0,1
ActMem-VLA,4,1,10003,500,2,1,232,1,/pfs/pfs-7jnepv/lgd/libero_fullmatrix_20260909/evaluations/gradientfix-lgd-t4-s1-c500-e10003/audited_summary.json,340,1,1,0
ActMem-VLA,4,1,10003,500,3,1,253,1,/pfs/pfs-7jnepv/lgd/libero_fullmatrix_20260909/evaluations/gradientfix-lgd-t4-s1-c500-e10003/audited_summary.json,340,1,1,0
ActMem-VLA,4,1,10003,500,4,1,237,1,/pfs/pfs-7jnepv/lgd/libero_fullmatrix_20260909/evaluations/gradientfix-lgd-t4-s1-c500-e10003/audited_summary.json,340,1,1,0
ActMem-VLA,4,1,10003,500,5,1,248,1,/pfs/pfs-7jnepv/lgd/libero_fullmatrix_20260909/evaluations/gradientfix-lgd-t4-s1-c500-e10003/audited_summary.json,340,1,1,0
ActMem-VLA,4,1,10003,500,6,1,312,1,/pfs/pfs-7jnepv/lgd/libero_fullmatrix_20260909/evaluations/gradientfix-lgd-t4-s1-c500-e10003/audited_summary.json,340,1,1,0
ActMem-VLA,4,1,10003,500,7,1,257,1,/pfs/pfs-7jnepv/lgd/libero_fullmatrix_20260909/evaluations/gradientfix-lgd-t4-s1-c500-e10003/audited_summary.json,340,1,1,0
ActMem-VLA,4,1,10003,500,8,1,290,1,/pfs/pfs-7jnepv/lgd/libero_fullmatrix_20260909/evaluations/gradientfix-lgd-t4-s1-c500-e10003/audited_summary.json,340,1,1,0
ActMem-VLA,4,1,10003,500,9,1,229,1,/pfs/pfs-7jnepv/lgd/libero_fullmatrix_20260909/evaluations/gradientfix-lgd-t4-s1-c500-e10003/audited_summary.json,340,1,1,0
ActMem-VLA,4,1,10003,500,10,1,324,1,/pfs/pfs-7jnepv/lgd/libero_fullmatrix_20260909/evaluations/gradientfix-lgd-t4-s1-c500-e10003/audited_summary.json,340,1,1,0
ActMem-VLA,4,1,10003,500,11,1,352,1,/pfs/pfs-7jnepv/lgd/libero_fullmatrix_20260909/evaluations/gradientfix-lgd-t4-s1-c500-e10003/audited_summary.json,340,1,0,1
ActMem-VLA,4,1,10003,500,12,1,285,1,/pfs/pfs-7jnepv/lgd/libero_fullmatrix_20260909/evaluations/gradientfix-lgd-t4-s1-c500-e10003/audited_summary.json,340,1,1,0
ActMem-VLA,4,1,10003,500,13,1,256,1,/pfs/pfs-7jnepv/lgd/libero_fullmatrix_20260909/evaluations/gradientfix-lgd-t4-s1-c500-e10003/audited_summary.json,340,1,1,0
ActMem-VLA,4,1,10003,500,14,1,371,1,/pfs/pfs-7jnepv/lgd/libero_fullmatrix_20260909/evaluations/gradientfix-lgd-t4-s1-c500-e10003/audited_summary.json,340,1,0,1
ActMem-VLA,4,1,10003,500,15,1,236,1,/pfs/pfs-7jnepv/lgd/libero_fullmatrix_20260909/evaluations/gradientfix-lgd-t4-s1-c500-e10003/audited_summary.json,340,1,1,0
ActMem-VLA,4,1,10003,500,16,1,349,1,/pfs/pfs-7jnepv/lgd/libero_fullmatrix_20260909/evaluations/gradientfix-lgd-t4-s1-c500-e10003/audited_summary.json,340,1,0,1
ActMem-VLA,4,1,10003,500,17,1,235,1,/pfs/pfs-7jnepv/lgd/libero_fullmatrix_20260909/evaluations/gradientfix-lgd-t4-s1-c500-e10003/audited_summary.json,340,1,1,0
ActMem-VLA,4,1,10003,500,18,1,255,1,/pfs/pfs-7jnepv/lgd/libero_fullmatrix_20260909/evaluations/gradientfix-lgd-t4-s1-c500-e10003/audited_summary.json,340,1,1,0
ActMem-VLA,4,1,10003,500,19,1,285,1,/pfs/pfs-7jnepv/lgd/libero_fullmatrix_20260909/evaluations/gradientfix-lgd-t4-s1-c500-e10003/audited_summary.json,340,1,1,0
ActMem-VLA,4,42,10001,1500,0,1,278,1,/pfs/pfs-7jnepv/lgd/libero_fullmatrix_20260909/evaluations/gradientfix-lgd-t4-s42-c1500-e10001/audited_summary.json,340,1,1,0
ActMem-VLA,4,42,10001,1500,1,1,253,1,/pfs/pfs-7jnepv/lgd/libero_fullmatrix_20260909/evaluations/gradientfix-lgd-t4-s42-c1500-e10001/audited_summary.json,340,1,1,0
ActMem-VLA,4,42,10001,1500,2,1,209,1,/pfs/pfs-7jnepv/lgd/libero_fullmatrix_20260909/evaluations/gradientfix-lgd-t4-s42-c1500-e10001/audited_summary.json,340,1,1,0
ActMem-VLA,4,42,10001,1500,3,1,257,1,/pfs/pfs-7jnepv/lgd/libero_fullmatrix_20260909/evaluations/gradientfix-lgd-t4-s42-c1500-e10001/audited_summary.json,340,1,1,0
ActMem-VLA,4,42,10001,1500,4,1,251,1,/pfs/pfs-7jnepv/lgd/libero_fullmatrix_20260909/evaluations/gradientfix-lgd-t4-s42-c1500-e10001/audited_summary.json,340,1,1,0
ActMem-VLA,4,42,10001,1500,5,1,253,1,/pfs/pfs-7jnepv/lgd/libero_fullmatrix_20260909/evaluations/gradientfix-lgd-t4-s42-c1500-e10001/audited_summary.json,340,1,1,0
ActMem-VLA,4,42,10001,1500,6,1,288,1,/pfs/pfs-7jnepv/lgd/libero_fullmatrix_20260909/evaluations/gradientfix-lgd-t4-s42-c1500-e10001/audited_summary.json,340,1,1,0
ActMem-VLA,4,42,10001,1500,7,1,318,1,/pfs/pfs-7jnepv/lgd/libero_fullmatrix_20260909/evaluations/gradientfix-lgd-t4-s42-c1500-e10001/audited_summary.json,340,1,1,0
ActMem-VLA,4,42,10001,1500,8,1,255,1,/pfs/pfs-7jnepv/lgd/libero_fullmatrix_20260909/evaluations/gradientfix-lgd-t4-s42-c1500-e10001/audited_summary.json,340,1,1,0
ActMem-VLA,4,42,10001,1500,9,1,454,1,/pfs/pfs-7jnepv/lgd/libero_fullmatrix_20260909/evaluations/gradientfix-lgd-t4-s42-c1500-e10001/audited_summary.json,340,1,0,1
ActMem-VLA,4,42,10001,1500,10,1,300,1,/pfs/pfs-7jnepv/lgd/libero_fullmatrix_20260909/evaluations/gradientfix-lgd-t4-s42-c1500-e10001/audited_summary.json,340,1,1,0
ActMem-VLA,4,42,10001,1500,11,1,229,1,/pfs/pfs-7jnepv/lgd/libero_fullmatrix_20260909/evaluations/gradientfix-lgd-t4-s42-c1500-e10001/audited_summary.json,340,1,1,0
ActMem-VLA,4,42,10001,1500,12,1,333,1,/pfs/pfs-7jnepv/lgd/libero_fullmatrix_20260909/evaluations/gradientfix-lgd-t4-s42-c1500-e10001/audited_summary.json,340,1,1,0
ActMem-VLA,4,42,10001,1500,13,1,251,1,/pfs/pfs-7jnepv/lgd/libero_fullmatrix_20260909/evaluations/gradientfix-lgd-t4-s42-c1500-e10001/audited_summary.json,340,1,1,0
ActMem-VLA,4,42,10001,1500,14,1,337,1,/pfs/pfs-7jnepv/lgd/libero_fullmatrix_20260909/evaluations/gradientfix-lgd-t4-s42-c1500-e10001/audited_summary.json,340,1,1,0
ActMem-VLA,4,42,10001,1500,15,1,235,1,/pfs/pfs-7jnepv/lgd/libero_fullmatrix_20260909/evaluations/gradientfix-lgd-t4-s42-c1500-e10001/audited_summary.json,340,1,1,0
ActMem-VLA,4,42,10001,1500,16,1,341,1,/pfs/pfs-7jnepv/lgd/libero_fullmatrix_20260909/evaluations/gradientfix-lgd-t4-s42-c1500-e10001/audited_summary.json,340,1,0,1
ActMem-VLA,4,42,10001,1500,17,1,242,1,/pfs/pfs-7jnepv/lgd/libero_fullmatrix_20260909/evaluations/gradientfix-lgd-t4-s42-c1500-e10001/audited_summary.json,340,1,1,0
ActMem-VLA,4,42,10001,1500,18,1,231,1,/pfs/pfs-7jnepv/lgd/libero_fullmatrix_20260909/evaluations/gradientfix-lgd-t4-s42-c1500-e10001/audited_summary.json,340,1,1,0
ActMem-VLA,4,42,10001,1500,19,1,237,1,/pfs/pfs-7jnepv/lgd/libero_fullmatrix_20260909/evaluations/gradientfix-lgd-t4-s42-c1500-e10001/audited_summary.json,340,1,1,0
ActMem-VLA,4,42,10002,1500,0,1,275,1,/pfs/pfs-7jnepv/lgd/libero_fullmatrix_20260909/evaluations/gradientfix-lgd-t4-s42-c1500-e10002/audited_summary.json,340,1,1,0
ActMem-VLA,4,42,10002,1500,1,1,261,1,/pfs/pfs-7jnepv/lgd/libero_fullmatrix_20260909/evaluations/gradientfix-lgd-t4-s42-c1500-e10002/audited_summary.json,340,1,1,0
ActMem-VLA,4,42,10002,1500,2,1,237,1,/pfs/pfs-7jnepv/lgd/libero_fullmatrix_20260909/evaluations/gradientfix-lgd-t4-s42-c1500-e10002/audited_summary.json,340,1,1,0
ActMem-VLA,4,42,10002,1500,3,1,272,1,/pfs/pfs-7jnepv/lgd/libero_fullmatrix_20260909/evaluations/gradientfix-lgd-t4-s42-c1500-e10002/audited_summary.json,340,1,1,0
ActMem-VLA,4,42,10002,1500,4,1,252,1,/pfs/pfs-7jnepv/lgd/libero_fullmatrix_20260909/evaluations/gradientfix-lgd-t4-s42-c1500-e10002/audited_summary.json,340,1,1,0
ActMem-VLA,4,42,10002,1500,5,1,302,1,/pfs/pfs-7jnepv/lgd/libero_fullmatrix_20260909/evaluations/gradientfix-lgd-t4-s42-c1500-e10002/audited_summary.json,340,1,1,0
ActMem-VLA,4,42,10002,1500,6,1,226,1,/pfs/pfs-7jnepv/lgd/libero_fullmatrix_20260909/evaluations/gradientfix-lgd-t4-s42-c1500-e10002/audited_summary.json,340,1,1,0
ActMem-VLA,4,42,10002,1500,7,1,259,1,/pfs/pfs-7jnepv/lgd/libero_fullmatrix_20260909/evaluations/gradientfix-lgd-t4-s42-c1500-e10002/audited_summary.json,340,1,1,0
ActMem-VLA,4,42,10002,1500,8,1,250,1,/pfs/pfs-7jnepv/lgd/libero_fullmatrix_20260909/evaluations/gradientfix-lgd-t4-s42-c1500-e10002/audited_summary.json,340,1,1,0
ActMem-VLA,4,42,10002,1500,9,1,253,1,/pfs/pfs-7jnepv/lgd/libero_fullmatrix_20260909/evaluations/gradientfix-lgd-t4-s42-c1500-e10002/audited_summary.json,340,1,1,0
ActMem-VLA,4,42,10002,1500,10,1,265,1,/pfs/pfs-7jnepv/lgd/libero_fullmatrix_20260909/evaluations/gradientfix-lgd-t4-s42-c1500-e10002/audited_summary.json,340,1,1,0
ActMem-VLA,4,42,10002,1500,11,1,365,1,/pfs/pfs-7jnepv/lgd/libero_fullmatrix_20260909/evaluations/gradientfix-lgd-t4-s42-c1500-e10002/audited_summary.json,340,1,0,1
ActMem-VLA,4,42,10002,1500,12,1,255,1,/pfs/pfs-7jnepv/lgd/libero_fullmatrix_20260909/evaluations/gradientfix-lgd-t4-s42-c1500-e10002/audited_summary.json,340,1,1,0
ActMem-VLA,4,42,10002,1500,13,1,258,1,/pfs/pfs-7jnepv/lgd/libero_fullmatrix_20260909/evaluations/gradientfix-lgd-t4-s42-c1500-e10002/audited_summary.json,340,1,1,0
ActMem-VLA,4,42,10002,1500,14,1,347,1,/pfs/pfs-7jnepv/lgd/libero_fullmatrix_20260909/evaluations/gradientfix-lgd-t4-s42-c1500-e10002/audited_summary.json,340,1,0,1
ActMem-VLA,4,42,10002,1500,15,1,229,1,/pfs/pfs-7jnepv/lgd/libero_fullmatrix_20260909/evaluations/gradientfix-lgd-t4-s42-c1500-e10002/audited_summary.json,340,1,1,0
ActMem-VLA,4,42,10002,1500,16,1,241,1,/pfs/pfs-7jnepv/lgd/libero_fullmatrix_20260909/evaluations/gradientfix-lgd-t4-s42-c1500-e10002/audited_summary.json,340,1,1,0
ActMem-VLA,4,42,10002,1500,17,1,234,1,/pfs/pfs-7jnepv/lgd/libero_fullmatrix_20260909/evaluations/gradientfix-lgd-t4-s42-c1500-e10002/audited_summary.json,340,1,1,0
ActMem-VLA,4,42,10002,1500,18,1,301,1,/pfs/pfs-7jnepv/lgd/libero_fullmatrix_20260909/evaluations/gradientfix-lgd-t4-s42-c1500-e10002/audited_summary.json,340,1,1,0
ActMem-VLA,4,42,10002,1500,19,1,326,1,/pfs/pfs-7jnepv/lgd/libero_fullmatrix_20260909/evaluations/gradientfix-lgd-t4-s42-c1500-e10002/audited_summary.json,340,1,1,0
ActMem-VLA,4,42,10003,1500,0,1,303,1,/pfs/pfs-7jnepv/lgd/libero_fullmatrix_20260909/evaluations/gradientfix-lgd-t4-s42-c1500-e10003/audited_summary.json,340,1,1,0
ActMem-VLA,4,42,10003,1500,1,1,260,1,/pfs/pfs-7jnepv/lgd/libero_fullmatrix_20260909/evaluations/gradientfix-lgd-t4-s42-c1500-e10003/audited_summary.json,340,1,1,0
ActMem-VLA,4,42,10003,1500,2,1,315,1,/pfs/pfs-7jnepv/lgd/libero_fullmatrix_20260909/evaluations/gradientfix-lgd-t4-s42-c1500-e10003/audited_summary.json,340,1,1,0
ActMem-VLA,4,42,10003,1500,3,1,331,1,/pfs/pfs-7jnepv/lgd/libero_fullmatrix_20260909/evaluations/gradientfix-lgd-t4-s42-c1500-e10003/audited_summary.json,340,1,1,0
ActMem-VLA,4,42,10003,1500,4,1,258,1,/pfs/pfs-7jnepv/lgd/libero_fullmatrix_20260909/evaluations/gradientfix-lgd-t4-s42-c1500-e10003/audited_summary.json,340,1,1,0
ActMem-VLA,4,42,10003,1500,5,1,295,1,/pfs/pfs-7jnepv/lgd/libero_fullmatrix_20260909/evaluations/gradientfix-lgd-t4-s42-c1500-e10003/audited_summary.json,340,1,1,0
ActMem-VLA,4,42,10003,1500,6,1,219,1,/pfs/pfs-7jnepv/lgd/libero_fullmatrix_20260909/evaluations/gradientfix-lgd-t4-s42-c1500-e10003/audited_summary.json,340,1,1,0
ActMem-VLA,4,42,10003,1500,7,1,288,1,/pfs/pfs-7jnepv/lgd/libero_fullmatrix_20260909/evaluations/gradientfix-lgd-t4-s42-c1500-e10003/audited_summary.json,340,1,1,0
ActMem-VLA,4,42,10003,1500,8,1,262,1,/pfs/pfs-7jnepv/lgd/libero_fullmatrix_20260909/evaluations/gradientfix-lgd-t4-s42-c1500-e10003/audited_summary.json,340,1,1,0
ActMem-VLA,4,42,10003,1500,9,1,235,1,/pfs/pfs-7jnepv/lgd/libero_fullmatrix_20260909/evaluations/gradientfix-lgd-t4-s42-c1500-e10003/audited_summary.json,340,1,1,0
ActMem-VLA,4,42,10003,1500,10,1,257,1,/pfs/pfs-7jnepv/lgd/libero_fullmatrix_20260909/evaluations/gradientfix-lgd-t4-s42-c1500-e10003/audited_summary.json,340,1,1,0
ActMem-VLA,4,42,10003,1500,11,1,309,1,/pfs/pfs-7jnepv/lgd/libero_fullmatrix_20260909/evaluations/gradientfix-lgd-t4-s42-c1500-e10003/audited_summary.json,340,1,1,0
ActMem-VLA,4,42,10003,1500,12,1,250,1,/pfs/pfs-7jnepv/lgd/libero_fullmatrix_20260909/evaluations/gradientfix-lgd-t4-s42-c1500-e10003/audited_summary.json,340,1,1,0
ActMem-VLA,4,42,10003,1500,13,1,236,1,/pfs/pfs-7jnepv/lgd/libero_fullmatrix_20260909/evaluations/gradientfix-lgd-t4-s42-c1500-e10003/audited_summary.json,340,1,1,0
ActMem-VLA,4,42,10003,1500,14,1,341,1,/pfs/pfs-7jnepv/lgd/libero_fullmatrix_20260909/evaluations/gradientfix-lgd-t4-s42-c1500-e10003/audited_summary.json,340,1,0,1
ActMem-VLA,4,42,10003,1500,15,1,230,1,/pfs/pfs-7jnepv/lgd/libero_fullmatrix_20260909/evaluations/gradientfix-lgd-t4-s42-c1500-e10003/audited_summary.json,340,1,1,0
ActMem-VLA,4,42,10003,1500,16,1,351,1,/pfs/pfs-7jnepv/lgd/libero_fullmatrix_20260909/evaluations/gradientfix-lgd-t4-s42-c1500-e10003/audited_summary.json,340,1,0,1
ActMem-VLA,4,42,10003,1500,17,1,236,1,/pfs/pfs-7jnepv/lgd/libero_fullmatrix_20260909/evaluations/gradientfix-lgd-t4-s42-c1500-e10003/audited_summary.json,340,1,1,0
ActMem-VLA,4,42,10003,1500,18,1,285,1,/pfs/pfs-7jnepv/lgd/libero_fullmatrix_20260909/evaluations/gradientfix-lgd-t4-s42-c1500-e10003/audited_summary.json,340,1,1,0
ActMem-VLA,4,42,10003,1500,19,1,297,1,/pfs/pfs-7jnepv/lgd/libero_fullmatrix_20260909/evaluations/gradientfix-lgd-t4-s42-c1500-e10003/audited_summary.json,340,1,1,0
pi05,5,42,10001,49999,0,1,516,1,/pfs/pfs-7jnepv/lgd/libero_fullmatrix_20260909/evaluations/pi05-t5-c49999-e10001/audited_summary.json,460,1,0,1
pi05,5,42,10001,49999,1,1,352,1,/pfs/pfs-7jnepv/lgd/libero_fullmatrix_20260909/evaluations/pi05-t5-c49999-e10001/audited_summary.json,460,1,1,0
pi05,5,42,10001,49999,2,1,379,1,/pfs/pfs-7jnepv/lgd/libero_fullmatrix_20260909/evaluations/pi05-t5-c49999-e10001/audited_summary.json,460,1,1,0
pi05,5,42,10001,49999,3,1,347,1,/pfs/pfs-7jnepv/lgd/libero_fullmatrix_20260909/evaluations/pi05-t5-c49999-e10001/audited_summary.json,460,1,1,0
pi05,5,42,10001,49999,4,1,317,1,/pfs/pfs-7jnepv/lgd/libero_fullmatrix_20260909/evaluations/pi05-t5-c49999-e10001/audited_summary.json,460,1,1,0
pi05,5,42,10001,49999,5,1,366,1,/pfs/pfs-7jnepv/lgd/libero_fullmatrix_20260909/evaluations/pi05-t5-c49999-e10001/audited_summary.json,460,1,1,0
pi05,5,42,10001,49999,6,1,366,1,/pfs/pfs-7jnepv/lgd/libero_fullmatrix_20260909/evaluations/pi05-t5-c49999-e10001/audited_summary.json,460,1,1,0
pi05,5,42,10001,49999,7,1,375,1,/pfs/pfs-7jnepv/lgd/libero_fullmatrix_20260909/evaluations/pi05-t5-c49999-e10001/audited_summary.json,460,1,1,0
pi05,5,42,10001,49999,8,1,470,1,/pfs/pfs-7jnepv/lgd/libero_fullmatrix_20260909/evaluations/pi05-t5-c49999-e10001/audited_summary.json,460,1,0,1
pi05,5,42,10001,49999,9,1,475,1,/pfs/pfs-7jnepv/lgd/libero_fullmatrix_20260909/evaluations/pi05-t5-c49999-e10001/audited_summary.json,460,1,0,1
pi05,5,42,10001,49999,10,1,444,1,/pfs/pfs-7jnepv/lgd/libero_fullmatrix_20260909/evaluations/pi05-t5-c49999-e10001/audited_summary.json,460,1,1,0
pi05,5,42,10001,49999,11,1,362,1,/pfs/pfs-7jnepv/lgd/libero_fullmatrix_20260909/evaluations/pi05-t5-c49999-e10001/audited_summary.json,460,1,1,0
pi05,5,42,10001,49999,12,1,436,1,/pfs/pfs-7jnepv/lgd/libero_fullmatrix_20260909/evaluations/pi05-t5-c49999-e10001/audited_summary.json,460,1,1,0
pi05,5,42,10001,49999,13,1,311,1,/pfs/pfs-7jnepv/lgd/libero_fullmatrix_20260909/evaluations/pi05-t5-c49999-e10001/audited_summary.json,460,1,1,0
pi05,5,42,10001,49999,14,1,532,1,/pfs/pfs-7jnepv/lgd/libero_fullmatrix_20260909/evaluations/pi05-t5-c49999-e10001/audited_summary.json,460,1,0,1
pi05,5,42,10001,49999,15,1,327,1,/pfs/pfs-7jnepv/lgd/libero_fullmatrix_20260909/evaluations/pi05-t5-c49999-e10001/audited_summary.json,460,1,1,0
pi05,5,42,10001,49999,16,1,441,1,/pfs/pfs-7jnepv/lgd/libero_fullmatrix_20260909/evaluations/pi05-t5-c49999-e10001/audited_summary.json,460,1,1,0
pi05,5,42,10001,49999,17,1,534,1,/pfs/pfs-7jnepv/lgd/libero_fullmatrix_20260909/evaluations/pi05-t5-c49999-e10001/audited_summary.json,460,1,0,1
pi05,5,42,10001,49999,18,1,355,1,/pfs/pfs-7jnepv/lgd/libero_fullmatrix_20260909/evaluations/pi05-t5-c49999-e10001/audited_summary.json,460,1,1,0
pi05,5,42,10001,49999,19,1,329,1,/pfs/pfs-7jnepv/lgd/libero_fullmatrix_20260909/evaluations/pi05-t5-c49999-e10001/audited_summary.json,460,1,1,0
pi05,5,42,10002,49999,0,1,314,1,/pfs/pfs-7jnepv/lgd/libero_fullmatrix_20260909/evaluations/pi05-t5-c49999-e10002/audited_summary.json,460,1,1,0
pi05,5,42,10002,49999,1,1,401,1,/pfs/pfs-7jnepv/lgd/libero_fullmatrix_20260909/evaluations/pi05-t5-c49999-e10002/audited_summary.json,460,1,1,0
pi05,5,42,10002,49999,2,1,284,1,/pfs/pfs-7jnepv/lgd/libero_fullmatrix_20260909/evaluations/pi05-t5-c49999-e10002/audited_summary.json,460,1,1,0
pi05,5,42,10002,49999,3,1,349,1,/pfs/pfs-7jnepv/lgd/libero_fullmatrix_20260909/evaluations/pi05-t5-c49999-e10002/audited_summary.json,460,1,1,0
pi05,5,42,10002,49999,4,1,385,1,/pfs/pfs-7jnepv/lgd/libero_fullmatrix_20260909/evaluations/pi05-t5-c49999-e10002/audited_summary.json,460,1,1,0
pi05,5,42,10002,49999,5,0,600,0,/pfs/pfs-7jnepv/lgd/libero_fullmatrix_20260909/evaluations/pi05-t5-c49999-e10002/audited_summary.json,460,0,0,0
pi05,5,42,10002,49999,6,1,396,1,/pfs/pfs-7jnepv/lgd/libero_fullmatrix_20260909/evaluations/pi05-t5-c49999-e10002/audited_summary.json,460,1,1,0
pi05,5,42,10002,49999,7,1,453,1,/pfs/pfs-7jnepv/lgd/libero_fullmatrix_20260909/evaluations/pi05-t5-c49999-e10002/audited_summary.json,460,1,1,0
pi05,5,42,10002,49999,8,1,368,1,/pfs/pfs-7jnepv/lgd/libero_fullmatrix_20260909/evaluations/pi05-t5-c49999-e10002/audited_summary.json,460,1,1,0
pi05,5,42,10002,49999,9,1,439,1,/pfs/pfs-7jnepv/lgd/libero_fullmatrix_20260909/evaluations/pi05-t5-c49999-e10002/audited_summary.json,460,1,1,0
pi05,5,42,10002,49999,10,1,374,1,/pfs/pfs-7jnepv/lgd/libero_fullmatrix_20260909/evaluations/pi05-t5-c49999-e10002/audited_summary.json,460,1,1,0
pi05,5,42,10002,49999,11,1,375,1,/pfs/pfs-7jnepv/lgd/libero_fullmatrix_20260909/evaluations/pi05-t5-c49999-e10002/audited_summary.json,460,1,1,0
pi05,5,42,10002,49999,12,1,395,1,/pfs/pfs-7jnepv/lgd/libero_fullmatrix_20260909/evaluations/pi05-t5-c49999-e10002/audited_summary.json,460,1,1,0
pi05,5,42,10002,49999,13,1,363,1,/pfs/pfs-7jnepv/lgd/libero_fullmatrix_20260909/evaluations/pi05-t5-c49999-e10002/audited_summary.json,460,1,1,0
pi05,5,42,10002,49999,14,1,454,1,/pfs/pfs-7jnepv/lgd/libero_fullmatrix_20260909/evaluations/pi05-t5-c49999-e10002/audited_summary.json,460,1,1,0
pi05,5,42,10002,49999,15,1,355,1,/pfs/pfs-7jnepv/lgd/libero_fullmatrix_20260909/evaluations/pi05-t5-c49999-e10002/audited_summary.json,460,1,1,0
pi05,5,42,10002,49999,16,0,600,0,/pfs/pfs-7jnepv/lgd/libero_fullmatrix_20260909/evaluations/pi05-t5-c49999-e10002/audited_summary.json,460,0,0,0
pi05,5,42,10002,49999,17,1,365,1,/pfs/pfs-7jnepv/lgd/libero_fullmatrix_20260909/evaluations/pi05-t5-c49999-e10002/audited_summary.json,460,1,1,0
pi05,5,42,10002,49999,18,1,416,1,/pfs/pfs-7jnepv/lgd/libero_fullmatrix_20260909/evaluations/pi05-t5-c49999-e10002/audited_summary.json,460,1,1,0
pi05,5,42,10002,49999,19,1,399,1,/pfs/pfs-7jnepv/lgd/libero_fullmatrix_20260909/evaluations/pi05-t5-c49999-e10002/audited_summary.json,460,1,1,0
pi05,5,42,10003,49999,0,1,434,1,/pfs/pfs-7jnepv/lgd/libero_fullmatrix_20260909/evaluations/pi05-t5-c49999-e10003/audited_summary.json,460,1,1,0
pi05,5,42,10003,49999,1,1,355,1,/pfs/pfs-7jnepv/lgd/libero_fullmatrix_20260909/evaluations/pi05-t5-c49999-e10003/audited_summary.json,460,1,1,0
pi05,5,42,10003,49999,2,1,365,1,/pfs/pfs-7jnepv/lgd/libero_fullmatrix_20260909/evaluations/pi05-t5-c49999-e10003/audited_summary.json,460,1,1,0
pi05,5,42,10003,49999,3,1,392,1,/pfs/pfs-7jnepv/lgd/libero_fullmatrix_20260909/evaluations/pi05-t5-c49999-e10003/audited_summary.json,460,1,1,0
pi05,5,42,10003,49999,4,1,392,1,/pfs/pfs-7jnepv/lgd/libero_fullmatrix_20260909/evaluations/pi05-t5-c49999-e10003/audited_summary.json,460,1,1,0
pi05,5,42,10003,49999,5,1,377,1,/pfs/pfs-7jnepv/lgd/libero_fullmatrix_20260909/evaluations/pi05-t5-c49999-e10003/audited_summary.json,460,1,1,0
pi05,5,42,10003,49999,6,1,393,1,/pfs/pfs-7jnepv/lgd/libero_fullmatrix_20260909/evaluations/pi05-t5-c49999-e10003/audited_summary.json,460,1,1,0
pi05,5,42,10003,49999,7,1,331,1,/pfs/pfs-7jnepv/lgd/libero_fullmatrix_20260909/evaluations/pi05-t5-c49999-e10003/audited_summary.json,460,1,1,0
pi05,5,42,10003,49999,8,1,350,1,/pfs/pfs-7jnepv/lgd/libero_fullmatrix_20260909/evaluations/pi05-t5-c49999-e10003/audited_summary.json,460,1,1,0
pi05,5,42,10003,49999,9,1,413,1,/pfs/pfs-7jnepv/lgd/libero_fullmatrix_20260909/evaluations/pi05-t5-c49999-e10003/audited_summary.json,460,1,1,0
pi05,5,42,10003,49999,10,1,409,1,/pfs/pfs-7jnepv/lgd/libero_fullmatrix_20260909/evaluations/pi05-t5-c49999-e10003/audited_summary.json,460,1,1,0
pi05,5,42,10003,49999,11,1,324,1,/pfs/pfs-7jnepv/lgd/libero_fullmatrix_20260909/evaluations/pi05-t5-c49999-e10003/audited_summary.json,460,1,1,0
pi05,5,42,10003,49999,12,1,352,1,/pfs/pfs-7jnepv/lgd/libero_fullmatrix_20260909/evaluations/pi05-t5-c49999-e10003/audited_summary.json,460,1,1,0
pi05,5,42,10003,49999,13,1,328,1,/pfs/pfs-7jnepv/lgd/libero_fullmatrix_20260909/evaluations/pi05-t5-c49999-e10003/audited_summary.json,460,1,1,0
pi05,5,42,10003,49999,14,1,570,1,/pfs/pfs-7jnepv/lgd/libero_fullmatrix_20260909/evaluations/pi05-t5-c49999-e10003/audited_summary.json,460,1,0,1
pi05,5,42,10003,49999,15,1,495,1,/pfs/pfs-7jnepv/lgd/libero_fullmatrix_20260909/evaluations/pi05-t5-c49999-e10003/audited_summary.json,460,1,0,1
pi05,5,42,10003,49999,16,0,600,0,/pfs/pfs-7jnepv/lgd/libero_fullmatrix_20260909/evaluations/pi05-t5-c49999-e10003/audited_summary.json,460,0,0,0
pi05,5,42,10003,49999,17,1,338,1,/pfs/pfs-7jnepv/lgd/libero_fullmatrix_20260909/evaluations/pi05-t5-c49999-e10003/audited_summary.json,460,1,1,0
pi05,5,42,10003,49999,18,0,600,0,/pfs/pfs-7jnepv/lgd/libero_fullmatrix_20260909/evaluations/pi05-t5-c49999-e10003/audited_summary.json,460,0,0,0
pi05,5,42,10003,49999,19,1,424,1,/pfs/pfs-7jnepv/lgd/libero_fullmatrix_20260909/evaluations/pi05-t5-c49999-e10003/audited_summary.json,460,1,1,0
MemoryVLA,5,42,10001,40000,0,0,600,0,/pfs/pfs-7jnepv/lgd/libero_fullmatrix_20260909/evaluations/MemoryVLA-c40000-t5-e10001/audited_summary.json,460,0,0,0
MemoryVLA,5,42,10001,40000,1,0,600,0,/pfs/pfs-7jnepv/lgd/libero_fullmatrix_20260909/evaluations/MemoryVLA-c40000-t5-e10001/audited_summary.json,460,0,0,0
MemoryVLA,5,42,10001,40000,2,0,600,0,/pfs/pfs-7jnepv/lgd/libero_fullmatrix_20260909/evaluations/MemoryVLA-c40000-t5-e10001/audited_summary.json,460,0,0,0
MemoryVLA,5,42,10001,40000,3,0,600,0,/pfs/pfs-7jnepv/lgd/libero_fullmatrix_20260909/evaluations/MemoryVLA-c40000-t5-e10001/audited_summary.json,460,0,0,0
MemoryVLA,5,42,10001,40000,4,0,600,0,/pfs/pfs-7jnepv/lgd/libero_fullmatrix_20260909/evaluations/MemoryVLA-c40000-t5-e10001/audited_summary.json,460,0,0,0
MemoryVLA,5,42,10001,40000,5,0,600,0,/pfs/pfs-7jnepv/lgd/libero_fullmatrix_20260909/evaluations/MemoryVLA-c40000-t5-e10001/audited_summary.json,460,0,0,0
MemoryVLA,5,42,10001,40000,6,0,600,0,/pfs/pfs-7jnepv/lgd/libero_fullmatrix_20260909/evaluations/MemoryVLA-c40000-t5-e10001/audited_summary.json,460,0,0,0
MemoryVLA,5,42,10001,40000,7,0,600,0,/pfs/pfs-7jnepv/lgd/libero_fullmatrix_20260909/evaluations/MemoryVLA-c40000-t5-e10001/audited_summary.json,460,0,0,0
MemoryVLA,5,42,10001,40000,8,0,600,0,/pfs/pfs-7jnepv/lgd/libero_fullmatrix_20260909/evaluations/MemoryVLA-c40000-t5-e10001/audited_summary.json,460,0,0,0
MemoryVLA,5,42,10001,40000,9,0,600,0,/pfs/pfs-7jnepv/lgd/libero_fullmatrix_20260909/evaluations/MemoryVLA-c40000-t5-e10001/audited_summary.json,460,0,0,0
MemoryVLA,5,42,10001,40000,10,0,600,0,/pfs/pfs-7jnepv/lgd/libero_fullmatrix_20260909/evaluations/MemoryVLA-c40000-t5-e10001/audited_summary.json,460,0,0,0
MemoryVLA,5,42,10001,40000,11,0,600,0,/pfs/pfs-7jnepv/lgd/libero_fullmatrix_20260909/evaluations/MemoryVLA-c40000-t5-e10001/audited_summary.json,460,0,0,0
MemoryVLA,5,42,10001,40000,12,0,600,0,/pfs/pfs-7jnepv/lgd/libero_fullmatrix_20260909/evaluations/MemoryVLA-c40000-t5-e10001/audited_summary.json,460,0,0,0
MemoryVLA,5,42,10001,40000,13,0,600,0,/pfs/pfs-7jnepv/lgd/libero_fullmatrix_20260909/evaluations/MemoryVLA-c40000-t5-e10001/audited_summary.json,460,0,0,0
MemoryVLA,5,42,10001,40000,14,0,600,0,/pfs/pfs-7jnepv/lgd/libero_fullmatrix_20260909/evaluations/MemoryVLA-c40000-t5-e10001/audited_summary.json,460,0,0,0
MemoryVLA,5,42,10001,40000,15,0,600,0,/pfs/pfs-7jnepv/lgd/libero_fullmatrix_20260909/evaluations/MemoryVLA-c40000-t5-e10001/audited_summary.json,460,0,0,0
MemoryVLA,5,42,10001,40000,16,0,600,0,/pfs/pfs-7jnepv/lgd/libero_fullmatrix_20260909/evaluations/MemoryVLA-c40000-t5-e10001/audited_summary.json,460,0,0,0
MemoryVLA,5,42,10001,40000,17,0,600,0,/pfs/pfs-7jnepv/lgd/libero_fullmatrix_20260909/evaluations/MemoryVLA-c40000-t5-e10001/audited_summary.json,460,0,0,0
MemoryVLA,5,42,10001,40000,18,1,556,1,/pfs/pfs-7jnepv/lgd/libero_fullmatrix_20260909/evaluations/MemoryVLA-c40000-t5-e10001/audited_summary.json,460,1,0,1
MemoryVLA,5,42,10001,40000,19,0,600,0,/pfs/pfs-7jnepv/lgd/libero_fullmatrix_20260909/evaluations/MemoryVLA-c40000-t5-e10001/audited_summary.json,460,0,0,0
MemoryVLA,5,42,10002,40000,0,0,600,0,/pfs/pfs-7jnepv/lgd/libero_fullmatrix_20260909/evaluations/MemoryVLA-c40000-t5-e10002/audited_summary.json,460,0,0,0
MemoryVLA,5,42,10002,40000,1,0,600,0,/pfs/pfs-7jnepv/lgd/libero_fullmatrix_20260909/evaluations/MemoryVLA-c40000-t5-e10002/audited_summary.json,460,0,0,0
MemoryVLA,5,42,10002,40000,2,1,426,1,/pfs/pfs-7jnepv/lgd/libero_fullmatrix_20260909/evaluations/MemoryVLA-c40000-t5-e10002/audited_summary.json,460,1,1,0
MemoryVLA,5,42,10002,40000,3,0,600,0,/pfs/pfs-7jnepv/lgd/libero_fullmatrix_20260909/evaluations/MemoryVLA-c40000-t5-e10002/audited_summary.json,460,0,0,0
MemoryVLA,5,42,10002,40000,4,1,593,1,/pfs/pfs-7jnepv/lgd/libero_fullmatrix_20260909/evaluations/MemoryVLA-c40000-t5-e10002/audited_summary.json,460,1,0,1
MemoryVLA,5,42,10002,40000,5,0,600,0,/pfs/pfs-7jnepv/lgd/libero_fullmatrix_20260909/evaluations/MemoryVLA-c40000-t5-e10002/audited_summary.json,460,0,0,0
MemoryVLA,5,42,10002,40000,6,0,600,0,/pfs/pfs-7jnepv/lgd/libero_fullmatrix_20260909/evaluations/MemoryVLA-c40000-t5-e10002/audited_summary.json,460,0,0,0
MemoryVLA,5,42,10002,40000,7,0,600,0,/pfs/pfs-7jnepv/lgd/libero_fullmatrix_20260909/evaluations/MemoryVLA-c40000-t5-e10002/audited_summary.json,460,0,0,0
MemoryVLA,5,42,10002,40000,8,0,600,0,/pfs/pfs-7jnepv/lgd/libero_fullmatrix_20260909/evaluations/MemoryVLA-c40000-t5-e10002/audited_summary.json,460,0,0,0
MemoryVLA,5,42,10002,40000,9,0,600,0,/pfs/pfs-7jnepv/lgd/libero_fullmatrix_20260909/evaluations/MemoryVLA-c40000-t5-e10002/audited_summary.json,460,0,0,0
MemoryVLA,5,42,10002,40000,10,0,600,0,/pfs/pfs-7jnepv/lgd/libero_fullmatrix_20260909/evaluations/MemoryVLA-c40000-t5-e10002/audited_summary.json,460,0,0,0
MemoryVLA,5,42,10002,40000,11,0,600,0,/pfs/pfs-7jnepv/lgd/libero_fullmatrix_20260909/evaluations/MemoryVLA-c40000-t5-e10002/audited_summary.json,460,0,0,0
MemoryVLA,5,42,10002,40000,12,1,465,1,/pfs/pfs-7jnepv/lgd/libero_fullmatrix_20260909/evaluations/MemoryVLA-c40000-t5-e10002/audited_summary.json,460,1,0,1
MemoryVLA,5,42,10002,40000,13,0,600,0,/pfs/pfs-7jnepv/lgd/libero_fullmatrix_20260909/evaluations/MemoryVLA-c40000-t5-e10002/audited_summary.json,460,0,0,0
MemoryVLA,5,42,10002,40000,14,0,600,0,/pfs/pfs-7jnepv/lgd/libero_fullmatrix_20260909/evaluations/MemoryVLA-c40000-t5-e10002/audited_summary.json,460,0,0,0
MemoryVLA,5,42,10002,40000,15,0,600,0,/pfs/pfs-7jnepv/lgd/libero_fullmatrix_20260909/evaluations/MemoryVLA-c40000-t5-e10002/audited_summary.json,460,0,0,0
MemoryVLA,5,42,10002,40000,16,0,600,0,/pfs/pfs-7jnepv/lgd/libero_fullmatrix_20260909/evaluations/MemoryVLA-c40000-t5-e10002/audited_summary.json,460,0,0,0
MemoryVLA,5,42,10002,40000,17,0,600,0,/pfs/pfs-7jnepv/lgd/libero_fullmatrix_20260909/evaluations/MemoryVLA-c40000-t5-e10002/audited_summary.json,460,0,0,0
MemoryVLA,5,42,10002,40000,18,0,600,0,/pfs/pfs-7jnepv/lgd/libero_fullmatrix_20260909/evaluations/MemoryVLA-c40000-t5-e10002/audited_summary.json,460,0,0,0
MemoryVLA,5,42,10002,40000,19,0,600,0,/pfs/pfs-7jnepv/lgd/libero_fullmatrix_20260909/evaluations/MemoryVLA-c40000-t5-e10002/audited_summary.json,460,0,0,0
MemoryVLA,5,42,10003,40000,0,0,600,0,/pfs/pfs-7jnepv/lgd/libero_fullmatrix_20260909/evaluations/MemoryVLA-c40000-t5-e10003/audited_summary.json,460,0,0,0
MemoryVLA,5,42,10003,40000,1,0,600,0,/pfs/pfs-7jnepv/lgd/libero_fullmatrix_20260909/evaluations/MemoryVLA-c40000-t5-e10003/audited_summary.json,460,0,0,0
MemoryVLA,5,42,10003,40000,2,0,600,0,/pfs/pfs-7jnepv/lgd/libero_fullmatrix_20260909/evaluations/MemoryVLA-c40000-t5-e10003/audited_summary.json,460,0,0,0
MemoryVLA,5,42,10003,40000,3,0,600,0,/pfs/pfs-7jnepv/lgd/libero_fullmatrix_20260909/evaluations/MemoryVLA-c40000-t5-e10003/audited_summary.json,460,0,0,0
MemoryVLA,5,42,10003,40000,4,1,568,1,/pfs/pfs-7jnepv/lgd/libero_fullmatrix_20260909/evaluations/MemoryVLA-c40000-t5-e10003/audited_summary.json,460,1,0,1
MemoryVLA,5,42,10003,40000,5,0,600,0,/pfs/pfs-7jnepv/lgd/libero_fullmatrix_20260909/evaluations/MemoryVLA-c40000-t5-e10003/audited_summary.json,460,0,0,0
MemoryVLA,5,42,10003,40000,6,0,600,0,/pfs/pfs-7jnepv/lgd/libero_fullmatrix_20260909/evaluations/MemoryVLA-c40000-t5-e10003/audited_summary.json,460,0,0,0
MemoryVLA,5,42,10003,40000,7,0,600,0,/pfs/pfs-7jnepv/lgd/libero_fullmatrix_20260909/evaluations/MemoryVLA-c40000-t5-e10003/audited_summary.json,460,0,0,0
MemoryVLA,5,42,10003,40000,8,0,600,0,/pfs/pfs-7jnepv/lgd/libero_fullmatrix_20260909/evaluations/MemoryVLA-c40000-t5-e10003/audited_summary.json,460,0,0,0
MemoryVLA,5,42,10003,40000,9,0,600,0,/pfs/pfs-7jnepv/lgd/libero_fullmatrix_20260909/evaluations/MemoryVLA-c40000-t5-e10003/audited_summary.json,460,0,0,0
MemoryVLA,5,42,10003,40000,10,0,600,0,/pfs/pfs-7jnepv/lgd/libero_fullmatrix_20260909/evaluations/MemoryVLA-c40000-t5-e10003/audited_summary.json,460,0,0,0
MemoryVLA,5,42,10003,40000,11,0,600,0,/pfs/pfs-7jnepv/lgd/libero_fullmatrix_20260909/evaluations/MemoryVLA-c40000-t5-e10003/audited_summary.json,460,0,0,0
MemoryVLA,5,42,10003,40000,12,0,600,0,/pfs/pfs-7jnepv/lgd/libero_fullmatrix_20260909/evaluations/MemoryVLA-c40000-t5-e10003/audited_summary.json,460,0,0,0
MemoryVLA,5,42,10003,40000,13,0,600,0,/pfs/pfs-7jnepv/lgd/libero_fullmatrix_20260909/evaluations/MemoryVLA-c40000-t5-e10003/audited_summary.json,460,0,0,0
MemoryVLA,5,42,10003,40000,14,0,600,0,/pfs/pfs-7jnepv/lgd/libero_fullmatrix_20260909/evaluations/MemoryVLA-c40000-t5-e10003/audited_summary.json,460,0,0,0
MemoryVLA,5,42,10003,40000,15,1,382,1,/pfs/pfs-7jnepv/lgd/libero_fullmatrix_20260909/evaluations/MemoryVLA-c40000-t5-e10003/audited_summary.json,460,1,1,0
MemoryVLA,5,42,10003,40000,16,0,600,0,/pfs/pfs-7jnepv/lgd/libero_fullmatrix_20260909/evaluations/MemoryVLA-c40000-t5-e10003/audited_summary.json,460,0,0,0
MemoryVLA,5,42,10003,40000,17,0,600,0,/pfs/pfs-7jnepv/lgd/libero_fullmatrix_20260909/evaluations/MemoryVLA-c40000-t5-e10003/audited_summary.json,460,0,0,0
MemoryVLA,5,42,10003,40000,18,0,600,0,/pfs/pfs-7jnepv/lgd/libero_fullmatrix_20260909/evaluations/MemoryVLA-c40000-t5-e10003/audited_summary.json,460,0,0,0
MemoryVLA,5,42,10003,40000,19,0,600,0,/pfs/pfs-7jnepv/lgd/libero_fullmatrix_20260909/evaluations/MemoryVLA-c40000-t5-e10003/audited_summary.json,460,0,0,0
ActMem-VLA,5,0,10001,1000,0,1,359,1,/pfs/pfs-7jnepv/lgd/libero_fullmatrix_20260909/evaluations/gradientfix-lgd-t5-s0-c1000-e10001/audited_summary.json,460,1,1,0
ActMem-VLA,5,0,10001,1000,1,1,329,1,/pfs/pfs-7jnepv/lgd/libero_fullmatrix_20260909/evaluations/gradientfix-lgd-t5-s0-c1000-e10001/audited_summary.json,460,1,1,0
ActMem-VLA,5,0,10001,1000,2,1,345,1,/pfs/pfs-7jnepv/lgd/libero_fullmatrix_20260909/evaluations/gradientfix-lgd-t5-s0-c1000-e10001/audited_summary.json,460,1,1,0
ActMem-VLA,5,0,10001,1000,3,1,369,1,/pfs/pfs-7jnepv/lgd/libero_fullmatrix_20260909/evaluations/gradientfix-lgd-t5-s0-c1000-e10001/audited_summary.json,460,1,1,0
ActMem-VLA,5,0,10001,1000,4,1,368,1,/pfs/pfs-7jnepv/lgd/libero_fullmatrix_20260909/evaluations/gradientfix-lgd-t5-s0-c1000-e10001/audited_summary.json,460,1,1,0
ActMem-VLA,5,0,10001,1000,5,1,332,1,/pfs/pfs-7jnepv/lgd/libero_fullmatrix_20260909/evaluations/gradientfix-lgd-t5-s0-c1000-e10001/audited_summary.json,460,1,1,0
ActMem-VLA,5,0,10001,1000,6,1,319,1,/pfs/pfs-7jnepv/lgd/libero_fullmatrix_20260909/evaluations/gradientfix-lgd-t5-s0-c1000-e10001/audited_summary.json,460,1,1,0
ActMem-VLA,5,0,10001,1000,7,1,366,1,/pfs/pfs-7jnepv/lgd/libero_fullmatrix_20260909/evaluations/gradientfix-lgd-t5-s0-c1000-e10001/audited_summary.json,460,1,1,0
ActMem-VLA,5,0,10001,1000,8,1,390,1,/pfs/pfs-7jnepv/lgd/libero_fullmatrix_20260909/evaluations/gradientfix-lgd-t5-s0-c1000-e10001/audited_summary.json,460,1,1,0
ActMem-VLA,5,0,10001,1000,9,1,413,1,/pfs/pfs-7jnepv/lgd/libero_fullmatrix_20260909/evaluations/gradientfix-lgd-t5-s0-c1000-e10001/audited_summary.json,460,1,1,0
ActMem-VLA,5,0,10001,1000,10,1,472,1,/pfs/pfs-7jnepv/lgd/libero_fullmatrix_20260909/evaluations/gradientfix-lgd-t5-s0-c1000-e10001/audited_summary.json,460,1,0,1
ActMem-VLA,5,0,10001,1000,11,1,351,1,/pfs/pfs-7jnepv/lgd/libero_fullmatrix_20260909/evaluations/gradientfix-lgd-t5-s0-c1000-e10001/audited_summary.json,460,1,1,0
ActMem-VLA,5,0,10001,1000,12,1,374,1,/pfs/pfs-7jnepv/lgd/libero_fullmatrix_20260909/evaluations/gradientfix-lgd-t5-s0-c1000-e10001/audited_summary.json,460,1,1,0
ActMem-VLA,5,0,10001,1000,13,1,349,1,/pfs/pfs-7jnepv/lgd/libero_fullmatrix_20260909/evaluations/gradientfix-lgd-t5-s0-c1000-e10001/audited_summary.json,460,1,1,0
ActMem-VLA,5,0,10001,1000,14,1,417,1,/pfs/pfs-7jnepv/lgd/libero_fullmatrix_20260909/evaluations/gradientfix-lgd-t5-s0-c1000-e10001/audited_summary.json,460,1,1,0
ActMem-VLA,5,0,10001,1000,15,1,370,1,/pfs/pfs-7jnepv/lgd/libero_fullmatrix_20260909/evaluations/gradientfix-lgd-t5-s0-c1000-e10001/audited_summary.json,460,1,1,0
ActMem-VLA,5,0,10001,1000,16,1,560,1,/pfs/pfs-7jnepv/lgd/libero_fullmatrix_20260909/evaluations/gradientfix-lgd-t5-s0-c1000-e10001/audited_summary.json,460,1,0,1
ActMem-VLA,5,0,10001,1000,17,1,403,1,/pfs/pfs-7jnepv/lgd/libero_fullmatrix_20260909/evaluations/gradientfix-lgd-t5-s0-c1000-e10001/audited_summary.json,460,1,1,0
ActMem-VLA,5,0,10001,1000,18,1,384,1,/pfs/pfs-7jnepv/lgd/libero_fullmatrix_20260909/evaluations/gradientfix-lgd-t5-s0-c1000-e10001/audited_summary.json,460,1,1,0
ActMem-VLA,5,0,10001,1000,19,1,368,1,/pfs/pfs-7jnepv/lgd/libero_fullmatrix_20260909/evaluations/gradientfix-lgd-t5-s0-c1000-e10001/audited_summary.json,460,1,1,0
ActMem-VLA,5,0,10002,1000,0,1,352,1,/pfs/pfs-7jnepv/lgd/libero_fullmatrix_20260909/evaluations/gradientfix-lgd-t5-s0-c1000-e10002/audited_summary.json,460,1,1,0
ActMem-VLA,5,0,10002,1000,1,1,395,1,/pfs/pfs-7jnepv/lgd/libero_fullmatrix_20260909/evaluations/gradientfix-lgd-t5-s0-c1000-e10002/audited_summary.json,460,1,1,0
ActMem-VLA,5,0,10002,1000,2,1,350,1,/pfs/pfs-7jnepv/lgd/libero_fullmatrix_20260909/evaluations/gradientfix-lgd-t5-s0-c1000-e10002/audited_summary.json,460,1,1,0
ActMem-VLA,5,0,10002,1000,3,1,416,1,/pfs/pfs-7jnepv/lgd/libero_fullmatrix_20260909/evaluations/gradientfix-lgd-t5-s0-c1000-e10002/audited_summary.json,460,1,1,0
ActMem-VLA,5,0,10002,1000,4,1,329,1,/pfs/pfs-7jnepv/lgd/libero_fullmatrix_20260909/evaluations/gradientfix-lgd-t5-s0-c1000-e10002/audited_summary.json,460,1,1,0
ActMem-VLA,5,0,10002,1000,5,1,343,1,/pfs/pfs-7jnepv/lgd/libero_fullmatrix_20260909/evaluations/gradientfix-lgd-t5-s0-c1000-e10002/audited_summary.json,460,1,1,0
ActMem-VLA,5,0,10002,1000,6,1,354,1,/pfs/pfs-7jnepv/lgd/libero_fullmatrix_20260909/evaluations/gradientfix-lgd-t5-s0-c1000-e10002/audited_summary.json,460,1,1,0
ActMem-VLA,5,0,10002,1000,7,1,361,1,/pfs/pfs-7jnepv/lgd/libero_fullmatrix_20260909/evaluations/gradientfix-lgd-t5-s0-c1000-e10002/audited_summary.json,460,1,1,0
ActMem-VLA,5,0,10002,1000,8,1,369,1,/pfs/pfs-7jnepv/lgd/libero_fullmatrix_20260909/evaluations/gradientfix-lgd-t5-s0-c1000-e10002/audited_summary.json,460,1,1,0
ActMem-VLA,5,0,10002,1000,9,1,384,1,/pfs/pfs-7jnepv/lgd/libero_fullmatrix_20260909/evaluations/gradientfix-lgd-t5-s0-c1000-e10002/audited_summary.json,460,1,1,0
ActMem-VLA,5,0,10002,1000,10,1,437,1,/pfs/pfs-7jnepv/lgd/libero_fullmatrix_20260909/evaluations/gradientfix-lgd-t5-s0-c1000-e10002/audited_summary.json,460,1,1,0
ActMem-VLA,5,0,10002,1000,11,1,361,1,/pfs/pfs-7jnepv/lgd/libero_fullmatrix_20260909/evaluations/gradientfix-lgd-t5-s0-c1000-e10002/audited_summary.json,460,1,1,0
ActMem-VLA,5,0,10002,1000,12,1,355,1,/pfs/pfs-7jnepv/lgd/libero_fullmatrix_20260909/evaluations/gradientfix-lgd-t5-s0-c1000-e10002/audited_summary.json,460,1,1,0
ActMem-VLA,5,0,10002,1000,13,1,343,1,/pfs/pfs-7jnepv/lgd/libero_fullmatrix_20260909/evaluations/gradientfix-lgd-t5-s0-c1000-e10002/audited_summary.json,460,1,1,0
ActMem-VLA,5,0,10002,1000,14,1,377,1,/pfs/pfs-7jnepv/lgd/libero_fullmatrix_20260909/evaluations/gradientfix-lgd-t5-s0-c1000-e10002/audited_summary.json,460,1,1,0
ActMem-VLA,5,0,10002,1000,15,1,395,1,/pfs/pfs-7jnepv/lgd/libero_fullmatrix_20260909/evaluations/gradientfix-lgd-t5-s0-c1000-e10002/audited_summary.json,460,1,1,0
ActMem-VLA,5,0,10002,1000,16,1,384,1,/pfs/pfs-7jnepv/lgd/libero_fullmatrix_20260909/evaluations/gradientfix-lgd-t5-s0-c1000-e10002/audited_summary.json,460,1,1,0
ActMem-VLA,5,0,10002,1000,17,1,340,1,/pfs/pfs-7jnepv/lgd/libero_fullmatrix_20260909/evaluations/gradientfix-lgd-t5-s0-c1000-e10002/audited_summary.json,460,1,1,0
ActMem-VLA,5,0,10002,1000,18,1,337,1,/pfs/pfs-7jnepv/lgd/libero_fullmatrix_20260909/evaluations/gradientfix-lgd-t5-s0-c1000-e10002/audited_summary.json,460,1,1,0
ActMem-VLA,5,0,10002,1000,19,1,381,1,/pfs/pfs-7jnepv/lgd/libero_fullmatrix_20260909/evaluations/gradientfix-lgd-t5-s0-c1000-e10002/audited_summary.json,460,1,1,0
ActMem-VLA,5,0,10003,1000,0,1,369,1,/pfs/pfs-7jnepv/lgd/libero_fullmatrix_20260909/evaluations/gradientfix-lgd-t5-s0-c1000-e10003/audited_summary.json,460,1,1,0
ActMem-VLA,5,0,10003,1000,1,1,359,1,/pfs/pfs-7jnepv/lgd/libero_fullmatrix_20260909/evaluations/gradientfix-lgd-t5-s0-c1000-e10003/audited_summary.json,460,1,1,0
ActMem-VLA,5,0,10003,1000,2,1,361,1,/pfs/pfs-7jnepv/lgd/libero_fullmatrix_20260909/evaluations/gradientfix-lgd-t5-s0-c1000-e10003/audited_summary.json,460,1,1,0
ActMem-VLA,5,0,10003,1000,3,1,342,1,/pfs/pfs-7jnepv/lgd/libero_fullmatrix_20260909/evaluations/gradientfix-lgd-t5-s0-c1000-e10003/audited_summary.json,460,1,1,0
ActMem-VLA,5,0,10003,1000,4,1,339,1,/pfs/pfs-7jnepv/lgd/libero_fullmatrix_20260909/evaluations/gradientfix-lgd-t5-s0-c1000-e10003/audited_summary.json,460,1,1,0
ActMem-VLA,5,0,10003,1000,5,1,373,1,/pfs/pfs-7jnepv/lgd/libero_fullmatrix_20260909/evaluations/gradientfix-lgd-t5-s0-c1000-e10003/audited_summary.json,460,1,1,0
ActMem-VLA,5,0,10003,1000,6,1,311,1,/pfs/pfs-7jnepv/lgd/libero_fullmatrix_20260909/evaluations/gradientfix-lgd-t5-s0-c1000-e10003/audited_summary.json,460,1,1,0
ActMem-VLA,5,0,10003,1000,7,1,349,1,/pfs/pfs-7jnepv/lgd/libero_fullmatrix_20260909/evaluations/gradientfix-lgd-t5-s0-c1000-e10003/audited_summary.json,460,1,1,0
ActMem-VLA,5,0,10003,1000,8,1,350,1,/pfs/pfs-7jnepv/lgd/libero_fullmatrix_20260909/evaluations/gradientfix-lgd-t5-s0-c1000-e10003/audited_summary.json,460,1,1,0
ActMem-VLA,5,0,10003,1000,9,1,394,1,/pfs/pfs-7jnepv/lgd/libero_fullmatrix_20260909/evaluations/gradientfix-lgd-t5-s0-c1000-e10003/audited_summary.json,460,1,1,0
ActMem-VLA,5,0,10003,1000,10,1,407,1,/pfs/pfs-7jnepv/lgd/libero_fullmatrix_20260909/evaluations/gradientfix-lgd-t5-s0-c1000-e10003/audited_summary.json,460,1,1,0
ActMem-VLA,5,0,10003,1000,11,1,324,1,/pfs/pfs-7jnepv/lgd/libero_fullmatrix_20260909/evaluations/gradientfix-lgd-t5-s0-c1000-e10003/audited_summary.json,460,1,1,0
ActMem-VLA,5,0,10003,1000,12,1,412,1,/pfs/pfs-7jnepv/lgd/libero_fullmatrix_20260909/evaluations/gradientfix-lgd-t5-s0-c1000-e10003/audited_summary.json,460,1,1,0
ActMem-VLA,5,0,10003,1000,13,1,344,1,/pfs/pfs-7jnepv/lgd/libero_fullmatrix_20260909/evaluations/gradientfix-lgd-t5-s0-c1000-e10003/audited_summary.json,460,1,1,0
ActMem-VLA,5,0,10003,1000,14,1,432,1,/pfs/pfs-7jnepv/lgd/libero_fullmatrix_20260909/evaluations/gradientfix-lgd-t5-s0-c1000-e10003/audited_summary.json,460,1,1,0
ActMem-VLA,5,0,10003,1000,15,1,398,1,/pfs/pfs-7jnepv/lgd/libero_fullmatrix_20260909/evaluations/gradientfix-lgd-t5-s0-c1000-e10003/audited_summary.json,460,1,1,0
ActMem-VLA,5,0,10003,1000,16,1,380,1,/pfs/pfs-7jnepv/lgd/libero_fullmatrix_20260909/evaluations/gradientfix-lgd-t5-s0-c1000-e10003/audited_summary.json,460,1,1,0
ActMem-VLA,5,0,10003,1000,17,1,400,1,/pfs/pfs-7jnepv/lgd/libero_fullmatrix_20260909/evaluations/gradientfix-lgd-t5-s0-c1000-e10003/audited_summary.json,460,1,1,0
ActMem-VLA,5,0,10003,1000,18,1,353,1,/pfs/pfs-7jnepv/lgd/libero_fullmatrix_20260909/evaluations/gradientfix-lgd-t5-s0-c1000-e10003/audited_summary.json,460,1,1,0
ActMem-VLA,5,0,10003,1000,19,1,449,1,/pfs/pfs-7jnepv/lgd/libero_fullmatrix_20260909/evaluations/gradientfix-lgd-t5-s0-c1000-e10003/audited_summary.json,460,1,1,0
ActMem-VLA,5,1,10001,1000,0,1,388,1,/pfs/pfs-7jnepv/lgd/libero_fullmatrix_20260909/evaluations/gradientfix-lgd-t5-s1-c1000-e10001/audited_summary.json,460,1,1,0
ActMem-VLA,5,1,10001,1000,1,1,344,1,/pfs/pfs-7jnepv/lgd/libero_fullmatrix_20260909/evaluations/gradientfix-lgd-t5-s1-c1000-e10001/audited_summary.json,460,1,1,0
ActMem-VLA,5,1,10001,1000,2,1,341,1,/pfs/pfs-7jnepv/lgd/libero_fullmatrix_20260909/evaluations/gradientfix-lgd-t5-s1-c1000-e10001/audited_summary.json,460,1,1,0
ActMem-VLA,5,1,10001,1000,3,1,334,1,/pfs/pfs-7jnepv/lgd/libero_fullmatrix_20260909/evaluations/gradientfix-lgd-t5-s1-c1000-e10001/audited_summary.json,460,1,1,0
ActMem-VLA,5,1,10001,1000,4,1,326,1,/pfs/pfs-7jnepv/lgd/libero_fullmatrix_20260909/evaluations/gradientfix-lgd-t5-s1-c1000-e10001/audited_summary.json,460,1,1,0
ActMem-VLA,5,1,10001,1000,5,1,354,1,/pfs/pfs-7jnepv/lgd/libero_fullmatrix_20260909/evaluations/gradientfix-lgd-t5-s1-c1000-e10001/audited_summary.json,460,1,1,0
ActMem-VLA,5,1,10001,1000,6,1,338,1,/pfs/pfs-7jnepv/lgd/libero_fullmatrix_20260909/evaluations/gradientfix-lgd-t5-s1-c1000-e10001/audited_summary.json,460,1,1,0
ActMem-VLA,5,1,10001,1000,7,1,388,1,/pfs/pfs-7jnepv/lgd/libero_fullmatrix_20260909/evaluations/gradientfix-lgd-t5-s1-c1000-e10001/audited_summary.json,460,1,1,0
ActMem-VLA,5,1,10001,1000,8,1,350,1,/pfs/pfs-7jnepv/lgd/libero_fullmatrix_20260909/evaluations/gradientfix-lgd-t5-s1-c1000-e10001/audited_summary.json,460,1,1,0
ActMem-VLA,5,1,10001,1000,9,1,415,1,/pfs/pfs-7jnepv/lgd/libero_fullmatrix_20260909/evaluations/gradientfix-lgd-t5-s1-c1000-e10001/audited_summary.json,460,1,1,0
ActMem-VLA,5,1,10001,1000,10,1,420,1,/pfs/pfs-7jnepv/lgd/libero_fullmatrix_20260909/evaluations/gradientfix-lgd-t5-s1-c1000-e10001/audited_summary.json,460,1,1,0
ActMem-VLA,5,1,10001,1000,11,1,326,1,/pfs/pfs-7jnepv/lgd/libero_fullmatrix_20260909/evaluations/gradientfix-lgd-t5-s1-c1000-e10001/audited_summary.json,460,1,1,0
ActMem-VLA,5,1,10001,1000,12,1,345,1,/pfs/pfs-7jnepv/lgd/libero_fullmatrix_20260909/evaluations/gradientfix-lgd-t5-s1-c1000-e10001/audited_summary.json,460,1,1,0
ActMem-VLA,5,1,10001,1000,13,1,348,1,/pfs/pfs-7jnepv/lgd/libero_fullmatrix_20260909/evaluations/gradientfix-lgd-t5-s1-c1000-e10001/audited_summary.json,460,1,1,0
ActMem-VLA,5,1,10001,1000,14,1,430,1,/pfs/pfs-7jnepv/lgd/libero_fullmatrix_20260909/evaluations/gradientfix-lgd-t5-s1-c1000-e10001/audited_summary.json,460,1,1,0
ActMem-VLA,5,1,10001,1000,15,1,449,1,/pfs/pfs-7jnepv/lgd/libero_fullmatrix_20260909/evaluations/gradientfix-lgd-t5-s1-c1000-e10001/audited_summary.json,460,1,1,0
ActMem-VLA,5,1,10001,1000,16,1,425,1,/pfs/pfs-7jnepv/lgd/libero_fullmatrix_20260909/evaluations/gradientfix-lgd-t5-s1-c1000-e10001/audited_summary.json,460,1,1,0
ActMem-VLA,5,1,10001,1000,17,1,323,1,/pfs/pfs-7jnepv/lgd/libero_fullmatrix_20260909/evaluations/gradientfix-lgd-t5-s1-c1000-e10001/audited_summary.json,460,1,1,0
ActMem-VLA,5,1,10001,1000,18,1,450,1,/pfs/pfs-7jnepv/lgd/libero_fullmatrix_20260909/evaluations/gradientfix-lgd-t5-s1-c1000-e10001/audited_summary.json,460,1,1,0
ActMem-VLA,5,1,10001,1000,19,1,381,1,/pfs/pfs-7jnepv/lgd/libero_fullmatrix_20260909/evaluations/gradientfix-lgd-t5-s1-c1000-e10001/audited_summary.json,460,1,1,0
ActMem-VLA,5,1,10002,1000,0,1,340,1,/pfs/pfs-7jnepv/lgd/libero_fullmatrix_20260909/evaluations/gradientfix-lgd-t5-s1-c1000-e10002/audited_summary.json,460,1,1,0
ActMem-VLA,5,1,10002,1000,1,1,334,1,/pfs/pfs-7jnepv/lgd/libero_fullmatrix_20260909/evaluations/gradientfix-lgd-t5-s1-c1000-e10002/audited_summary.json,460,1,1,0
ActMem-VLA,5,1,10002,1000,2,1,341,1,/pfs/pfs-7jnepv/lgd/libero_fullmatrix_20260909/evaluations/gradientfix-lgd-t5-s1-c1000-e10002/audited_summary.json,460,1,1,0
ActMem-VLA,5,1,10002,1000,3,1,379,1,/pfs/pfs-7jnepv/lgd/libero_fullmatrix_20260909/evaluations/gradientfix-lgd-t5-s1-c1000-e10002/audited_summary.json,460,1,1,0
ActMem-VLA,5,1,10002,1000,4,1,338,1,/pfs/pfs-7jnepv/lgd/libero_fullmatrix_20260909/evaluations/gradientfix-lgd-t5-s1-c1000-e10002/audited_summary.json,460,1,1,0
ActMem-VLA,5,1,10002,1000,5,1,399,1,/pfs/pfs-7jnepv/lgd/libero_fullmatrix_20260909/evaluations/gradientfix-lgd-t5-s1-c1000-e10002/audited_summary.json,460,1,1,0
ActMem-VLA,5,1,10002,1000,6,1,400,1,/pfs/pfs-7jnepv/lgd/libero_fullmatrix_20260909/evaluations/gradientfix-lgd-t5-s1-c1000-e10002/audited_summary.json,460,1,1,0
ActMem-VLA,5,1,10002,1000,7,1,523,1,/pfs/pfs-7jnepv/lgd/libero_fullmatrix_20260909/evaluations/gradientfix-lgd-t5-s1-c1000-e10002/audited_summary.json,460,1,0,1
ActMem-VLA,5,1,10002,1000,8,1,337,1,/pfs/pfs-7jnepv/lgd/libero_fullmatrix_20260909/evaluations/gradientfix-lgd-t5-s1-c1000-e10002/audited_summary.json,460,1,1,0
ActMem-VLA,5,1,10002,1000,9,1,376,1,/pfs/pfs-7jnepv/lgd/libero_fullmatrix_20260909/evaluations/gradientfix-lgd-t5-s1-c1000-e10002/audited_summary.json,460,1,1,0
ActMem-VLA,5,1,10002,1000,10,1,464,1,/pfs/pfs-7jnepv/lgd/libero_fullmatrix_20260909/evaluations/gradientfix-lgd-t5-s1-c1000-e10002/audited_summary.json,460,1,0,1
ActMem-VLA,5,1,10002,1000,11,1,335,1,/pfs/pfs-7jnepv/lgd/libero_fullmatrix_20260909/evaluations/gradientfix-lgd-t5-s1-c1000-e10002/audited_summary.json,460,1,1,0
ActMem-VLA,5,1,10002,1000,12,1,363,1,/pfs/pfs-7jnepv/lgd/libero_fullmatrix_20260909/evaluations/gradientfix-lgd-t5-s1-c1000-e10002/audited_summary.json,460,1,1,0
ActMem-VLA,5,1,10002,1000,13,1,364,1,/pfs/pfs-7jnepv/lgd/libero_fullmatrix_20260909/evaluations/gradientfix-lgd-t5-s1-c1000-e10002/audited_summary.json,460,1,1,0
ActMem-VLA,5,1,10002,1000,14,1,429,1,/pfs/pfs-7jnepv/lgd/libero_fullmatrix_20260909/evaluations/gradientfix-lgd-t5-s1-c1000-e10002/audited_summary.json,460,1,1,0
ActMem-VLA,5,1,10002,1000,15,1,432,1,/pfs/pfs-7jnepv/lgd/libero_fullmatrix_20260909/evaluations/gradientfix-lgd-t5-s1-c1000-e10002/audited_summary.json,460,1,1,0
ActMem-VLA,5,1,10002,1000,16,1,441,1,/pfs/pfs-7jnepv/lgd/libero_fullmatrix_20260909/evaluations/gradientfix-lgd-t5-s1-c1000-e10002/audited_summary.json,460,1,1,0
ActMem-VLA,5,1,10002,1000,17,1,398,1,/pfs/pfs-7jnepv/lgd/libero_fullmatrix_20260909/evaluations/gradientfix-lgd-t5-s1-c1000-e10002/audited_summary.json,460,1,1,0
ActMem-VLA,5,1,10002,1000,18,1,337,1,/pfs/pfs-7jnepv/lgd/libero_fullmatrix_20260909/evaluations/gradientfix-lgd-t5-s1-c1000-e10002/audited_summary.json,460,1,1,0
ActMem-VLA,5,1,10002,1000,19,1,365,1,/pfs/pfs-7jnepv/lgd/libero_fullmatrix_20260909/evaluations/gradientfix-lgd-t5-s1-c1000-e10002/audited_summary.json,460,1,1,0
ActMem-VLA,5,1,10003,1000,0,1,474,1,/pfs/pfs-7jnepv/lgd/libero_fullmatrix_20260909/evaluations/gradientfix-lgd-t5-s1-c1000-e10003/audited_summary.json,460,1,0,1
ActMem-VLA,5,1,10003,1000,1,1,315,1,/pfs/pfs-7jnepv/lgd/libero_fullmatrix_20260909/evaluations/gradientfix-lgd-t5-s1-c1000-e10003/audited_summary.json,460,1,1,0
ActMem-VLA,5,1,10003,1000,2,1,352,1,/pfs/pfs-7jnepv/lgd/libero_fullmatrix_20260909/evaluations/gradientfix-lgd-t5-s1-c1000-e10003/audited_summary.json,460,1,1,0
ActMem-VLA,5,1,10003,1000,3,1,334,1,/pfs/pfs-7jnepv/lgd/libero_fullmatrix_20260909/evaluations/gradientfix-lgd-t5-s1-c1000-e10003/audited_summary.json,460,1,1,0
ActMem-VLA,5,1,10003,1000,4,1,335,1,/pfs/pfs-7jnepv/lgd/libero_fullmatrix_20260909/evaluations/gradientfix-lgd-t5-s1-c1000-e10003/audited_summary.json,460,1,1,0
ActMem-VLA,5,1,10003,1000,5,1,353,1,/pfs/pfs-7jnepv/lgd/libero_fullmatrix_20260909/evaluations/gradientfix-lgd-t5-s1-c1000-e10003/audited_summary.json,460,1,1,0
ActMem-VLA,5,1,10003,1000,6,1,341,1,/pfs/pfs-7jnepv/lgd/libero_fullmatrix_20260909/evaluations/gradientfix-lgd-t5-s1-c1000-e10003/audited_summary.json,460,1,1,0
ActMem-VLA,5,1,10003,1000,7,1,386,1,/pfs/pfs-7jnepv/lgd/libero_fullmatrix_20260909/evaluations/gradientfix-lgd-t5-s1-c1000-e10003/audited_summary.json,460,1,1,0
ActMem-VLA,5,1,10003,1000,8,1,371,1,/pfs/pfs-7jnepv/lgd/libero_fullmatrix_20260909/evaluations/gradientfix-lgd-t5-s1-c1000-e10003/audited_summary.json,460,1,1,0
ActMem-VLA,5,1,10003,1000,9,1,354,1,/pfs/pfs-7jnepv/lgd/libero_fullmatrix_20260909/evaluations/gradientfix-lgd-t5-s1-c1000-e10003/audited_summary.json,460,1,1,0
ActMem-VLA,5,1,10003,1000,10,1,389,1,/pfs/pfs-7jnepv/lgd/libero_fullmatrix_20260909/evaluations/gradientfix-lgd-t5-s1-c1000-e10003/audited_summary.json,460,1,1,0
ActMem-VLA,5,1,10003,1000,11,1,316,1,/pfs/pfs-7jnepv/lgd/libero_fullmatrix_20260909/evaluations/gradientfix-lgd-t5-s1-c1000-e10003/audited_summary.json,460,1,1,0
ActMem-VLA,5,1,10003,1000,12,1,416,1,/pfs/pfs-7jnepv/lgd/libero_fullmatrix_20260909/evaluations/gradientfix-lgd-t5-s1-c1000-e10003/audited_summary.json,460,1,1,0
ActMem-VLA,5,1,10003,1000,13,1,392,1,/pfs/pfs-7jnepv/lgd/libero_fullmatrix_20260909/evaluations/gradientfix-lgd-t5-s1-c1000-e10003/audited_summary.json,460,1,1,0
ActMem-VLA,5,1,10003,1000,14,1,394,1,/pfs/pfs-7jnepv/lgd/libero_fullmatrix_20260909/evaluations/gradientfix-lgd-t5-s1-c1000-e10003/audited_summary.json,460,1,1,0
ActMem-VLA,5,1,10003,1000,15,1,453,1,/pfs/pfs-7jnepv/lgd/libero_fullmatrix_20260909/evaluations/gradientfix-lgd-t5-s1-c1000-e10003/audited_summary.json,460,1,1,0
ActMem-VLA,5,1,10003,1000,16,1,375,1,/pfs/pfs-7jnepv/lgd/libero_fullmatrix_20260909/evaluations/gradientfix-lgd-t5-s1-c1000-e10003/audited_summary.json,460,1,1,0
ActMem-VLA,5,1,10003,1000,17,1,348,1,/pfs/pfs-7jnepv/lgd/libero_fullmatrix_20260909/evaluations/gradientfix-lgd-t5-s1-c1000-e10003/audited_summary.json,460,1,1,0
ActMem-VLA,5,1,10003,1000,18,1,374,1,/pfs/pfs-7jnepv/lgd/libero_fullmatrix_20260909/evaluations/gradientfix-lgd-t5-s1-c1000-e10003/audited_summary.json,460,1,1,0
ActMem-VLA,5,1,10003,1000,19,1,378,1,/pfs/pfs-7jnepv/lgd/libero_fullmatrix_20260909/evaluations/gradientfix-lgd-t5-s1-c1000-e10003/audited_summary.json,460,1,1,0
ActMem-VLA,5,42,10001,1000,0,1,466,1,/pfs/pfs-7jnepv/lgd/libero_fullmatrix_20260909/evaluations/gradientfix-lgd-t5-s42-c1000-e10001/audited_summary.json,460,1,0,1
ActMem-VLA,5,42,10001,1000,1,1,318,1,/pfs/pfs-7jnepv/lgd/libero_fullmatrix_20260909/evaluations/gradientfix-lgd-t5-s42-c1000-e10001/audited_summary.json,460,1,1,0
ActMem-VLA,5,42,10001,1000,2,1,302,1,/pfs/pfs-7jnepv/lgd/libero_fullmatrix_20260909/evaluations/gradientfix-lgd-t5-s42-c1000-e10001/audited_summary.json,460,1,1,0
ActMem-VLA,5,42,10001,1000,3,1,373,1,/pfs/pfs-7jnepv/lgd/libero_fullmatrix_20260909/evaluations/gradientfix-lgd-t5-s42-c1000-e10001/audited_summary.json,460,1,1,0
ActMem-VLA,5,42,10001,1000,4,1,332,1,/pfs/pfs-7jnepv/lgd/libero_fullmatrix_20260909/evaluations/gradientfix-lgd-t5-s42-c1000-e10001/audited_summary.json,460,1,1,0
ActMem-VLA,5,42,10001,1000,5,1,349,1,/pfs/pfs-7jnepv/lgd/libero_fullmatrix_20260909/evaluations/gradientfix-lgd-t5-s42-c1000-e10001/audited_summary.json,460,1,1,0
ActMem-VLA,5,42,10001,1000,6,1,342,1,/pfs/pfs-7jnepv/lgd/libero_fullmatrix_20260909/evaluations/gradientfix-lgd-t5-s42-c1000-e10001/audited_summary.json,460,1,1,0
ActMem-VLA,5,42,10001,1000,7,1,387,1,/pfs/pfs-7jnepv/lgd/libero_fullmatrix_20260909/evaluations/gradientfix-lgd-t5-s42-c1000-e10001/audited_summary.json,460,1,1,0
ActMem-VLA,5,42,10001,1000,8,1,361,1,/pfs/pfs-7jnepv/lgd/libero_fullmatrix_20260909/evaluations/gradientfix-lgd-t5-s42-c1000-e10001/audited_summary.json,460,1,1,0
ActMem-VLA,5,42,10001,1000,9,1,364,1,/pfs/pfs-7jnepv/lgd/libero_fullmatrix_20260909/evaluations/gradientfix-lgd-t5-s42-c1000-e10001/audited_summary.json,460,1,1,0
ActMem-VLA,5,42,10001,1000,10,1,375,1,/pfs/pfs-7jnepv/lgd/libero_fullmatrix_20260909/evaluations/gradientfix-lgd-t5-s42-c1000-e10001/audited_summary.json,460,1,1,0
ActMem-VLA,5,42,10001,1000,11,1,549,1,/pfs/pfs-7jnepv/lgd/libero_fullmatrix_20260909/evaluations/gradientfix-lgd-t5-s42-c1000-e10001/audited_summary.json,460,1,0,1
ActMem-VLA,5,42,10001,1000,12,1,367,1,/pfs/pfs-7jnepv/lgd/libero_fullmatrix_20260909/evaluations/gradientfix-lgd-t5-s42-c1000-e10001/audited_summary.json,460,1,1,0
ActMem-VLA,5,42,10001,1000,13,1,309,1,/pfs/pfs-7jnepv/lgd/libero_fullmatrix_20260909/evaluations/gradientfix-lgd-t5-s42-c1000-e10001/audited_summary.json,460,1,1,0
ActMem-VLA,5,42,10001,1000,14,1,363,1,/pfs/pfs-7jnepv/lgd/libero_fullmatrix_20260909/evaluations/gradientfix-lgd-t5-s42-c1000-e10001/audited_summary.json,460,1,1,0
ActMem-VLA,5,42,10001,1000,15,1,377,1,/pfs/pfs-7jnepv/lgd/libero_fullmatrix_20260909/evaluations/gradientfix-lgd-t5-s42-c1000-e10001/audited_summary.json,460,1,1,0
ActMem-VLA,5,42,10001,1000,16,1,417,1,/pfs/pfs-7jnepv/lgd/libero_fullmatrix_20260909/evaluations/gradientfix-lgd-t5-s42-c1000-e10001/audited_summary.json,460,1,1,0
ActMem-VLA,5,42,10001,1000,17,1,364,1,/pfs/pfs-7jnepv/lgd/libero_fullmatrix_20260909/evaluations/gradientfix-lgd-t5-s42-c1000-e10001/audited_summary.json,460,1,1,0
ActMem-VLA,5,42,10001,1000,18,1,348,1,/pfs/pfs-7jnepv/lgd/libero_fullmatrix_20260909/evaluations/gradientfix-lgd-t5-s42-c1000-e10001/audited_summary.json,460,1,1,0
ActMem-VLA,5,42,10001,1000,19,1,390,1,/pfs/pfs-7jnepv/lgd/libero_fullmatrix_20260909/evaluations/gradientfix-lgd-t5-s42-c1000-e10001/audited_summary.json,460,1,1,0
ActMem-VLA,5,42,10002,1000,0,1,387,1,/pfs/pfs-7jnepv/lgd/libero_fullmatrix_20260909/evaluations/gradientfix-lgd-t5-s42-c1000-e10002/audited_summary.json,460,1,1,0
ActMem-VLA,5,42,10002,1000,1,1,337,1,/pfs/pfs-7jnepv/lgd/libero_fullmatrix_20260909/evaluations/gradientfix-lgd-t5-s42-c1000-e10002/audited_summary.json,460,1,1,0
ActMem-VLA,5,42,10002,1000,2,1,328,1,/pfs/pfs-7jnepv/lgd/libero_fullmatrix_20260909/evaluations/gradientfix-lgd-t5-s42-c1000-e10002/audited_summary.json,460,1,1,0
ActMem-VLA,5,42,10002,1000,3,1,330,1,/pfs/pfs-7jnepv/lgd/libero_fullmatrix_20260909/evaluations/gradientfix-lgd-t5-s42-c1000-e10002/audited_summary.json,460,1,1,0
ActMem-VLA,5,42,10002,1000,4,1,315,1,/pfs/pfs-7jnepv/lgd/libero_fullmatrix_20260909/evaluations/gradientfix-lgd-t5-s42-c1000-e10002/audited_summary.json,460,1,1,0
ActMem-VLA,5,42,10002,1000,5,1,439,1,/pfs/pfs-7jnepv/lgd/libero_fullmatrix_20260909/evaluations/gradientfix-lgd-t5-s42-c1000-e10002/audited_summary.json,460,1,1,0
ActMem-VLA,5,42,10002,1000,6,1,454,1,/pfs/pfs-7jnepv/lgd/libero_fullmatrix_20260909/evaluations/gradientfix-lgd-t5-s42-c1000-e10002/audited_summary.json,460,1,1,0
ActMem-VLA,5,42,10002,1000,7,1,448,1,/pfs/pfs-7jnepv/lgd/libero_fullmatrix_20260909/evaluations/gradientfix-lgd-t5-s42-c1000-e10002/audited_summary.json,460,1,1,0
ActMem-VLA,5,42,10002,1000,8,1,330,1,/pfs/pfs-7jnepv/lgd/libero_fullmatrix_20260909/evaluations/gradientfix-lgd-t5-s42-c1000-e10002/audited_summary.json,460,1,1,0
ActMem-VLA,5,42,10002,1000,9,1,460,1,/pfs/pfs-7jnepv/lgd/libero_fullmatrix_20260909/evaluations/gradientfix-lgd-t5-s42-c1000-e10002/audited_summary.json,460,1,1,0
ActMem-VLA,5,42,10002,1000,10,1,400,1,/pfs/pfs-7jnepv/lgd/libero_fullmatrix_20260909/evaluations/gradientfix-lgd-t5-s42-c1000-e10002/audited_summary.json,460,1,1,0
ActMem-VLA,5,42,10002,1000,11,1,332,1,/pfs/pfs-7jnepv/lgd/libero_fullmatrix_20260909/evaluations/gradientfix-lgd-t5-s42-c1000-e10002/audited_summary.json,460,1,1,0
ActMem-VLA,5,42,10002,1000,12,1,348,1,/pfs/pfs-7jnepv/lgd/libero_fullmatrix_20260909/evaluations/gradientfix-lgd-t5-s42-c1000-e10002/audited_summary.json,460,1,1,0
ActMem-VLA,5,42,10002,1000,13,1,331,1,/pfs/pfs-7jnepv/lgd/libero_fullmatrix_20260909/evaluations/gradientfix-lgd-t5-s42-c1000-e10002/audited_summary.json,460,1,1,0
ActMem-VLA,5,42,10002,1000,14,1,401,1,/pfs/pfs-7jnepv/lgd/libero_fullmatrix_20260909/evaluations/gradientfix-lgd-t5-s42-c1000-e10002/audited_summary.json,460,1,1,0
ActMem-VLA,5,42,10002,1000,15,1,355,1,/pfs/pfs-7jnepv/lgd/libero_fullmatrix_20260909/evaluations/gradientfix-lgd-t5-s42-c1000-e10002/audited_summary.json,460,1,1,0
ActMem-VLA,5,42,10002,1000,16,1,471,1,/pfs/pfs-7jnepv/lgd/libero_fullmatrix_20260909/evaluations/gradientfix-lgd-t5-s42-c1000-e10002/audited_summary.json,460,1,0,1
ActMem-VLA,5,42,10002,1000,17,1,405,1,/pfs/pfs-7jnepv/lgd/libero_fullmatrix_20260909/evaluations/gradientfix-lgd-t5-s42-c1000-e10002/audited_summary.json,460,1,1,0
ActMem-VLA,5,42,10002,1000,18,1,410,1,/pfs/pfs-7jnepv/lgd/libero_fullmatrix_20260909/evaluations/gradientfix-lgd-t5-s42-c1000-e10002/audited_summary.json,460,1,1,0
ActMem-VLA,5,42,10002,1000,19,1,377,1,/pfs/pfs-7jnepv/lgd/libero_fullmatrix_20260909/evaluations/gradientfix-lgd-t5-s42-c1000-e10002/audited_summary.json,460,1,1,0
ActMem-VLA,5,42,10003,1000,0,1,434,1,/pfs/pfs-7jnepv/lgd/libero_fullmatrix_20260909/evaluations/gradientfix-lgd-t5-s42-c1000-e10003/audited_summary.json,460,1,1,0
ActMem-VLA,5,42,10003,1000,1,1,426,1,/pfs/pfs-7jnepv/lgd/libero_fullmatrix_20260909/evaluations/gradientfix-lgd-t5-s42-c1000-e10003/audited_summary.json,460,1,1,0
ActMem-VLA,5,42,10003,1000,2,1,377,1,/pfs/pfs-7jnepv/lgd/libero_fullmatrix_20260909/evaluations/gradientfix-lgd-t5-s42-c1000-e10003/audited_summary.json,460,1,1,0
ActMem-VLA,5,42,10003,1000,3,1,332,1,/pfs/pfs-7jnepv/lgd/libero_fullmatrix_20260909/evaluations/gradientfix-lgd-t5-s42-c1000-e10003/audited_summary.json,460,1,1,0
ActMem-VLA,5,42,10003,1000,4,1,357,1,/pfs/pfs-7jnepv/lgd/libero_fullmatrix_20260909/evaluations/gradientfix-lgd-t5-s42-c1000-e10003/audited_summary.json,460,1,1,0
ActMem-VLA,5,42,10003,1000,5,1,335,1,/pfs/pfs-7jnepv/lgd/libero_fullmatrix_20260909/evaluations/gradientfix-lgd-t5-s42-c1000-e10003/audited_summary.json,460,1,1,0
ActMem-VLA,5,42,10003,1000,6,1,329,1,/pfs/pfs-7jnepv/lgd/libero_fullmatrix_20260909/evaluations/gradientfix-lgd-t5-s42-c1000-e10003/audited_summary.json,460,1,1,0
ActMem-VLA,5,42,10003,1000,7,1,340,1,/pfs/pfs-7jnepv/lgd/libero_fullmatrix_20260909/evaluations/gradientfix-lgd-t5-s42-c1000-e10003/audited_summary.json,460,1,1,0
ActMem-VLA,5,42,10003,1000,8,1,351,1,/pfs/pfs-7jnepv/lgd/libero_fullmatrix_20260909/evaluations/gradientfix-lgd-t5-s42-c1000-e10003/audited_summary.json,460,1,1,0
ActMem-VLA,5,42,10003,1000,9,1,445,1,/pfs/pfs-7jnepv/lgd/libero_fullmatrix_20260909/evaluations/gradientfix-lgd-t5-s42-c1000-e10003/audited_summary.json,460,1,1,0
ActMem-VLA,5,42,10003,1000,10,1,376,1,/pfs/pfs-7jnepv/lgd/libero_fullmatrix_20260909/evaluations/gradientfix-lgd-t5-s42-c1000-e10003/audited_summary.json,460,1,1,0
ActMem-VLA,5,42,10003,1000,11,1,338,1,/pfs/pfs-7jnepv/lgd/libero_fullmatrix_20260909/evaluations/gradientfix-lgd-t5-s42-c1000-e10003/audited_summary.json,460,1,1,0
ActMem-VLA,5,42,10003,1000,12,1,452,1,/pfs/pfs-7jnepv/lgd/libero_fullmatrix_20260909/evaluations/gradientfix-lgd-t5-s42-c1000-e10003/audited_summary.json,460,1,1,0
ActMem-VLA,5,42,10003,1000,13,1,350,1,/pfs/pfs-7jnepv/lgd/libero_fullmatrix_20260909/evaluations/gradientfix-lgd-t5-s42-c1000-e10003/audited_summary.json,460,1,1,0
ActMem-VLA,5,42,10003,1000,14,1,423,1,/pfs/pfs-7jnepv/lgd/libero_fullmatrix_20260909/evaluations/gradientfix-lgd-t5-s42-c1000-e10003/audited_summary.json,460,1,1,0
ActMem-VLA,5,42,10003,1000,15,1,356,1,/pfs/pfs-7jnepv/lgd/libero_fullmatrix_20260909/evaluations/gradientfix-lgd-t5-s42-c1000-e10003/audited_summary.json,460,1,1,0
ActMem-VLA,5,42,10003,1000,16,1,492,1,/pfs/pfs-7jnepv/lgd/libero_fullmatrix_20260909/evaluations/gradientfix-lgd-t5-s42-c1000-e10003/audited_summary.json,460,1,0,1
ActMem-VLA,5,42,10003,1000,17,1,389,1,/pfs/pfs-7jnepv/lgd/libero_fullmatrix_20260909/evaluations/gradientfix-lgd-t5-s42-c1000-e10003/audited_summary.json,460,1,1,0
ActMem-VLA,5,42,10003,1000,18,1,350,1,/pfs/pfs-7jnepv/lgd/libero_fullmatrix_20260909/evaluations/gradientfix-lgd-t5-s42-c1000-e10003/audited_summary.json,460,1,1,0
ActMem-VLA,5,42,10003,1000,19,1,448,1,/pfs/pfs-7jnepv/lgd/libero_fullmatrix_20260909/evaluations/gradientfix-lgd-t5-s42-c1000-e10003/audited_summary.json,460,1,1,0
pi05,6,42,10001,49999,0,0,600,0,/pfs/pfs-7jnepv/lgd/libero_fullmatrix_20260909/evaluations/pi05-t6-c49999-e10001/audited_summary.json,600,0,0,0
pi05,6,42,10001,49999,1,0,600,0,/pfs/pfs-7jnepv/lgd/libero_fullmatrix_20260909/evaluations/pi05-t6-c49999-e10001/audited_summary.json,600,0,0,0
pi05,6,42,10001,49999,2,1,563,1,/pfs/pfs-7jnepv/lgd/libero_fullmatrix_20260909/evaluations/pi05-t6-c49999-e10001/audited_summary.json,600,1,1,0
pi05,6,42,10001,49999,3,1,499,1,/pfs/pfs-7jnepv/lgd/libero_fullmatrix_20260909/evaluations/pi05-t6-c49999-e10001/audited_summary.json,600,1,1,0
pi05,6,42,10001,49999,4,0,600,0,/pfs/pfs-7jnepv/lgd/libero_fullmatrix_20260909/evaluations/pi05-t6-c49999-e10001/audited_summary.json,600,0,0,0
pi05,6,42,10001,49999,5,1,554,1,/pfs/pfs-7jnepv/lgd/libero_fullmatrix_20260909/evaluations/pi05-t6-c49999-e10001/audited_summary.json,600,1,1,0
pi05,6,42,10001,49999,6,0,600,0,/pfs/pfs-7jnepv/lgd/libero_fullmatrix_20260909/evaluations/pi05-t6-c49999-e10001/audited_summary.json,600,0,0,0
pi05,6,42,10001,49999,7,1,570,1,/pfs/pfs-7jnepv/lgd/libero_fullmatrix_20260909/evaluations/pi05-t6-c49999-e10001/audited_summary.json,600,1,1,0
pi05,6,42,10001,49999,8,0,600,0,/pfs/pfs-7jnepv/lgd/libero_fullmatrix_20260909/evaluations/pi05-t6-c49999-e10001/audited_summary.json,600,0,0,0
pi05,6,42,10001,49999,9,0,600,0,/pfs/pfs-7jnepv/lgd/libero_fullmatrix_20260909/evaluations/pi05-t6-c49999-e10001/audited_summary.json,600,0,0,0
pi05,6,42,10001,49999,10,0,600,0,/pfs/pfs-7jnepv/lgd/libero_fullmatrix_20260909/evaluations/pi05-t6-c49999-e10001/audited_summary.json,600,0,0,0
pi05,6,42,10001,49999,11,0,600,0,/pfs/pfs-7jnepv/lgd/libero_fullmatrix_20260909/evaluations/pi05-t6-c49999-e10001/audited_summary.json,600,0,0,0
pi05,6,42,10001,49999,12,0,600,0,/pfs/pfs-7jnepv/lgd/libero_fullmatrix_20260909/evaluations/pi05-t6-c49999-e10001/audited_summary.json,600,0,0,0
pi05,6,42,10001,49999,13,0,600,0,/pfs/pfs-7jnepv/lgd/libero_fullmatrix_20260909/evaluations/pi05-t6-c49999-e10001/audited_summary.json,600,0,0,0
pi05,6,42,10001,49999,14,0,600,0,/pfs/pfs-7jnepv/lgd/libero_fullmatrix_20260909/evaluations/pi05-t6-c49999-e10001/audited_summary.json,600,0,0,0
pi05,6,42,10001,49999,15,0,600,0,/pfs/pfs-7jnepv/lgd/libero_fullmatrix_20260909/evaluations/pi05-t6-c49999-e10001/audited_summary.json,600,0,0,0
pi05,6,42,10001,49999,16,1,548,1,/pfs/pfs-7jnepv/lgd/libero_fullmatrix_20260909/evaluations/pi05-t6-c49999-e10001/audited_summary.json,600,1,1,0
pi05,6,42,10001,49999,17,0,600,0,/pfs/pfs-7jnepv/lgd/libero_fullmatrix_20260909/evaluations/pi05-t6-c49999-e10001/audited_summary.json,600,0,0,0
pi05,6,42,10001,49999,18,1,501,1,/pfs/pfs-7jnepv/lgd/libero_fullmatrix_20260909/evaluations/pi05-t6-c49999-e10001/audited_summary.json,600,1,1,0
pi05,6,42,10001,49999,19,1,520,1,/pfs/pfs-7jnepv/lgd/libero_fullmatrix_20260909/evaluations/pi05-t6-c49999-e10001/audited_summary.json,600,1,1,0
pi05,6,42,10002,49999,0,1,582,1,/pfs/pfs-7jnepv/lgd/libero_fullmatrix_20260909/evaluations/pi05-t6-c49999-e10002/audited_summary.json,600,1,1,0
pi05,6,42,10002,49999,1,0,600,0,/pfs/pfs-7jnepv/lgd/libero_fullmatrix_20260909/evaluations/pi05-t6-c49999-e10002/audited_summary.json,600,0,0,0
pi05,6,42,10002,49999,2,0,600,0,/pfs/pfs-7jnepv/lgd/libero_fullmatrix_20260909/evaluations/pi05-t6-c49999-e10002/audited_summary.json,600,0,0,0
pi05,6,42,10002,49999,3,0,600,0,/pfs/pfs-7jnepv/lgd/libero_fullmatrix_20260909/evaluations/pi05-t6-c49999-e10002/audited_summary.json,600,0,0,0
pi05,6,42,10002,49999,4,1,555,1,/pfs/pfs-7jnepv/lgd/libero_fullmatrix_20260909/evaluations/pi05-t6-c49999-e10002/audited_summary.json,600,1,1,0
pi05,6,42,10002,49999,5,1,514,1,/pfs/pfs-7jnepv/lgd/libero_fullmatrix_20260909/evaluations/pi05-t6-c49999-e10002/audited_summary.json,600,1,1,0
pi05,6,42,10002,49999,6,0,600,0,/pfs/pfs-7jnepv/lgd/libero_fullmatrix_20260909/evaluations/pi05-t6-c49999-e10002/audited_summary.json,600,0,0,0
pi05,6,42,10002,49999,7,0,600,0,/pfs/pfs-7jnepv/lgd/libero_fullmatrix_20260909/evaluations/pi05-t6-c49999-e10002/audited_summary.json,600,0,0,0
pi05,6,42,10002,49999,8,0,600,0,/pfs/pfs-7jnepv/lgd/libero_fullmatrix_20260909/evaluations/pi05-t6-c49999-e10002/audited_summary.json,600,0,0,0
pi05,6,42,10002,49999,9,0,600,0,/pfs/pfs-7jnepv/lgd/libero_fullmatrix_20260909/evaluations/pi05-t6-c49999-e10002/audited_summary.json,600,0,0,0
pi05,6,42,10002,49999,10,0,600,0,/pfs/pfs-7jnepv/lgd/libero_fullmatrix_20260909/evaluations/pi05-t6-c49999-e10002/audited_summary.json,600,0,0,0
pi05,6,42,10002,49999,11,0,600,0,/pfs/pfs-7jnepv/lgd/libero_fullmatrix_20260909/evaluations/pi05-t6-c49999-e10002/audited_summary.json,600,0,0,0
pi05,6,42,10002,49999,12,0,600,0,/pfs/pfs-7jnepv/lgd/libero_fullmatrix_20260909/evaluations/pi05-t6-c49999-e10002/audited_summary.json,600,0,0,0
pi05,6,42,10002,49999,13,1,593,1,/pfs/pfs-7jnepv/lgd/libero_fullmatrix_20260909/evaluations/pi05-t6-c49999-e10002/audited_summary.json,600,1,1,0
pi05,6,42,10002,49999,14,0,600,0,/pfs/pfs-7jnepv/lgd/libero_fullmatrix_20260909/evaluations/pi05-t6-c49999-e10002/audited_summary.json,600,0,0,0
pi05,6,42,10002,49999,15,0,600,0,/pfs/pfs-7jnepv/lgd/libero_fullmatrix_20260909/evaluations/pi05-t6-c49999-e10002/audited_summary.json,600,0,0,0
pi05,6,42,10002,49999,16,0,600,0,/pfs/pfs-7jnepv/lgd/libero_fullmatrix_20260909/evaluations/pi05-t6-c49999-e10002/audited_summary.json,600,0,0,0
pi05,6,42,10002,49999,17,0,600,0,/pfs/pfs-7jnepv/lgd/libero_fullmatrix_20260909/evaluations/pi05-t6-c49999-e10002/audited_summary.json,600,0,0,0
pi05,6,42,10002,49999,18,1,478,1,/pfs/pfs-7jnepv/lgd/libero_fullmatrix_20260909/evaluations/pi05-t6-c49999-e10002/audited_summary.json,600,1,1,0
pi05,6,42,10002,49999,19,0,600,0,/pfs/pfs-7jnepv/lgd/libero_fullmatrix_20260909/evaluations/pi05-t6-c49999-e10002/audited_summary.json,600,0,0,0
pi05,6,42,10003,49999,0,1,529,1,/pfs/pfs-7jnepv/lgd/libero_fullmatrix_20260909/evaluations/pi05-t6-c49999-e10003/audited_summary.json,600,1,1,0
pi05,6,42,10003,49999,1,0,600,0,/pfs/pfs-7jnepv/lgd/libero_fullmatrix_20260909/evaluations/pi05-t6-c49999-e10003/audited_summary.json,600,0,0,0
pi05,6,42,10003,49999,2,0,600,0,/pfs/pfs-7jnepv/lgd/libero_fullmatrix_20260909/evaluations/pi05-t6-c49999-e10003/audited_summary.json,600,0,0,0
pi05,6,42,10003,49999,3,1,579,1,/pfs/pfs-7jnepv/lgd/libero_fullmatrix_20260909/evaluations/pi05-t6-c49999-e10003/audited_summary.json,600,1,1,0
pi05,6,42,10003,49999,4,1,469,1,/pfs/pfs-7jnepv/lgd/libero_fullmatrix_20260909/evaluations/pi05-t6-c49999-e10003/audited_summary.json,600,1,1,0
pi05,6,42,10003,49999,5,1,432,1,/pfs/pfs-7jnepv/lgd/libero_fullmatrix_20260909/evaluations/pi05-t6-c49999-e10003/audited_summary.json,600,1,1,0
pi05,6,42,10003,49999,6,1,575,1,/pfs/pfs-7jnepv/lgd/libero_fullmatrix_20260909/evaluations/pi05-t6-c49999-e10003/audited_summary.json,600,1,1,0
pi05,6,42,10003,49999,7,1,454,1,/pfs/pfs-7jnepv/lgd/libero_fullmatrix_20260909/evaluations/pi05-t6-c49999-e10003/audited_summary.json,600,1,1,0
pi05,6,42,10003,49999,8,1,507,1,/pfs/pfs-7jnepv/lgd/libero_fullmatrix_20260909/evaluations/pi05-t6-c49999-e10003/audited_summary.json,600,1,1,0
pi05,6,42,10003,49999,9,0,600,0,/pfs/pfs-7jnepv/lgd/libero_fullmatrix_20260909/evaluations/pi05-t6-c49999-e10003/audited_summary.json,600,0,0,0
pi05,6,42,10003,49999,10,0,600,0,/pfs/pfs-7jnepv/lgd/libero_fullmatrix_20260909/evaluations/pi05-t6-c49999-e10003/audited_summary.json,600,0,0,0
pi05,6,42,10003,49999,11,0,600,0,/pfs/pfs-7jnepv/lgd/libero_fullmatrix_20260909/evaluations/pi05-t6-c49999-e10003/audited_summary.json,600,0,0,0
pi05,6,42,10003,49999,12,0,600,0,/pfs/pfs-7jnepv/lgd/libero_fullmatrix_20260909/evaluations/pi05-t6-c49999-e10003/audited_summary.json,600,0,0,0
pi05,6,42,10003,49999,13,0,600,0,/pfs/pfs-7jnepv/lgd/libero_fullmatrix_20260909/evaluations/pi05-t6-c49999-e10003/audited_summary.json,600,0,0,0
pi05,6,42,10003,49999,14,0,600,0,/pfs/pfs-7jnepv/lgd/libero_fullmatrix_20260909/evaluations/pi05-t6-c49999-e10003/audited_summary.json,600,0,0,0
pi05,6,42,10003,49999,15,0,600,0,/pfs/pfs-7jnepv/lgd/libero_fullmatrix_20260909/evaluations/pi05-t6-c49999-e10003/audited_summary.json,600,0,0,0
pi05,6,42,10003,49999,16,1,596,1,/pfs/pfs-7jnepv/lgd/libero_fullmatrix_20260909/evaluations/pi05-t6-c49999-e10003/audited_summary.json,600,1,1,0
pi05,6,42,10003,49999,17,0,600,0,/pfs/pfs-7jnepv/lgd/libero_fullmatrix_20260909/evaluations/pi05-t6-c49999-e10003/audited_summary.json,600,0,0,0
pi05,6,42,10003,49999,18,1,478,1,/pfs/pfs-7jnepv/lgd/libero_fullmatrix_20260909/evaluations/pi05-t6-c49999-e10003/audited_summary.json,600,1,1,0
pi05,6,42,10003,49999,19,0,600,0,/pfs/pfs-7jnepv/lgd/libero_fullmatrix_20260909/evaluations/pi05-t6-c49999-e10003/audited_summary.json,600,0,0,0
MemoryVLA,6,42,10001,40000,0,0,600,0,/pfs/pfs-7jnepv/lgd/libero_fullmatrix_20260909/evaluations/MemoryVLA-c40000-t6-e10001/audited_summary.json,600,0,0,0
MemoryVLA,6,42,10001,40000,1,0,600,0,/pfs/pfs-7jnepv/lgd/libero_fullmatrix_20260909/evaluations/MemoryVLA-c40000-t6-e10001/audited_summary.json,600,0,0,0
MemoryVLA,6,42,10001,40000,2,0,600,0,/pfs/pfs-7jnepv/lgd/libero_fullmatrix_20260909/evaluations/MemoryVLA-c40000-t6-e10001/audited_summary.json,600,0,0,0
MemoryVLA,6,42,10001,40000,3,0,600,0,/pfs/pfs-7jnepv/lgd/libero_fullmatrix_20260909/evaluations/MemoryVLA-c40000-t6-e10001/audited_summary.json,600,0,0,0
MemoryVLA,6,42,10001,40000,4,0,600,0,/pfs/pfs-7jnepv/lgd/libero_fullmatrix_20260909/evaluations/MemoryVLA-c40000-t6-e10001/audited_summary.json,600,0,0,0
MemoryVLA,6,42,10001,40000,5,0,600,0,/pfs/pfs-7jnepv/lgd/libero_fullmatrix_20260909/evaluations/MemoryVLA-c40000-t6-e10001/audited_summary.json,600,0,0,0
MemoryVLA,6,42,10001,40000,6,0,600,0,/pfs/pfs-7jnepv/lgd/libero_fullmatrix_20260909/evaluations/MemoryVLA-c40000-t6-e10001/audited_summary.json,600,0,0,0
MemoryVLA,6,42,10001,40000,7,0,600,0,/pfs/pfs-7jnepv/lgd/libero_fullmatrix_20260909/evaluations/MemoryVLA-c40000-t6-e10001/audited_summary.json,600,0,0,0
MemoryVLA,6,42,10001,40000,8,0,600,0,/pfs/pfs-7jnepv/lgd/libero_fullmatrix_20260909/evaluations/MemoryVLA-c40000-t6-e10001/audited_summary.json,600,0,0,0
MemoryVLA,6,42,10001,40000,9,0,600,0,/pfs/pfs-7jnepv/lgd/libero_fullmatrix_20260909/evaluations/MemoryVLA-c40000-t6-e10001/audited_summary.json,600,0,0,0
MemoryVLA,6,42,10001,40000,10,0,600,0,/pfs/pfs-7jnepv/lgd/libero_fullmatrix_20260909/evaluations/MemoryVLA-c40000-t6-e10001/audited_summary.json,600,0,0,0
MemoryVLA,6,42,10001,40000,11,0,600,0,/pfs/pfs-7jnepv/lgd/libero_fullmatrix_20260909/evaluations/MemoryVLA-c40000-t6-e10001/audited_summary.json,600,0,0,0
MemoryVLA,6,42,10001,40000,12,0,600,0,/pfs/pfs-7jnepv/lgd/libero_fullmatrix_20260909/evaluations/MemoryVLA-c40000-t6-e10001/audited_summary.json,600,0,0,0
MemoryVLA,6,42,10001,40000,13,0,600,0,/pfs/pfs-7jnepv/lgd/libero_fullmatrix_20260909/evaluations/MemoryVLA-c40000-t6-e10001/audited_summary.json,600,0,0,0
MemoryVLA,6,42,10001,40000,14,0,600,0,/pfs/pfs-7jnepv/lgd/libero_fullmatrix_20260909/evaluations/MemoryVLA-c40000-t6-e10001/audited_summary.json,600,0,0,0
MemoryVLA,6,42,10001,40000,15,0,600,0,/pfs/pfs-7jnepv/lgd/libero_fullmatrix_20260909/evaluations/MemoryVLA-c40000-t6-e10001/audited_summary.json,600,0,0,0
MemoryVLA,6,42,10001,40000,16,0,600,0,/pfs/pfs-7jnepv/lgd/libero_fullmatrix_20260909/evaluations/MemoryVLA-c40000-t6-e10001/audited_summary.json,600,0,0,0
MemoryVLA,6,42,10001,40000,17,0,600,0,/pfs/pfs-7jnepv/lgd/libero_fullmatrix_20260909/evaluations/MemoryVLA-c40000-t6-e10001/audited_summary.json,600,0,0,0
MemoryVLA,6,42,10001,40000,18,0,600,0,/pfs/pfs-7jnepv/lgd/libero_fullmatrix_20260909/evaluations/MemoryVLA-c40000-t6-e10001/audited_summary.json,600,0,0,0
MemoryVLA,6,42,10001,40000,19,0,600,0,/pfs/pfs-7jnepv/lgd/libero_fullmatrix_20260909/evaluations/MemoryVLA-c40000-t6-e10001/audited_summary.json,600,0,0,0
MemoryVLA,6,42,10002,40000,0,0,600,0,/pfs/pfs-7jnepv/lgd/libero_fullmatrix_20260909/evaluations/MemoryVLA-c40000-t6-e10002/audited_summary.json,600,0,0,0
MemoryVLA,6,42,10002,40000,1,0,600,0,/pfs/pfs-7jnepv/lgd/libero_fullmatrix_20260909/evaluations/MemoryVLA-c40000-t6-e10002/audited_summary.json,600,0,0,0
MemoryVLA,6,42,10002,40000,2,0,600,0,/pfs/pfs-7jnepv/lgd/libero_fullmatrix_20260909/evaluations/MemoryVLA-c40000-t6-e10002/audited_summary.json,600,0,0,0
MemoryVLA,6,42,10002,40000,3,0,600,0,/pfs/pfs-7jnepv/lgd/libero_fullmatrix_20260909/evaluations/MemoryVLA-c40000-t6-e10002/audited_summary.json,600,0,0,0
MemoryVLA,6,42,10002,40000,4,0,600,0,/pfs/pfs-7jnepv/lgd/libero_fullmatrix_20260909/evaluations/MemoryVLA-c40000-t6-e10002/audited_summary.json,600,0,0,0
MemoryVLA,6,42,10002,40000,5,0,600,0,/pfs/pfs-7jnepv/lgd/libero_fullmatrix_20260909/evaluations/MemoryVLA-c40000-t6-e10002/audited_summary.json,600,0,0,0
MemoryVLA,6,42,10002,40000,6,0,600,0,/pfs/pfs-7jnepv/lgd/libero_fullmatrix_20260909/evaluations/MemoryVLA-c40000-t6-e10002/audited_summary.json,600,0,0,0
MemoryVLA,6,42,10002,40000,7,0,600,0,/pfs/pfs-7jnepv/lgd/libero_fullmatrix_20260909/evaluations/MemoryVLA-c40000-t6-e10002/audited_summary.json,600,0,0,0
MemoryVLA,6,42,10002,40000,8,0,600,0,/pfs/pfs-7jnepv/lgd/libero_fullmatrix_20260909/evaluations/MemoryVLA-c40000-t6-e10002/audited_summary.json,600,0,0,0
MemoryVLA,6,42,10002,40000,9,0,600,0,/pfs/pfs-7jnepv/lgd/libero_fullmatrix_20260909/evaluations/MemoryVLA-c40000-t6-e10002/audited_summary.json,600,0,0,0
MemoryVLA,6,42,10002,40000,10,0,600,0,/pfs/pfs-7jnepv/lgd/libero_fullmatrix_20260909/evaluations/MemoryVLA-c40000-t6-e10002/audited_summary.json,600,0,0,0
MemoryVLA,6,42,10002,40000,11,0,600,0,/pfs/pfs-7jnepv/lgd/libero_fullmatrix_20260909/evaluations/MemoryVLA-c40000-t6-e10002/audited_summary.json,600,0,0,0
MemoryVLA,6,42,10002,40000,12,0,600,0,/pfs/pfs-7jnepv/lgd/libero_fullmatrix_20260909/evaluations/MemoryVLA-c40000-t6-e10002/audited_summary.json,600,0,0,0
MemoryVLA,6,42,10002,40000,13,0,600,0,/pfs/pfs-7jnepv/lgd/libero_fullmatrix_20260909/evaluations/MemoryVLA-c40000-t6-e10002/audited_summary.json,600,0,0,0
MemoryVLA,6,42,10002,40000,14,0,600,0,/pfs/pfs-7jnepv/lgd/libero_fullmatrix_20260909/evaluations/MemoryVLA-c40000-t6-e10002/audited_summary.json,600,0,0,0
MemoryVLA,6,42,10002,40000,15,0,600,0,/pfs/pfs-7jnepv/lgd/libero_fullmatrix_20260909/evaluations/MemoryVLA-c40000-t6-e10002/audited_summary.json,600,0,0,0
MemoryVLA,6,42,10002,40000,16,0,600,0,/pfs/pfs-7jnepv/lgd/libero_fullmatrix_20260909/evaluations/MemoryVLA-c40000-t6-e10002/audited_summary.json,600,0,0,0
MemoryVLA,6,42,10002,40000,17,0,600,0,/pfs/pfs-7jnepv/lgd/libero_fullmatrix_20260909/evaluations/MemoryVLA-c40000-t6-e10002/audited_summary.json,600,0,0,0
MemoryVLA,6,42,10002,40000,18,0,600,0,/pfs/pfs-7jnepv/lgd/libero_fullmatrix_20260909/evaluations/MemoryVLA-c40000-t6-e10002/audited_summary.json,600,0,0,0
MemoryVLA,6,42,10002,40000,19,0,600,0,/pfs/pfs-7jnepv/lgd/libero_fullmatrix_20260909/evaluations/MemoryVLA-c40000-t6-e10002/audited_summary.json,600,0,0,0
MemoryVLA,6,42,10003,40000,0,0,600,0,/pfs/pfs-7jnepv/lgd/libero_fullmatrix_20260909/evaluations/MemoryVLA-c40000-t6-e10003/audited_summary.json,600,0,0,0
MemoryVLA,6,42,10003,40000,1,0,600,0,/pfs/pfs-7jnepv/lgd/libero_fullmatrix_20260909/evaluations/MemoryVLA-c40000-t6-e10003/audited_summary.json,600,0,0,0
MemoryVLA,6,42,10003,40000,2,0,600,0,/pfs/pfs-7jnepv/lgd/libero_fullmatrix_20260909/evaluations/MemoryVLA-c40000-t6-e10003/audited_summary.json,600,0,0,0
MemoryVLA,6,42,10003,40000,3,0,600,0,/pfs/pfs-7jnepv/lgd/libero_fullmatrix_20260909/evaluations/MemoryVLA-c40000-t6-e10003/audited_summary.json,600,0,0,0
MemoryVLA,6,42,10003,40000,4,0,600,0,/pfs/pfs-7jnepv/lgd/libero_fullmatrix_20260909/evaluations/MemoryVLA-c40000-t6-e10003/audited_summary.json,600,0,0,0
MemoryVLA,6,42,10003,40000,5,0,600,0,/pfs/pfs-7jnepv/lgd/libero_fullmatrix_20260909/evaluations/MemoryVLA-c40000-t6-e10003/audited_summary.json,600,0,0,0
MemoryVLA,6,42,10003,40000,6,0,600,0,/pfs/pfs-7jnepv/lgd/libero_fullmatrix_20260909/evaluations/MemoryVLA-c40000-t6-e10003/audited_summary.json,600,0,0,0
MemoryVLA,6,42,10003,40000,7,0,600,0,/pfs/pfs-7jnepv/lgd/libero_fullmatrix_20260909/evaluations/MemoryVLA-c40000-t6-e10003/audited_summary.json,600,0,0,0
MemoryVLA,6,42,10003,40000,8,0,600,0,/pfs/pfs-7jnepv/lgd/libero_fullmatrix_20260909/evaluations/MemoryVLA-c40000-t6-e10003/audited_summary.json,600,0,0,0
MemoryVLA,6,42,10003,40000,9,0,600,0,/pfs/pfs-7jnepv/lgd/libero_fullmatrix_20260909/evaluations/MemoryVLA-c40000-t6-e10003/audited_summary.json,600,0,0,0
MemoryVLA,6,42,10003,40000,10,0,600,0,/pfs/pfs-7jnepv/lgd/libero_fullmatrix_20260909/evaluations/MemoryVLA-c40000-t6-e10003/audited_summary.json,600,0,0,0
MemoryVLA,6,42,10003,40000,11,0,600,0,/pfs/pfs-7jnepv/lgd/libero_fullmatrix_20260909/evaluations/MemoryVLA-c40000-t6-e10003/audited_summary.json,600,0,0,0
MemoryVLA,6,42,10003,40000,12,0,600,0,/pfs/pfs-7jnepv/lgd/libero_fullmatrix_20260909/evaluations/MemoryVLA-c40000-t6-e10003/audited_summary.json,600,0,0,0
MemoryVLA,6,42,10003,40000,13,0,600,0,/pfs/pfs-7jnepv/lgd/libero_fullmatrix_20260909/evaluations/MemoryVLA-c40000-t6-e10003/audited_summary.json,600,0,0,0
MemoryVLA,6,42,10003,40000,14,0,600,0,/pfs/pfs-7jnepv/lgd/libero_fullmatrix_20260909/evaluations/MemoryVLA-c40000-t6-e10003/audited_summary.json,600,0,0,0
MemoryVLA,6,42,10003,40000,15,0,600,0,/pfs/pfs-7jnepv/lgd/libero_fullmatrix_20260909/evaluations/MemoryVLA-c40000-t6-e10003/audited_summary.json,600,0,0,0
MemoryVLA,6,42,10003,40000,16,0,600,0,/pfs/pfs-7jnepv/lgd/libero_fullmatrix_20260909/evaluations/MemoryVLA-c40000-t6-e10003/audited_summary.json,600,0,0,0
MemoryVLA,6,42,10003,40000,17,0,600,0,/pfs/pfs-7jnepv/lgd/libero_fullmatrix_20260909/evaluations/MemoryVLA-c40000-t6-e10003/audited_summary.json,600,0,0,0
MemoryVLA,6,42,10003,40000,18,0,600,0,/pfs/pfs-7jnepv/lgd/libero_fullmatrix_20260909/evaluations/MemoryVLA-c40000-t6-e10003/audited_summary.json,600,0,0,0
MemoryVLA,6,42,10003,40000,19,0,600,0,/pfs/pfs-7jnepv/lgd/libero_fullmatrix_20260909/evaluations/MemoryVLA-c40000-t6-e10003/audited_summary.json,600,0,0,0
ActMem-VLA,6,0,10001,2500,0,1,510,1,/data/libero_mem_baseline/a100_local_eval_20260910/evaluations/gradientfix-v1-t6-s0-c2500-e10001/audited_summary.json,600,1,1,0
ActMem-VLA,6,0,10001,2500,1,0,600,0,/data/libero_mem_baseline/a100_local_eval_20260910/evaluations/gradientfix-v1-t6-s0-c2500-e10001/audited_summary.json,600,0,0,0
ActMem-VLA,6,0,10001,2500,2,0,600,0,/data/libero_mem_baseline/a100_local_eval_20260910/evaluations/gradientfix-v1-t6-s0-c2500-e10001/audited_summary.json,600,0,0,0
ActMem-VLA,6,0,10001,2500,3,1,533,1,/data/libero_mem_baseline/a100_local_eval_20260910/evaluations/gradientfix-v1-t6-s0-c2500-e10001/audited_summary.json,600,1,1,0
ActMem-VLA,6,0,10001,2500,4,0,600,0,/data/libero_mem_baseline/a100_local_eval_20260910/evaluations/gradientfix-v1-t6-s0-c2500-e10001/audited_summary.json,600,0,0,0
ActMem-VLA,6,0,10001,2500,5,1,494,1,/data/libero_mem_baseline/a100_local_eval_20260910/evaluations/gradientfix-v1-t6-s0-c2500-e10001/audited_summary.json,600,1,1,0
ActMem-VLA,6,0,10001,2500,6,1,534,1,/data/libero_mem_baseline/a100_local_eval_20260910/evaluations/gradientfix-v1-t6-s0-c2500-e10001/audited_summary.json,600,1,1,0
ActMem-VLA,6,0,10001,2500,7,0,600,0,/data/libero_mem_baseline/a100_local_eval_20260910/evaluations/gradientfix-v1-t6-s0-c2500-e10001/audited_summary.json,600,0,0,0
ActMem-VLA,6,0,10001,2500,8,0,600,0,/data/libero_mem_baseline/a100_local_eval_20260910/evaluations/gradientfix-v1-t6-s0-c2500-e10001/audited_summary.json,600,0,0,0
ActMem-VLA,6,0,10001,2500,9,1,513,1,/data/libero_mem_baseline/a100_local_eval_20260910/evaluations/gradientfix-v1-t6-s0-c2500-e10001/audited_summary.json,600,1,1,0
ActMem-VLA,6,0,10001,2500,10,0,600,0,/data/libero_mem_baseline/a100_local_eval_20260910/evaluations/gradientfix-v1-t6-s0-c2500-e10001/audited_summary.json,600,0,0,0
ActMem-VLA,6,0,10001,2500,11,1,585,1,/data/libero_mem_baseline/a100_local_eval_20260910/evaluations/gradientfix-v1-t6-s0-c2500-e10001/audited_summary.json,600,1,1,0
ActMem-VLA,6,0,10001,2500,12,0,600,0,/data/libero_mem_baseline/a100_local_eval_20260910/evaluations/gradientfix-v1-t6-s0-c2500-e10001/audited_summary.json,600,0,0,0
ActMem-VLA,6,0,10001,2500,13,1,548,1,/data/libero_mem_baseline/a100_local_eval_20260910/evaluations/gradientfix-v1-t6-s0-c2500-e10001/audited_summary.json,600,1,1,0
ActMem-VLA,6,0,10001,2500,14,0,600,0,/data/libero_mem_baseline/a100_local_eval_20260910/evaluations/gradientfix-v1-t6-s0-c2500-e10001/audited_summary.json,600,0,0,0
ActMem-VLA,6,0,10001,2500,15,0,600,0,/data/libero_mem_baseline/a100_local_eval_20260910/evaluations/gradientfix-v1-t6-s0-c2500-e10001/audited_summary.json,600,0,0,0
ActMem-VLA,6,0,10001,2500,16,0,600,0,/data/libero_mem_baseline/a100_local_eval_20260910/evaluations/gradientfix-v1-t6-s0-c2500-e10001/audited_summary.json,600,0,0,0
ActMem-VLA,6,0,10001,2500,17,0,600,0,/data/libero_mem_baseline/a100_local_eval_20260910/evaluations/gradientfix-v1-t6-s0-c2500-e10001/audited_summary.json,600,0,0,0
ActMem-VLA,6,0,10001,2500,18,1,543,1,/data/libero_mem_baseline/a100_local_eval_20260910/evaluations/gradientfix-v1-t6-s0-c2500-e10001/audited_summary.json,600,1,1,0
ActMem-VLA,6,0,10001,2500,19,1,513,1,/data/libero_mem_baseline/a100_local_eval_20260910/evaluations/gradientfix-v1-t6-s0-c2500-e10001/audited_summary.json,600,1,1,0
ActMem-VLA,6,0,10002,2500,0,1,526,1,/data/libero_mem_baseline/a100_local_eval_20260910/evaluations/gradientfix-v1-t6-s0-c2500-e10002/audited_summary.json,600,1,1,0
ActMem-VLA,6,0,10002,2500,1,1,539,1,/data/libero_mem_baseline/a100_local_eval_20260910/evaluations/gradientfix-v1-t6-s0-c2500-e10002/audited_summary.json,600,1,1,0
ActMem-VLA,6,0,10002,2500,2,1,518,1,/data/libero_mem_baseline/a100_local_eval_20260910/evaluations/gradientfix-v1-t6-s0-c2500-e10002/audited_summary.json,600,1,1,0
ActMem-VLA,6,0,10002,2500,3,1,555,1,/data/libero_mem_baseline/a100_local_eval_20260910/evaluations/gradientfix-v1-t6-s0-c2500-e10002/audited_summary.json,600,1,1,0
ActMem-VLA,6,0,10002,2500,4,1,580,1,/data/libero_mem_baseline/a100_local_eval_20260910/evaluations/gradientfix-v1-t6-s0-c2500-e10002/audited_summary.json,600,1,1,0
ActMem-VLA,6,0,10002,2500,5,1,515,1,/data/libero_mem_baseline/a100_local_eval_20260910/evaluations/gradientfix-v1-t6-s0-c2500-e10002/audited_summary.json,600,1,1,0
ActMem-VLA,6,0,10002,2500,6,1,600,1,/data/libero_mem_baseline/a100_local_eval_20260910/evaluations/gradientfix-v1-t6-s0-c2500-e10002/audited_summary.json,600,1,1,0
ActMem-VLA,6,0,10002,2500,7,1,556,1,/data/libero_mem_baseline/a100_local_eval_20260910/evaluations/gradientfix-v1-t6-s0-c2500-e10002/audited_summary.json,600,1,1,0
ActMem-VLA,6,0,10002,2500,8,1,556,1,/data/libero_mem_baseline/a100_local_eval_20260910/evaluations/gradientfix-v1-t6-s0-c2500-e10002/audited_summary.json,600,1,1,0
ActMem-VLA,6,0,10002,2500,9,1,538,1,/data/libero_mem_baseline/a100_local_eval_20260910/evaluations/gradientfix-v1-t6-s0-c2500-e10002/audited_summary.json,600,1,1,0
ActMem-VLA,6,0,10002,2500,10,1,584,1,/data/libero_mem_baseline/a100_local_eval_20260910/evaluations/gradientfix-v1-t6-s0-c2500-e10002/audited_summary.json,600,1,1,0
ActMem-VLA,6,0,10002,2500,11,0,600,0,/data/libero_mem_baseline/a100_local_eval_20260910/evaluations/gradientfix-v1-t6-s0-c2500-e10002/audited_summary.json,600,0,0,0
ActMem-VLA,6,0,10002,2500,12,0,600,0,/data/libero_mem_baseline/a100_local_eval_20260910/evaluations/gradientfix-v1-t6-s0-c2500-e10002/audited_summary.json,600,0,0,0
ActMem-VLA,6,0,10002,2500,13,1,559,1,/data/libero_mem_baseline/a100_local_eval_20260910/evaluations/gradientfix-v1-t6-s0-c2500-e10002/audited_summary.json,600,1,1,0
ActMem-VLA,6,0,10002,2500,14,1,536,1,/data/libero_mem_baseline/a100_local_eval_20260910/evaluations/gradientfix-v1-t6-s0-c2500-e10002/audited_summary.json,600,1,1,0
ActMem-VLA,6,0,10002,2500,15,0,600,0,/data/libero_mem_baseline/a100_local_eval_20260910/evaluations/gradientfix-v1-t6-s0-c2500-e10002/audited_summary.json,600,0,0,0
ActMem-VLA,6,0,10002,2500,16,1,534,1,/data/libero_mem_baseline/a100_local_eval_20260910/evaluations/gradientfix-v1-t6-s0-c2500-e10002/audited_summary.json,600,1,1,0
ActMem-VLA,6,0,10002,2500,17,0,600,0,/data/libero_mem_baseline/a100_local_eval_20260910/evaluations/gradientfix-v1-t6-s0-c2500-e10002/audited_summary.json,600,0,0,0
ActMem-VLA,6,0,10002,2500,18,1,563,1,/data/libero_mem_baseline/a100_local_eval_20260910/evaluations/gradientfix-v1-t6-s0-c2500-e10002/audited_summary.json,600,1,1,0
ActMem-VLA,6,0,10002,2500,19,1,535,1,/data/libero_mem_baseline/a100_local_eval_20260910/evaluations/gradientfix-v1-t6-s0-c2500-e10002/audited_summary.json,600,1,1,0
ActMem-VLA,6,0,10003,2500,0,1,537,1,/data/libero_mem_baseline/a100_local_eval_20260910/evaluations/gradientfix-v1-t6-s0-c2500-e10003/audited_summary.json,600,1,1,0
ActMem-VLA,6,0,10003,2500,1,1,528,1,/data/libero_mem_baseline/a100_local_eval_20260910/evaluations/gradientfix-v1-t6-s0-c2500-e10003/audited_summary.json,600,1,1,0
ActMem-VLA,6,0,10003,2500,2,0,600,0,/data/libero_mem_baseline/a100_local_eval_20260910/evaluations/gradientfix-v1-t6-s0-c2500-e10003/audited_summary.json,600,0,0,0
ActMem-VLA,6,0,10003,2500,3,1,545,1,/data/libero_mem_baseline/a100_local_eval_20260910/evaluations/gradientfix-v1-t6-s0-c2500-e10003/audited_summary.json,600,1,1,0
ActMem-VLA,6,0,10003,2500,4,0,600,0,/data/libero_mem_baseline/a100_local_eval_20260910/evaluations/gradientfix-v1-t6-s0-c2500-e10003/audited_summary.json,600,0,0,0
ActMem-VLA,6,0,10003,2500,5,1,503,1,/data/libero_mem_baseline/a100_local_eval_20260910/evaluations/gradientfix-v1-t6-s0-c2500-e10003/audited_summary.json,600,1,1,0
ActMem-VLA,6,0,10003,2500,6,1,515,1,/data/libero_mem_baseline/a100_local_eval_20260910/evaluations/gradientfix-v1-t6-s0-c2500-e10003/audited_summary.json,600,1,1,0
ActMem-VLA,6,0,10003,2500,7,1,543,1,/data/libero_mem_baseline/a100_local_eval_20260910/evaluations/gradientfix-v1-t6-s0-c2500-e10003/audited_summary.json,600,1,1,0
ActMem-VLA,6,0,10003,2500,8,1,594,1,/data/libero_mem_baseline/a100_local_eval_20260910/evaluations/gradientfix-v1-t6-s0-c2500-e10003/audited_summary.json,600,1,1,0
ActMem-VLA,6,0,10003,2500,9,1,582,1,/data/libero_mem_baseline/a100_local_eval_20260910/evaluations/gradientfix-v1-t6-s0-c2500-e10003/audited_summary.json,600,1,1,0
ActMem-VLA,6,0,10003,2500,10,1,584,1,/data/libero_mem_baseline/a100_local_eval_20260910/evaluations/gradientfix-v1-t6-s0-c2500-e10003/audited_summary.json,600,1,1,0
ActMem-VLA,6,0,10003,2500,11,1,591,1,/data/libero_mem_baseline/a100_local_eval_20260910/evaluations/gradientfix-v1-t6-s0-c2500-e10003/audited_summary.json,600,1,1,0
ActMem-VLA,6,0,10003,2500,12,1,573,1,/data/libero_mem_baseline/a100_local_eval_20260910/evaluations/gradientfix-v1-t6-s0-c2500-e10003/audited_summary.json,600,1,1,0
ActMem-VLA,6,0,10003,2500,13,1,559,1,/data/libero_mem_baseline/a100_local_eval_20260910/evaluations/gradientfix-v1-t6-s0-c2500-e10003/audited_summary.json,600,1,1,0
ActMem-VLA,6,0,10003,2500,14,1,571,1,/data/libero_mem_baseline/a100_local_eval_20260910/evaluations/gradientfix-v1-t6-s0-c2500-e10003/audited_summary.json,600,1,1,0
ActMem-VLA,6,0,10003,2500,15,1,598,1,/data/libero_mem_baseline/a100_local_eval_20260910/evaluations/gradientfix-v1-t6-s0-c2500-e10003/audited_summary.json,600,1,1,0
ActMem-VLA,6,0,10003,2500,16,1,535,1,/data/libero_mem_baseline/a100_local_eval_20260910/evaluations/gradientfix-v1-t6-s0-c2500-e10003/audited_summary.json,600,1,1,0
ActMem-VLA,6,0,10003,2500,17,1,575,1,/data/libero_mem_baseline/a100_local_eval_20260910/evaluations/gradientfix-v1-t6-s0-c2500-e10003/audited_summary.json,600,1,1,0
ActMem-VLA,6,0,10003,2500,18,1,552,1,/data/libero_mem_baseline/a100_local_eval_20260910/evaluations/gradientfix-v1-t6-s0-c2500-e10003/audited_summary.json,600,1,1,0
ActMem-VLA,6,0,10003,2500,19,1,535,1,/data/libero_mem_baseline/a100_local_eval_20260910/evaluations/gradientfix-v1-t6-s0-c2500-e10003/audited_summary.json,600,1,1,0
ActMem-VLA,6,1,10001,1500,0,1,528,1,/data/libero_mem_baseline/a100_local_eval_20260910/evaluations/gradientfix-v1-t6-s1-c1500-e10001/audited_summary.json,600,1,1,0
ActMem-VLA,6,1,10001,1500,1,1,551,1,/data/libero_mem_baseline/a100_local_eval_20260910/evaluations/gradientfix-v1-t6-s1-c1500-e10001/audited_summary.json,600,1,1,0
ActMem-VLA,6,1,10001,1500,2,1,481,1,/data/libero_mem_baseline/a100_local_eval_20260910/evaluations/gradientfix-v1-t6-s1-c1500-e10001/audited_summary.json,600,1,1,0
ActMem-VLA,6,1,10001,1500,3,1,526,1,/data/libero_mem_baseline/a100_local_eval_20260910/evaluations/gradientfix-v1-t6-s1-c1500-e10001/audited_summary.json,600,1,1,0
ActMem-VLA,6,1,10001,1500,4,1,584,1,/data/libero_mem_baseline/a100_local_eval_20260910/evaluations/gradientfix-v1-t6-s1-c1500-e10001/audited_summary.json,600,1,1,0
ActMem-VLA,6,1,10001,1500,5,1,513,1,/data/libero_mem_baseline/a100_local_eval_20260910/evaluations/gradientfix-v1-t6-s1-c1500-e10001/audited_summary.json,600,1,1,0
ActMem-VLA,6,1,10001,1500,6,1,543,1,/data/libero_mem_baseline/a100_local_eval_20260910/evaluations/gradientfix-v1-t6-s1-c1500-e10001/audited_summary.json,600,1,1,0
ActMem-VLA,6,1,10001,1500,7,1,522,1,/data/libero_mem_baseline/a100_local_eval_20260910/evaluations/gradientfix-v1-t6-s1-c1500-e10001/audited_summary.json,600,1,1,0
ActMem-VLA,6,1,10001,1500,8,1,578,1,/data/libero_mem_baseline/a100_local_eval_20260910/evaluations/gradientfix-v1-t6-s1-c1500-e10001/audited_summary.json,600,1,1,0
ActMem-VLA,6,1,10001,1500,9,1,537,1,/data/libero_mem_baseline/a100_local_eval_20260910/evaluations/gradientfix-v1-t6-s1-c1500-e10001/audited_summary.json,600,1,1,0
ActMem-VLA,6,1,10001,1500,10,1,599,1,/data/libero_mem_baseline/a100_local_eval_20260910/evaluations/gradientfix-v1-t6-s1-c1500-e10001/audited_summary.json,600,1,1,0
ActMem-VLA,6,1,10001,1500,11,0,600,0,/data/libero_mem_baseline/a100_local_eval_20260910/evaluations/gradientfix-v1-t6-s1-c1500-e10001/audited_summary.json,600,0,0,0
ActMem-VLA,6,1,10001,1500,12,0,600,0,/data/libero_mem_baseline/a100_local_eval_20260910/evaluations/gradientfix-v1-t6-s1-c1500-e10001/audited_summary.json,600,0,0,0
ActMem-VLA,6,1,10001,1500,13,1,585,1,/data/libero_mem_baseline/a100_local_eval_20260910/evaluations/gradientfix-v1-t6-s1-c1500-e10001/audited_summary.json,600,1,1,0
ActMem-VLA,6,1,10001,1500,14,0,600,0,/data/libero_mem_baseline/a100_local_eval_20260910/evaluations/gradientfix-v1-t6-s1-c1500-e10001/audited_summary.json,600,0,0,0
ActMem-VLA,6,1,10001,1500,15,0,600,0,/data/libero_mem_baseline/a100_local_eval_20260910/evaluations/gradientfix-v1-t6-s1-c1500-e10001/audited_summary.json,600,0,0,0
ActMem-VLA,6,1,10001,1500,16,1,541,1,/data/libero_mem_baseline/a100_local_eval_20260910/evaluations/gradientfix-v1-t6-s1-c1500-e10001/audited_summary.json,600,1,1,0
ActMem-VLA,6,1,10001,1500,17,0,600,0,/data/libero_mem_baseline/a100_local_eval_20260910/evaluations/gradientfix-v1-t6-s1-c1500-e10001/audited_summary.json,600,0,0,0
ActMem-VLA,6,1,10001,1500,18,1,570,1,/data/libero_mem_baseline/a100_local_eval_20260910/evaluations/gradientfix-v1-t6-s1-c1500-e10001/audited_summary.json,600,1,1,0
ActMem-VLA,6,1,10001,1500,19,1,502,1,/data/libero_mem_baseline/a100_local_eval_20260910/evaluations/gradientfix-v1-t6-s1-c1500-e10001/audited_summary.json,600,1,1,0
ActMem-VLA,6,1,10002,1500,0,1,516,1,/data/libero_mem_baseline/a100_local_eval_20260910/evaluations/gradientfix-v1-t6-s1-c1500-e10002/audited_summary.json,600,1,1,0
ActMem-VLA,6,1,10002,1500,1,1,558,1,/data/libero_mem_baseline/a100_local_eval_20260910/evaluations/gradientfix-v1-t6-s1-c1500-e10002/audited_summary.json,600,1,1,0
ActMem-VLA,6,1,10002,1500,2,1,513,1,/data/libero_mem_baseline/a100_local_eval_20260910/evaluations/gradientfix-v1-t6-s1-c1500-e10002/audited_summary.json,600,1,1,0
ActMem-VLA,6,1,10002,1500,3,1,540,1,/data/libero_mem_baseline/a100_local_eval_20260910/evaluations/gradientfix-v1-t6-s1-c1500-e10002/audited_summary.json,600,1,1,0
ActMem-VLA,6,1,10002,1500,4,1,539,1,/data/libero_mem_baseline/a100_local_eval_20260910/evaluations/gradientfix-v1-t6-s1-c1500-e10002/audited_summary.json,600,1,1,0
ActMem-VLA,6,1,10002,1500,5,1,543,1,/data/libero_mem_baseline/a100_local_eval_20260910/evaluations/gradientfix-v1-t6-s1-c1500-e10002/audited_summary.json,600,1,1,0
ActMem-VLA,6,1,10002,1500,6,1,531,1,/data/libero_mem_baseline/a100_local_eval_20260910/evaluations/gradientfix-v1-t6-s1-c1500-e10002/audited_summary.json,600,1,1,0
ActMem-VLA,6,1,10002,1500,7,1,597,1,/data/libero_mem_baseline/a100_local_eval_20260910/evaluations/gradientfix-v1-t6-s1-c1500-e10002/audited_summary.json,600,1,1,0
ActMem-VLA,6,1,10002,1500,8,1,540,1,/data/libero_mem_baseline/a100_local_eval_20260910/evaluations/gradientfix-v1-t6-s1-c1500-e10002/audited_summary.json,600,1,1,0
ActMem-VLA,6,1,10002,1500,9,1,517,1,/data/libero_mem_baseline/a100_local_eval_20260910/evaluations/gradientfix-v1-t6-s1-c1500-e10002/audited_summary.json,600,1,1,0
ActMem-VLA,6,1,10002,1500,10,0,600,0,/data/libero_mem_baseline/a100_local_eval_20260910/evaluations/gradientfix-v1-t6-s1-c1500-e10002/audited_summary.json,600,0,0,0
ActMem-VLA,6,1,10002,1500,11,0,600,0,/data/libero_mem_baseline/a100_local_eval_20260910/evaluations/gradientfix-v1-t6-s1-c1500-e10002/audited_summary.json,600,0,0,0
ActMem-VLA,6,1,10002,1500,12,1,591,1,/data/libero_mem_baseline/a100_local_eval_20260910/evaluations/gradientfix-v1-t6-s1-c1500-e10002/audited_summary.json,600,1,1,0
ActMem-VLA,6,1,10002,1500,13,1,546,1,/data/libero_mem_baseline/a100_local_eval_20260910/evaluations/gradientfix-v1-t6-s1-c1500-e10002/audited_summary.json,600,1,1,0
ActMem-VLA,6,1,10002,1500,14,1,551,1,/data/libero_mem_baseline/a100_local_eval_20260910/evaluations/gradientfix-v1-t6-s1-c1500-e10002/audited_summary.json,600,1,1,0
ActMem-VLA,6,1,10002,1500,15,0,600,0,/data/libero_mem_baseline/a100_local_eval_20260910/evaluations/gradientfix-v1-t6-s1-c1500-e10002/audited_summary.json,600,0,0,0
ActMem-VLA,6,1,10002,1500,16,1,597,1,/data/libero_mem_baseline/a100_local_eval_20260910/evaluations/gradientfix-v1-t6-s1-c1500-e10002/audited_summary.json,600,1,1,0
ActMem-VLA,6,1,10002,1500,17,1,584,1,/data/libero_mem_baseline/a100_local_eval_20260910/evaluations/gradientfix-v1-t6-s1-c1500-e10002/audited_summary.json,600,1,1,0
ActMem-VLA,6,1,10002,1500,18,0,600,0,/data/libero_mem_baseline/a100_local_eval_20260910/evaluations/gradientfix-v1-t6-s1-c1500-e10002/audited_summary.json,600,0,0,0
ActMem-VLA,6,1,10002,1500,19,1,519,1,/data/libero_mem_baseline/a100_local_eval_20260910/evaluations/gradientfix-v1-t6-s1-c1500-e10002/audited_summary.json,600,1,1,0
ActMem-VLA,6,1,10003,1500,0,1,542,1,/data/libero_mem_baseline/a100_local_eval_20260910/evaluations/gradientfix-v1-t6-s1-c1500-e10003/audited_summary.json,600,1,1,0
ActMem-VLA,6,1,10003,1500,1,1,548,1,/data/libero_mem_baseline/a100_local_eval_20260910/evaluations/gradientfix-v1-t6-s1-c1500-e10003/audited_summary.json,600,1,1,0
ActMem-VLA,6,1,10003,1500,2,1,522,1,/data/libero_mem_baseline/a100_local_eval_20260910/evaluations/gradientfix-v1-t6-s1-c1500-e10003/audited_summary.json,600,1,1,0
ActMem-VLA,6,1,10003,1500,3,0,600,0,/data/libero_mem_baseline/a100_local_eval_20260910/evaluations/gradientfix-v1-t6-s1-c1500-e10003/audited_summary.json,600,0,0,0
ActMem-VLA,6,1,10003,1500,4,0,600,0,/data/libero_mem_baseline/a100_local_eval_20260910/evaluations/gradientfix-v1-t6-s1-c1500-e10003/audited_summary.json,600,0,0,0
ActMem-VLA,6,1,10003,1500,5,1,511,1,/data/libero_mem_baseline/a100_local_eval_20260910/evaluations/gradientfix-v1-t6-s1-c1500-e10003/audited_summary.json,600,1,1,0
ActMem-VLA,6,1,10003,1500,6,1,572,1,/data/libero_mem_baseline/a100_local_eval_20260910/evaluations/gradientfix-v1-t6-s1-c1500-e10003/audited_summary.json,600,1,1,0
ActMem-VLA,6,1,10003,1500,7,1,512,1,/data/libero_mem_baseline/a100_local_eval_20260910/evaluations/gradientfix-v1-t6-s1-c1500-e10003/audited_summary.json,600,1,1,0
ActMem-VLA,6,1,10003,1500,8,0,600,0,/data/libero_mem_baseline/a100_local_eval_20260910/evaluations/gradientfix-v1-t6-s1-c1500-e10003/audited_summary.json,600,0,0,0
ActMem-VLA,6,1,10003,1500,9,1,517,1,/data/libero_mem_baseline/a100_local_eval_20260910/evaluations/gradientfix-v1-t6-s1-c1500-e10003/audited_summary.json,600,1,1,0
ActMem-VLA,6,1,10003,1500,10,1,559,1,/data/libero_mem_baseline/a100_local_eval_20260910/evaluations/gradientfix-v1-t6-s1-c1500-e10003/audited_summary.json,600,1,1,0
ActMem-VLA,6,1,10003,1500,11,0,600,0,/data/libero_mem_baseline/a100_local_eval_20260910/evaluations/gradientfix-v1-t6-s1-c1500-e10003/audited_summary.json,600,0,0,0
ActMem-VLA,6,1,10003,1500,12,1,585,1,/data/libero_mem_baseline/a100_local_eval_20260910/evaluations/gradientfix-v1-t6-s1-c1500-e10003/audited_summary.json,600,1,1,0
ActMem-VLA,6,1,10003,1500,13,1,578,1,/data/libero_mem_baseline/a100_local_eval_20260910/evaluations/gradientfix-v1-t6-s1-c1500-e10003/audited_summary.json,600,1,1,0
ActMem-VLA,6,1,10003,1500,14,1,595,1,/data/libero_mem_baseline/a100_local_eval_20260910/evaluations/gradientfix-v1-t6-s1-c1500-e10003/audited_summary.json,600,1,1,0
ActMem-VLA,6,1,10003,1500,15,0,600,0,/data/libero_mem_baseline/a100_local_eval_20260910/evaluations/gradientfix-v1-t6-s1-c1500-e10003/audited_summary.json,600,0,0,0
ActMem-VLA,6,1,10003,1500,16,0,600,0,/data/libero_mem_baseline/a100_local_eval_20260910/evaluations/gradientfix-v1-t6-s1-c1500-e10003/audited_summary.json,600,0,0,0
ActMem-VLA,6,1,10003,1500,17,1,584,1,/data/libero_mem_baseline/a100_local_eval_20260910/evaluations/gradientfix-v1-t6-s1-c1500-e10003/audited_summary.json,600,1,1,0
ActMem-VLA,6,1,10003,1500,18,1,548,1,/data/libero_mem_baseline/a100_local_eval_20260910/evaluations/gradientfix-v1-t6-s1-c1500-e10003/audited_summary.json,600,1,1,0
ActMem-VLA,6,1,10003,1500,19,1,574,1,/data/libero_mem_baseline/a100_local_eval_20260910/evaluations/gradientfix-v1-t6-s1-c1500-e10003/audited_summary.json,600,1,1,0
ActMem-VLA,6,42,10001,1500,0,1,569,1,/data/libero_mem_baseline/a100_local_eval_20260910/evaluations/gradientfix-v1-t6-s42-c1500-e10001/audited_summary.json,600,1,1,0
ActMem-VLA,6,42,10001,1500,1,1,548,1,/data/libero_mem_baseline/a100_local_eval_20260910/evaluations/gradientfix-v1-t6-s42-c1500-e10001/audited_summary.json,600,1,1,0
ActMem-VLA,6,42,10001,1500,2,1,581,1,/data/libero_mem_baseline/a100_local_eval_20260910/evaluations/gradientfix-v1-t6-s42-c1500-e10001/audited_summary.json,600,1,1,0
ActMem-VLA,6,42,10001,1500,3,1,539,1,/data/libero_mem_baseline/a100_local_eval_20260910/evaluations/gradientfix-v1-t6-s42-c1500-e10001/audited_summary.json,600,1,1,0
ActMem-VLA,6,42,10001,1500,4,1,502,1,/data/libero_mem_baseline/a100_local_eval_20260910/evaluations/gradientfix-v1-t6-s42-c1500-e10001/audited_summary.json,600,1,1,0
ActMem-VLA,6,42,10001,1500,5,1,483,1,/data/libero_mem_baseline/a100_local_eval_20260910/evaluations/gradientfix-v1-t6-s42-c1500-e10001/audited_summary.json,600,1,1,0
ActMem-VLA,6,42,10001,1500,6,1,519,1,/data/libero_mem_baseline/a100_local_eval_20260910/evaluations/gradientfix-v1-t6-s42-c1500-e10001/audited_summary.json,600,1,1,0
ActMem-VLA,6,42,10001,1500,7,1,575,1,/data/libero_mem_baseline/a100_local_eval_20260910/evaluations/gradientfix-v1-t6-s42-c1500-e10001/audited_summary.json,600,1,1,0
ActMem-VLA,6,42,10001,1500,8,1,545,1,/data/libero_mem_baseline/a100_local_eval_20260910/evaluations/gradientfix-v1-t6-s42-c1500-e10001/audited_summary.json,600,1,1,0
ActMem-VLA,6,42,10001,1500,9,0,600,0,/data/libero_mem_baseline/a100_local_eval_20260910/evaluations/gradientfix-v1-t6-s42-c1500-e10001/audited_summary.json,600,0,0,0
ActMem-VLA,6,42,10001,1500,10,0,600,0,/data/libero_mem_baseline/a100_local_eval_20260910/evaluations/gradientfix-v1-t6-s42-c1500-e10001/audited_summary.json,600,0,0,0
ActMem-VLA,6,42,10001,1500,11,0,600,0,/data/libero_mem_baseline/a100_local_eval_20260910/evaluations/gradientfix-v1-t6-s42-c1500-e10001/audited_summary.json,600,0,0,0
ActMem-VLA,6,42,10001,1500,12,1,577,1,/data/libero_mem_baseline/a100_local_eval_20260910/evaluations/gradientfix-v1-t6-s42-c1500-e10001/audited_summary.json,600,1,1,0
ActMem-VLA,6,42,10001,1500,13,1,584,1,/data/libero_mem_baseline/a100_local_eval_20260910/evaluations/gradientfix-v1-t6-s42-c1500-e10001/audited_summary.json,600,1,1,0
ActMem-VLA,6,42,10001,1500,14,1,567,1,/data/libero_mem_baseline/a100_local_eval_20260910/evaluations/gradientfix-v1-t6-s42-c1500-e10001/audited_summary.json,600,1,1,0
ActMem-VLA,6,42,10001,1500,15,1,511,1,/data/libero_mem_baseline/a100_local_eval_20260910/evaluations/gradientfix-v1-t6-s42-c1500-e10001/audited_summary.json,600,1,1,0
ActMem-VLA,6,42,10001,1500,16,1,513,1,/data/libero_mem_baseline/a100_local_eval_20260910/evaluations/gradientfix-v1-t6-s42-c1500-e10001/audited_summary.json,600,1,1,0
ActMem-VLA,6,42,10001,1500,17,0,600,0,/data/libero_mem_baseline/a100_local_eval_20260910/evaluations/gradientfix-v1-t6-s42-c1500-e10001/audited_summary.json,600,0,0,0
ActMem-VLA,6,42,10001,1500,18,1,583,1,/data/libero_mem_baseline/a100_local_eval_20260910/evaluations/gradientfix-v1-t6-s42-c1500-e10001/audited_summary.json,600,1,1,0
ActMem-VLA,6,42,10001,1500,19,1,501,1,/data/libero_mem_baseline/a100_local_eval_20260910/evaluations/gradientfix-v1-t6-s42-c1500-e10001/audited_summary.json,600,1,1,0
ActMem-VLA,6,42,10002,1500,0,1,521,1,/data/libero_mem_baseline/a100_local_eval_20260910/evaluations/gradientfix-v1-t6-s42-c1500-e10002/audited_summary.json,600,1,1,0
ActMem-VLA,6,42,10002,1500,1,1,552,1,/data/libero_mem_baseline/a100_local_eval_20260910/evaluations/gradientfix-v1-t6-s42-c1500-e10002/audited_summary.json,600,1,1,0
ActMem-VLA,6,42,10002,1500,2,1,549,1,/data/libero_mem_baseline/a100_local_eval_20260910/evaluations/gradientfix-v1-t6-s42-c1500-e10002/audited_summary.json,600,1,1,0
ActMem-VLA,6,42,10002,1500,3,1,513,1,/data/libero_mem_baseline/a100_local_eval_20260910/evaluations/gradientfix-v1-t6-s42-c1500-e10002/audited_summary.json,600,1,1,0
ActMem-VLA,6,42,10002,1500,4,1,585,1,/data/libero_mem_baseline/a100_local_eval_20260910/evaluations/gradientfix-v1-t6-s42-c1500-e10002/audited_summary.json,600,1,1,0
ActMem-VLA,6,42,10002,1500,5,1,522,1,/data/libero_mem_baseline/a100_local_eval_20260910/evaluations/gradientfix-v1-t6-s42-c1500-e10002/audited_summary.json,600,1,1,0
ActMem-VLA,6,42,10002,1500,6,1,569,1,/data/libero_mem_baseline/a100_local_eval_20260910/evaluations/gradientfix-v1-t6-s42-c1500-e10002/audited_summary.json,600,1,1,0
ActMem-VLA,6,42,10002,1500,7,1,563,1,/data/libero_mem_baseline/a100_local_eval_20260910/evaluations/gradientfix-v1-t6-s42-c1500-e10002/audited_summary.json,600,1,1,0
ActMem-VLA,6,42,10002,1500,8,1,543,1,/data/libero_mem_baseline/a100_local_eval_20260910/evaluations/gradientfix-v1-t6-s42-c1500-e10002/audited_summary.json,600,1,1,0
ActMem-VLA,6,42,10002,1500,9,1,542,1,/data/libero_mem_baseline/a100_local_eval_20260910/evaluations/gradientfix-v1-t6-s42-c1500-e10002/audited_summary.json,600,1,1,0
ActMem-VLA,6,42,10002,1500,10,1,596,1,/data/libero_mem_baseline/a100_local_eval_20260910/evaluations/gradientfix-v1-t6-s42-c1500-e10002/audited_summary.json,600,1,1,0
ActMem-VLA,6,42,10002,1500,11,0,600,0,/data/libero_mem_baseline/a100_local_eval_20260910/evaluations/gradientfix-v1-t6-s42-c1500-e10002/audited_summary.json,600,0,0,0
ActMem-VLA,6,42,10002,1500,12,1,567,1,/data/libero_mem_baseline/a100_local_eval_20260910/evaluations/gradientfix-v1-t6-s42-c1500-e10002/audited_summary.json,600,1,1,0
ActMem-VLA,6,42,10002,1500,13,1,598,1,/data/libero_mem_baseline/a100_local_eval_20260910/evaluations/gradientfix-v1-t6-s42-c1500-e10002/audited_summary.json,600,1,1,0
ActMem-VLA,6,42,10002,1500,14,0,600,0,/data/libero_mem_baseline/a100_local_eval_20260910/evaluations/gradientfix-v1-t6-s42-c1500-e10002/audited_summary.json,600,0,0,0
ActMem-VLA,6,42,10002,1500,15,0,600,0,/data/libero_mem_baseline/a100_local_eval_20260910/evaluations/gradientfix-v1-t6-s42-c1500-e10002/audited_summary.json,600,0,0,0
ActMem-VLA,6,42,10002,1500,16,1,532,1,/data/libero_mem_baseline/a100_local_eval_20260910/evaluations/gradientfix-v1-t6-s42-c1500-e10002/audited_summary.json,600,1,1,0
ActMem-VLA,6,42,10002,1500,17,0,600,0,/data/libero_mem_baseline/a100_local_eval_20260910/evaluations/gradientfix-v1-t6-s42-c1500-e10002/audited_summary.json,600,0,0,0
ActMem-VLA,6,42,10002,1500,18,1,525,1,/data/libero_mem_baseline/a100_local_eval_20260910/evaluations/gradientfix-v1-t6-s42-c1500-e10002/audited_summary.json,600,1,1,0
ActMem-VLA,6,42,10002,1500,19,1,532,1,/data/libero_mem_baseline/a100_local_eval_20260910/evaluations/gradientfix-v1-t6-s42-c1500-e10002/audited_summary.json,600,1,1,0
ActMem-VLA,6,42,10003,1500,0,0,600,0,/data/libero_mem_baseline/a100_local_eval_20260910/evaluations/gradientfix-v1-t6-s42-c1500-e10003/audited_summary.json,600,0,0,0
ActMem-VLA,6,42,10003,1500,1,1,595,1,/data/libero_mem_baseline/a100_local_eval_20260910/evaluations/gradientfix-v1-t6-s42-c1500-e10003/audited_summary.json,600,1,1,0
ActMem-VLA,6,42,10003,1500,2,1,517,1,/data/libero_mem_baseline/a100_local_eval_20260910/evaluations/gradientfix-v1-t6-s42-c1500-e10003/audited_summary.json,600,1,1,0
ActMem-VLA,6,42,10003,1500,3,1,600,1,/data/libero_mem_baseline/a100_local_eval_20260910/evaluations/gradientfix-v1-t6-s42-c1500-e10003/audited_summary.json,600,1,1,0
ActMem-VLA,6,42,10003,1500,4,1,600,1,/data/libero_mem_baseline/a100_local_eval_20260910/evaluations/gradientfix-v1-t6-s42-c1500-e10003/audited_summary.json,600,1,1,0
ActMem-VLA,6,42,10003,1500,5,1,553,1,/data/libero_mem_baseline/a100_local_eval_20260910/evaluations/gradientfix-v1-t6-s42-c1500-e10003/audited_summary.json,600,1,1,0
ActMem-VLA,6,42,10003,1500,6,1,579,1,/data/libero_mem_baseline/a100_local_eval_20260910/evaluations/gradientfix-v1-t6-s42-c1500-e10003/audited_summary.json,600,1,1,0
ActMem-VLA,6,42,10003,1500,7,1,558,1,/data/libero_mem_baseline/a100_local_eval_20260910/evaluations/gradientfix-v1-t6-s42-c1500-e10003/audited_summary.json,600,1,1,0
ActMem-VLA,6,42,10003,1500,8,0,600,0,/data/libero_mem_baseline/a100_local_eval_20260910/evaluations/gradientfix-v1-t6-s42-c1500-e10003/audited_summary.json,600,0,0,0
ActMem-VLA,6,42,10003,1500,9,1,569,1,/data/libero_mem_baseline/a100_local_eval_20260910/evaluations/gradientfix-v1-t6-s42-c1500-e10003/audited_summary.json,600,1,1,0
ActMem-VLA,6,42,10003,1500,10,1,524,1,/data/libero_mem_baseline/a100_local_eval_20260910/evaluations/gradientfix-v1-t6-s42-c1500-e10003/audited_summary.json,600,1,1,0
ActMem-VLA,6,42,10003,1500,11,0,600,0,/data/libero_mem_baseline/a100_local_eval_20260910/evaluations/gradientfix-v1-t6-s42-c1500-e10003/audited_summary.json,600,0,0,0
ActMem-VLA,6,42,10003,1500,12,1,573,1,/data/libero_mem_baseline/a100_local_eval_20260910/evaluations/gradientfix-v1-t6-s42-c1500-e10003/audited_summary.json,600,1,1,0
ActMem-VLA,6,42,10003,1500,13,1,561,1,/data/libero_mem_baseline/a100_local_eval_20260910/evaluations/gradientfix-v1-t6-s42-c1500-e10003/audited_summary.json,600,1,1,0
ActMem-VLA,6,42,10003,1500,14,0,600,0,/data/libero_mem_baseline/a100_local_eval_20260910/evaluations/gradientfix-v1-t6-s42-c1500-e10003/audited_summary.json,600,0,0,0
ActMem-VLA,6,42,10003,1500,15,1,577,1,/data/libero_mem_baseline/a100_local_eval_20260910/evaluations/gradientfix-v1-t6-s42-c1500-e10003/audited_summary.json,600,1,1,0
ActMem-VLA,6,42,10003,1500,16,1,577,1,/data/libero_mem_baseline/a100_local_eval_20260910/evaluations/gradientfix-v1-t6-s42-c1500-e10003/audited_summary.json,600,1,1,0
ActMem-VLA,6,42,10003,1500,17,1,561,1,/data/libero_mem_baseline/a100_local_eval_20260910/evaluations/gradientfix-v1-t6-s42-c1500-e10003/audited_summary.json,600,1,1,0
ActMem-VLA,6,42,10003,1500,18,1,597,1,/data/libero_mem_baseline/a100_local_eval_20260910/evaluations/gradientfix-v1-t6-s42-c1500-e10003/audited_summary.json,600,1,1,0
ActMem-VLA,6,42,10003,1500,19,1,544,1,/data/libero_mem_baseline/a100_local_eval_20260910/evaluations/gradientfix-v1-t6-s42-c1500-e10003/audited_summary.json,600,1,1,0
